-- 3.1.1.2  Create an OAGIS User
INSERT INTO `app_user` (`app_user_id`, `login_id`, `password`, `name`, `organization`, `oagis_developer_indicator`)
VALUES
  (1, 'oagis', 'oagis', 'Open Applications Group Developer', 'Open Applications Group', 1);

-- 3.1.1.3	Populate the namespace table
INSERT INTO `namespace` (`namespace_id`, `uri`, `prefix`, `description`, `is_std_nmsp`, `owner_user_id`, `created_by`, `last_updated_by`, `creation_timestamp`, `last_updated_timestamp`)
VALUES
  (1, 'http://www.openapplications.org/oagis/10', '', 'OAGIS release 10 namespace', 1, 1, 1, 1, '2014-06-27 00:00:00', '2014-06-27 00:00:00');

-- 3.1.1.4	Populate the release table
INSERT INTO `release` (`release_id`, `release_num`, `release_note`, `namespace_id`)
VALUES
  (1, '10.1', 'Open Applications Group\nInterface Specification XMLSchemas and Sample XML Files\n\nOAGIS Release 10_1\n\n27 June 2014\n\n\nOAGIS Release 10_1 is a general availability release of OAGIS the release\ndate is 27 June 2014.\n\nThis release is the continuation of the focus on enabling integration that\nthe Open Applications Group and its members are known.\n\nPlease provide all feedback to the OAGI Architecture Team via the Feedback\nForum at: oagis@openapplications.org\n\nThese XML reference files continue to evolve.  Please feel\nfree to use them, but check www.openapplications.org for the most\nrecent updates.\n\nOAGIS Release 10_1 includes:\n\n  - Addition of more Open Parties and Quantities from implementation feedback.\n  - Updates to the ConfirmBOD to make easier to use.\n  - Addtion of DocumentReferences and Attachments for PartyMaster\n  - Support for UN/CEFACT Core Components 3.0.\n  - Support for UN/CEFACT XML Naming and Design Rules 3.0\n  - Support for UN/CEFACT Data Type Catalog 3.1\n  - Support for Standalone BODs using Local elements.\n\n\nNOTICE: We recommend that you install on your root directory drive as the\npaths may be too long otherwise.\n\nAs with all OAGIS releases OAGIS Release 10_1 contains XML Schema. To view\nXML Schema it is recommended that you use an XML IDE, as the complete structure\nof the Business Object Documents are not viewable from a single file.\n\nNote that the sample files were used to verify the XMLSchema\ndevelopment, and do not necessarily reflect actual business\ntransactions.  In many cases,the data entered in the XML files are just\nplaceholder text.  Real-world examples for each transaction will be\nprovided as they become available. If you are interested in providing\nreal-world examples please contact oagis@openapplications.org\n\nPlease send suggestions or bug reports to oagis@openapplications.org\n\nThank you for your interest and support.\n\nBest Regards,\nThe Open Applications Group Architecture Council\n', 1);

-- 3.1.1.5	Populate CDT data
INSERT INTO `xbt` (`xbt_id`, `name`, `builtIn_type`, `subtype_of_xbt_id`)
VALUES
  (1, 'any type', 'xsd:anyType', NULL),
  (2, 'any simple type', 'xsd:anySimpleType', 1),
  (3, 'duration', 'xsd:duration', 2),
  (4, 'date time', 'xsd:dateTime', 2),
  (5, 'time', 'xsd:time', 2),
  (6, 'date', 'xsd:date', 2),
  (7, 'gregorian year month', 'xsd:gYearMonth', 2),
  (8, 'gregorian year', 'xsd:gYear', 2),
  (9, 'gregorian month day', 'xsd:gMonthDay', 2),
  (10, 'gregorian day', 'xsd:gDay', 2),
  (11, 'gregorian month', 'xsd:gMonth', 2),
  (12, 'string', 'xsd:string', 2),
  (13, 'normalized string', 'xsd:normalizedString', 12),
  (14, 'token', 'xsd:token', 13),
  (15, 'boolean', 'xsd:boolean', 2),
  (16, 'base64 binary', 'xsd:base64Binary', 2),
  (17, 'hex binary', 'xsd:hexBinary', 2),
  (18, 'float', 'xsd:float', 2),
  (19, 'decimal', 'xsd:decimal', 2),
  (20, 'integer', 'xsd:integer', 19),
  (21, 'non negative integer', 'xsd:nonNegativeInteger', 20),
  (22, 'positive integer', 'xsd:positiveInteger', 21),
  (23, 'double', 'xsd:double', 2),
  (24, 'any uri', 'xsd:anyURI', 2);

-- 3.1.1.5.2	Populate the cdt_pri table
INSERT INTO `cdt_pri` (`cdt_pri_id`, `name`)
VALUES
  (1, 'Binary'),
  (2, 'Boolean'),
  (3, 'Decimal'),
  (4, 'Double'),
  (5, 'Float'),
  (6, 'Integer'),
  (7, 'NormalizedString'),
  (8, 'String'),
  (9, 'TimeDuration'),
  (10, 'TimePoint'),
  (11, 'Token');

-- 3.1.1.5.3	Populate CDTs in the dt table
INSERT INTO `dt` (`dt_id`, `guid`, `type`, `version_num`, `previous_version_dt_id`, `data_type_term`, `qualifier`, `based_dt_id`, `den`, `content_component_den`, `definition`, `content_component_definition`, `revision_doc`, `state`, `created_by`, `owner_user_id`, `last_updated_by`, `creation_timestamp`, `last_update_timestamp`, `revision_num`, `revision_tracking_num`, `revision_action`, `release_id`, `current_bdt_id`, `is_deprecated`)
VALUES
  (1, 'oagis-id-3bfbbc07cffc47a886496961b0f6b292', 0, '1.0', NULL, 'Amount', NULL, NULL, 'Amount. Type', 'Amount. Content', 'CDT V3.1. An amount is a number of monetary units specified in a currency.', 'A number of monetary units.', '', 3, 1, 1, 1, CURRENT_TIMESTAMP, CURRENT_TIMESTAMP, 0, 0, NULL, NULL, NULL, 0),
  (2, 'oagis-id-689935c2c40445dab6ca3d19043cf71d', 0, '1.0', NULL, 'Binary Object', NULL, NULL, 'Binary Object. Type', 'Binary Object. Content', 'CDT V3.1. A binary object is a sequence of binary digits (bits).', 'A finite sequence of binary digits (bits).', '', 3, 1, 1, 1, CURRENT_TIMESTAMP, CURRENT_TIMESTAMP, 0, 0, NULL, NULL, NULL, 0),
  (3, 'oagis-id-efd26bf9a65b429294356dcc9d22c4fe', 0, '1.0', NULL, 'Code', NULL, NULL, 'Code. Type', 'Code. Content', 'CDT V3.1. A code is a character string of letters, numbers, special characters (except escape sequences), and symbols. It represents a definitive value,\na method, or a property description in an abbreviated or language-independent form that is part of a finite list of allowed values.', 'A character string (letters, figures or symbols) that for brevity and/or language independence may be used to represent or replace a definitive value or text of an attribute.', '', 3, 1, 1, 1, CURRENT_TIMESTAMP, CURRENT_TIMESTAMP, 0, 0, NULL, NULL, NULL, 0),
  (4, 'oagis-id-9ff8dc0294a24f7292b9fe6a8ab3a3eb', 0, '1.0', NULL, 'Date', NULL, NULL, 'Date. Type', 'Date. Content', 'CDT V3.1. A date is a Gregorian calendar representation in various common resolutions: year, month, week, day.', 'The particular point in the progression of date.', '', 3, 1, 1, 1, CURRENT_TIMESTAMP, CURRENT_TIMESTAMP, 0, 0, NULL, NULL, NULL, 0),
  (5, 'oagis-id-c15c79d7332a47939f717943e5ed9e67', 0, '1.0', NULL, 'Date Time', NULL, NULL, 'Date Time. Type', 'Date Time. Content', 'CDT V3.1. A date time identifies a date and time of day to various common resolutions: year, month, week, day, hour, minute, second, and fraction of\nsecond.', 'The particular date and time point in the progression of time.', '', 3, 1, 1, 1, CURRENT_TIMESTAMP, CURRENT_TIMESTAMP, 0, 0, NULL, NULL, NULL, 0),
  (6, 'oagis-id-fc2c841359814eb08104f29e02673f65', 0, '1.0', NULL, 'Duration', NULL, NULL, 'Duration. Type', 'Duration. Content', 'CDT V3.1. A duration is the specification of a length of time without a fixed start or end time, expressed in Gregorian calendar time units (Year, Month,\nWeek, Day) and Hours, Minutes or Seconds.', 'The particular representation of duration.', '', 3, 1, 1, 1, CURRENT_TIMESTAMP, CURRENT_TIMESTAMP, 0, 0, NULL, NULL, NULL, 0),
  (7, 'oagis-id-a308345fa0614437b2593fd7cb0d9f20', 0, '1.0', NULL, 'Graphic', NULL, NULL, 'Graphic. Type', 'Graphic. Content', 'CDT V3.1. A graphic is a diagram, a graph, mathematical curves, or similar vector based representation in binary notation (octets).', 'A finite sequence of binary digits (bits) for graphics.', '', 3, 1, 1, 1, CURRENT_TIMESTAMP, CURRENT_TIMESTAMP, 0, 0, NULL, NULL, NULL, 0),
  (8, 'oagis-id-6b35560a5ca14a1f801e9d32ff5eb502', 0, '1.0', NULL, 'Identifier', NULL, NULL, 'Identifier. Type', 'Identifier. Content', 'CDT V3.1. An identifier is a character string used to uniquely identify one instance of an object within an identification scheme that is managed by an\nagency.', 'A character string used to uniquely identify one instance of an object within an identification scheme that is managed by an agency.', '', 3, 1, 1, 1, CURRENT_TIMESTAMP, CURRENT_TIMESTAMP, 0, 0, NULL, NULL, NULL, 0),
  (9, 'oagis-id-df7fdf7c96394523a533b51854544269', 0, '1.0', NULL, 'Indicator', NULL, NULL, 'Indicator. Type', 'Indicator. Content', 'CDT V3.1. An indicator is a list of two mutually exclusive Boolean values that express the only possible states of a property.', 'The value of the Indicator.', '', 3, 1, 1, 1, CURRENT_TIMESTAMP, CURRENT_TIMESTAMP, 0, 0, NULL, NULL, NULL, 0),
  (10, 'oagis-id-e9f34d8fe0a34d37aca628b612c2b3ce', 0, '1.0', NULL, 'Measure', NULL, NULL, 'Measure. Type', 'Measure. Content', 'CDT V3.1. A measure is a numeric value determined by measuring an object along with the specified unit of measure.', 'The numeric value determined by measuring an object.', '', 3, 1, 1, 1, CURRENT_TIMESTAMP, CURRENT_TIMESTAMP, 0, 0, NULL, NULL, NULL, 0),
  (11, 'oagis-id-8710513002c241dca953ddee1695ff1f', 0, '1.0', NULL, 'Name', NULL, NULL, 'Name. Type', 'Name. Content', 'CDT V3.1. A name is a word or phrase that constitutes the distinctive designation of a person, place, thing or concept.', 'A word or phrase that represents a designation of a person, place, thing or concept.', '', 3, 1, 1, 1, CURRENT_TIMESTAMP, CURRENT_TIMESTAMP, 0, 0, NULL, NULL, NULL, 0),
  (12, 'oagis-id-d90b1011eb27451e9fedccbe7af51e76', 0, '1.0', NULL, 'Number', NULL, NULL, 'Number. Type', 'Number. Content', 'CDT V3.1. A mathematical number that is assigned or is determined by calculation.', 'Mathematical number that is assigned or is determined by calculation.', '', 3, 1, 1, 1, CURRENT_TIMESTAMP, CURRENT_TIMESTAMP, 0, 0, NULL, NULL, NULL, 0),
  (13, 'oagis-id-6f55788519e94b9fb41c371d5c98c0ca', 0, '1.0', NULL, 'Ordinal', NULL, NULL, 'Ordinal. Type', 'Ordinal. Content', 'CDT V3.1. An ordinal number is an assigned mathematical number that represents order or sequence.', 'An assigned mathematical number that represents order or sequence', '', 3, 1, 1, 1, CURRENT_TIMESTAMP, CURRENT_TIMESTAMP, 0, 0, NULL, NULL, NULL, 0),
  (14, 'oagis-id-32ef31dcc7d94cc1ac34dd0067a626ed', 0, '1.0', NULL, 'Percent', NULL, NULL, 'Percent. Type', 'Percent. Content', 'CDT V3.1. A percent is a value representing a fraction of one hundred, expressed as a quotient.', 'Numeric information that is assigned or is determined by percent.', '', 3, 1, 1, 1, CURRENT_TIMESTAMP, CURRENT_TIMESTAMP, 0, 0, NULL, NULL, NULL, 0),
  (15, 'oagis-id-1ed683abe54f496f9ba86f7ae35b703d', 0, '1.0', NULL, 'Picture', NULL, NULL, 'Picture. Type', 'Picture. Content', 'CDT V3.1. A picture is a visual representation of a person, object, or scene in binary notation (octets).', 'A finite sequence of binary digits (bits) for pictures.', '', 3, 1, 1, 1, CURRENT_TIMESTAMP, CURRENT_TIMESTAMP, 0, 0, NULL, NULL, NULL, 0),
  (16, 'oagis-id-d05b0412061b477a82bfa4e14c2d5216', 0, '1.0', NULL, 'Quantity', NULL, NULL, 'Quantity. Type', 'Quantity. Content', 'CDT V3.1. A quantity is a counted number of non-monetary units, possibly including fractions.', 'A counted number of non-monetary units possibly including fractions.', '', 3, 1, 1, 1, CURRENT_TIMESTAMP, CURRENT_TIMESTAMP, 0, 0, NULL, NULL, NULL, 0),
  (17, 'oagis-id-4238ca186cf6482c94b1b95fd18f2305', 0, '1.0', NULL, 'Rate', NULL, NULL, 'Rate. Type', 'Rate. Content', 'CDT V3.1. A rate is a quantity, amount, frequency, or dimensionless factor, measured against an independent base unit, expressed as a quotient.', 'The numerical value of the rate.', '', 3, 1, 1, 1, CURRENT_TIMESTAMP, CURRENT_TIMESTAMP, 0, 0, NULL, NULL, NULL, 0),
  (18, 'oagis-id-783f8d5944054871b574e75da7dd258a', 0, '1.0', NULL, 'Ratio', NULL, NULL, 'Ratio. Type', 'Ratio. Content', 'CDT V3.1. A ratio is a relation between two independent quantities, using the same unit of measure or currency. A ratio can be expressed as either a\nquotient showing the number of times one value contains or is contained within the other, or as a proportion.', 'The quotient or proportion between two independent quantities of the same unit of measure or currency.', '', 3, 1, 1, 1, CURRENT_TIMESTAMP, CURRENT_TIMESTAMP, 0, 0, NULL, NULL, NULL, 0),
  (19, 'oagis-id-b75fa46a2b884d57a46a4934cbd208c7', 0, '1.0', NULL, 'Sound', NULL, NULL, 'Sound. Type', 'Sound. Content', 'CDT V3.1. A sound is any form of an audio file such as audio recordings in binary notation (octets).', 'A finite sequence of binary digits (bits) for sounds.', '', 3, 1, 1, 1, CURRENT_TIMESTAMP, CURRENT_TIMESTAMP, 0, 0, NULL, NULL, NULL, 0),
  (20, 'oagis-id-e5a81582d7604fc2a441d57fd6cdf5ab', 0, '1.0', NULL, 'Text', NULL, NULL, 'Text. Type', 'Text. Content', 'CDT V3.1. Text is a character string such as a finite set of characters generally in the form of words of a language.', 'A character string generally in the form of words of a language.', '', 3, 1, 1, 1, CURRENT_TIMESTAMP, CURRENT_TIMESTAMP, 0, 0, NULL, NULL, NULL, 0),
  (21, 'oagis-id-e80da4c59dbb441b915d70255427f33e', 0, '1.0', NULL, 'Time', NULL, NULL, 'Time. Type', 'Time. Content', 'CDT V3.1. Time is a time of day to various common resolutions ??hour, minute, second and fractions thereof.', 'The particular point in the progression of time.', '', 3, 1, 1, 1, CURRENT_TIMESTAMP, CURRENT_TIMESTAMP, 0, 0, NULL, NULL, NULL, 0),
  (22, 'oagis-id-a06e726d98274399bd6c76fe82a5fbdc', 0, '1.0', NULL, 'Value', NULL, NULL, 'Value. Type', 'Value. Content', 'CDT V3.1. A value is the numerical amount denoted by an algebraic term; a magnitude, quantity, or number.', 'Numeric information that is assigned or is determined by value.', '', 3, 1, 1, 1, CURRENT_TIMESTAMP, CURRENT_TIMESTAMP, 0, 0, NULL, NULL, NULL, 0),
  (23, 'oagis-id-ce7635625e75420d973bcda56bb80a9f', 0, '1.0', NULL, 'Video', NULL, NULL, 'Video. Type', 'Video. Content', 'CDT V3.1. A video is a recording, reproducing or broadcasting of visual images on magnetic tape or digitally in binary notation (octets).', 'A finite sequence of binary digits (bits) for videos.', '', 3, 1, 1, 1, CURRENT_TIMESTAMP, CURRENT_TIMESTAMP, 0, 0, NULL, NULL, NULL, 0);

-- 3.1.1.5.4	Populate the cdt_awd_pri table
INSERT INTO `cdt_awd_pri` (`cdt_awd_pri_id`, `cdt_id`, `cdt_pri_id`, `is_default`)
VALUES
  (1, 1, 3, 1),
  (2, 1, 4, 0),
  (3, 1, 5, 0),
  (4, 1, 6, 0),
  (5, 2, 1, 1),
  (6, 3, 7, 0),
  (7, 3, 8, 0),
  (8, 3, 11, 1),
  (9, 4, 10, 1),
  (10, 5, 10, 1),
  (11, 6, 9, 1),
  (12, 7, 1, 1),
  (13, 8, 7, 0),
  (14, 8, 8, 0),
  (15, 8, 11, 1),
  (16, 9, 2, 1),
  (17, 10, 3, 1),
  (18, 10, 4, 0),
  (19, 10, 5, 0),
  (20, 10, 6, 0),
  (21, 11, 7, 0),
  (22, 11, 8, 0),
  (23, 11, 11, 1),
  (24, 12, 3, 1),
  (25, 12, 4, 0),
  (26, 12, 5, 0),
  (27, 12, 6, 0),
  (28, 13, 6, 1),
  (29, 14, 3, 1),
  (30, 14, 4, 0),
  (31, 14, 5, 0),
  (32, 14, 6, 0),
  (33, 15, 1, 1),
  (34, 16, 3, 1),
  (35, 16, 4, 0),
  (36, 16, 5, 0),
  (37, 16, 6, 0),
  (38, 17, 3, 1),
  (39, 17, 4, 0),
  (40, 17, 5, 0),
  (41, 17, 6, 0),
  (42, 18, 3, 1),
  (43, 18, 4, 0),
  (44, 18, 5, 0),
  (45, 18, 6, 0),
  (46, 18, 8, 0),
  (47, 19, 1, 1),
  (48, 20, 7, 0),
  (49, 20, 8, 1),
  (50, 20, 11, 0),
  (51, 21, 10, 1),
  (52, 22, 3, 1),
  (53, 22, 4, 0),
  (54, 22, 5, 0),
  (55, 22, 6, 0),
  (56, 22, 7, 0),
  (57, 22, 8, 0),
  (58, 22, 11, 0),
  (59, 23, 1, 1);

-- 3.1.1.5.5	Populate the cdt_awd_pri_xps_type_map
INSERT INTO `cdt_awd_pri_xps_type_map` (`cdt_awd_pri_xps_type_map_id`, `cdt_awd_pri_id`, `xbt_id`)
VALUES
  (1, 1, 19),
  (2, 2, 23),
  (3, 2, 18),
  (4, 3, 18),
  (5, 4, 20),
  (6, 4, 22),
  (7, 4, 21),
  (8, 5, 16),
  (9, 5, 17),
  (10, 6, 13),
  (11, 7, 12),
  (12, 8, 14),
  (13, 9, 14),
  (14, 9, 6),
  (15, 9, 5),
  (16, 9, 7),
  (17, 9, 8),
  (18, 9, 9),
  (19, 9, 10),
  (20, 9, 11),
  (21, 10, 14),
  (22, 10, 4),
  (23, 10, 6),
  (24, 10, 5),
  (25, 10, 7),
  (26, 10, 8),
  (27, 10, 9),
  (28, 10, 10),
  (29, 10, 11),
  (30, 11, 14),
  (31, 11, 3),
  (32, 12, 16),
  (33, 12, 17),
  (34, 13, 13),
  (35, 14, 12),
  (36, 15, 14),
  (37, 16, 15),
  (38, 17, 19),
  (39, 18, 23),
  (40, 18, 18),
  (41, 19, 18),
  (42, 20, 20),
  (43, 20, 22),
  (44, 20, 21),
  (45, 21, 13),
  (46, 22, 12),
  (47, 23, 14),
  (48, 24, 19),
  (49, 25, 23),
  (50, 25, 18),
  (51, 26, 18),
  (52, 27, 20),
  (53, 27, 22),
  (54, 27, 21),
  (55, 28, 20),
  (56, 28, 22),
  (57, 28, 21),
  (58, 29, 19),
  (59, 30, 23),
  (60, 30, 18),
  (61, 31, 18),
  (62, 32, 20),
  (63, 32, 22),
  (64, 32, 21),
  (65, 33, 16),
  (66, 33, 17),
  (67, 34, 19),
  (68, 35, 23),
  (69, 35, 18),
  (70, 36, 18),
  (71, 37, 20),
  (72, 37, 22),
  (73, 37, 21),
  (74, 38, 19),
  (75, 39, 23),
  (76, 39, 18),
  (77, 40, 18),
  (78, 41, 20),
  (79, 41, 22),
  (80, 41, 21),
  (81, 42, 19),
  (82, 43, 23),
  (83, 43, 18),
  (84, 44, 18),
  (85, 45, 20),
  (86, 45, 22),
  (87, 45, 21),
  (88, 46, 12),
  (89, 47, 16),
  (90, 47, 17),
  (91, 48, 13),
  (92, 49, 12),
  (93, 50, 14),
  (94, 51, 14),
  (95, 51, 5),
  (96, 52, 19),
  (97, 53, 23),
  (98, 53, 18),
  (99, 54, 18),
  (100, 55, 20),
  (101, 55, 22),
  (102, 55, 21),
  (103, 56, 13),
  (104, 57, 12),
  (105, 58, 14),
  (106, 59, 16),
  (107, 59, 17);

-- 3.1.1.5.6	Populate CDTs’ supplementary component in the dt_sc table
INSERT INTO `dt_sc` (`dt_sc_id`, `guid`, `property_term`, `representation_term`, `definition`, `owner_dt_id`, `min_cardinality`, `max_cardinality`, `based_dt_sc_id`)
VALUES
  (1, 'oagis-id-01497a9692d14c48afa9c242fd1e3155', 'Currency', 'Code', 'The currency of the amount', 1, 0, 1, NULL),
  (2, 'oagis-id-8a5de05a440d4f8892f64365c5274320', 'MIME', 'Code', 'The Multipurpose Internet Mail Extensions(MIME) media type of the binary object', 2, 0, 1, NULL),
  (3, 'oagis-id-b7c12169dfe74e3ca7a9801715fe9046', 'Character Set', 'Code', 'The character set of the binary object if the Multipurpose Internet Mail Extensions (MIME) type is text', 2, 0, 1, NULL),
  (4, 'oagis-id-d1ac8d694e014a3e847ee786ac119c17', 'Filename', 'Name', 'The filename of the binary object', 2, 0, 1, NULL),
  (5, 'oagis-id-5154262bf5d04819b6cdb925c2f3bcec', 'List', 'Identifier', 'The identification of a list of codes', 3, 0, 1, NULL),
  (6, 'oagis-id-e029e54603b046f9934b07f2b6b0f547', 'List Agency', 'Identifier', 'The identification of the agency that manages the code list.', 3, 0, 1, NULL),
  (7, 'oagis-id-bca59a04d77f425282f0c8c2585042fb', 'List Version', 'Identifier', 'The identification of the version of the list of codes.', 3, 0, 1, NULL),
  (8, 'oagis-id-a2773a52c35c45b5915bcb5e3d75e1e6', 'Time Zone', 'Code', 'The time zone to which the date time refers', 5, 0, 1, NULL),
  (9, 'oagis-id-e4928d370c044f46a9745c8519d268ca', 'Daylight Saving', 'Indicator', 'The indication of whether or not this Date Time is in daylight saving', 5, 0, 1, NULL),
  (10, 'oagis-id-0aa9a43f2ee847c2b1669bd6a398addc', 'MIME', 'Code', 'The Multipurpose Internet Mail Extensions (MIME) media type of the graphic.', 7, 0, 1, NULL),
  (11, 'oagis-id-e2c9956699c946d597663f462e55393d', 'Character Set', 'Code', 'The character set of the graphic if the Multipurpose Internet Mail Extensions (MIME) type is text.', 7, 0, 1, NULL),
  (12, 'oagis-id-2aa51dda93d84142902314829e3690b6', 'Filename', 'Name', 'The filename of the graphic', 7, 0, 1, NULL),
  (13, 'oagis-id-1e47a8f55c9d4e82a52857d5e6346a60', 'Scheme', 'Identifier', 'The identification of the identifier scheme.', 8, 0, 1, NULL),
  (14, 'oagis-id-f411b50cf37144319bac82ff3d19878c', 'Scheme Version', 'Identifier', 'The identification of the version of the identifier scheme', 8, 0, 1, NULL),
  (15, 'oagis-id-ca9936a202944ee7aac2ff81570b4cb9', 'Scheme Agency', 'Identifier', 'The identification of the agency that manages the identifier scheme', 8, 0, 1, NULL),
  (16, 'oagis-id-942bdc150d3546eca25814553e83e3e6', 'Unit', 'Code', 'The unit of measure', 10, 0, 1, NULL),
  (17, 'oagis-id-88c3ae617a7b4e5596c4b657207de059', 'Language', 'Code', 'The language used in the corresponding text string', 11, 0, 1, NULL),
  (18, 'oagis-id-a9671a29fe784fd0a5ef6db7b3b5554f', 'MIME', 'Code', 'The Multipurpose Internet Mail Extensions(MIME) media type of the picture', 15, 0, 1, NULL),
  (19, 'oagis-id-a4242ce5ef014e2bb8a779648896e81f', 'Character Set', 'Code', 'The character set of the binary object if the Multipurpose Internet Mail Extensions (MIME) type is text', 15, 0, 1, NULL),
  (20, 'oagis-id-699804a9ed244848838527e44427ad9f', 'Filename', 'Name', 'The filename of the picture', 15, 0, 1, NULL),
  (21, 'oagis-id-64adaa84e5bd437ea4f3f924e5fd6d84', 'Unit', 'Code', 'The unit of measure in which the quantity is expressed', 16, 0, 1, NULL),
  (22, 'oagis-id-7d044cbaaeee4869bc1374e1479527b5', 'Multiplier', 'Value', 'The multiplier of the Rate. Unit. Code or Rate. Currency. Code', 17, 0, 1, NULL),
  (23, 'oagis-id-2fa74710524d4d3096c54cdbec1f97eb', 'Unit', 'Code', 'The unit of measure of the numerator', 17, 0, 1, NULL),
  (24, 'oagis-id-90d9371cdebc40ed84993349e67fcc65', 'Currency', 'Code', 'The currency of the numerator', 17, 0, 1, NULL),
  (25, 'oagis-id-0e9a4909e55c4a8099f571c0f2211b9a', 'Base Multiplier', 'Value', 'The multiplier of the Rate. Base Unit. Code or Rate. Base Currency. Code', 17, 0, 1, NULL),
  (26, 'oagis-id-44a50dbd3991450b888d2f4c5b02479d', 'Base Unit', 'Code', 'The unit of measure of the denominator', 17, 0, 1, NULL),
  (27, 'oagis-id-5a052ccfdd2f4821b2a5cc0e10f17d78', 'Base Currency', 'Code', 'The currency of the denominator', 17, 0, 1, NULL),
  (28, 'oagis-id-e30bcb85d0804fba8b9134e4807bef78', 'MIME', 'Code', 'The Multipurpose Internet Mail Extensions(MIME) media type of the sound', 19, 0, 1, NULL),
  (29, 'oagis-id-592cb12352174039adf23f4778513d68', 'Character Set', 'Code', 'The character set of the binary object if the Multipurpose Internet Mail Extensions (MIME) type is text', 19, 0, 1, NULL),
  (30, 'oagis-id-5d08fe4397404aa8a9e2dce3d8443172', 'Filename', 'Name', 'The filename of the sound', 19, 0, 1, NULL),
  (31, 'oagis-id-ecef05f632a84f658a4012ccb4756a80', 'Language', 'Code', 'The language used in the corresponding text string', 20, 0, 1, NULL),
  (32, 'oagis-id-bedf3bf5c5dd4dd1981ed6e9bbdb716f', 'MIME', 'Code', 'The Multipurpose Internet Mail Extensions(MIME) media type of the video', 23, 0, 1, NULL),
  (33, 'oagis-id-2332e1819b294faa8837e9e86f4890b7', 'Character Set', 'Code', 'The character set of the binary object if the Multipurpose Internet Mail Extensions (MIME) type is text', 23, 0, 1, NULL),
  (34, 'oagis-id-3f192e1c1b724debb53a178bd2a2a497', 'Filename', 'Name', 'The filename of the video', 23, 0, 1, NULL);

-- 3.1.1.5.7	Populate the cdt_sc_awd_pri table
INSERT INTO `cdt_sc_awd_pri` (`cdt_sc_awd_pri_id`, `cdt_sc_id`, `cdt_pri_id`, `is_default`)
VALUES
  (1, 1, 7, 0),
  (2, 1, 8, 0),
  (3, 1, 11, 1),
  (4, 2, 7, 0),
  (5, 2, 8, 0),
  (6, 2, 11, 1),
  (7, 3, 7, 0),
  (8, 3, 8, 0),
  (9, 3, 11, 1),
  (10, 4, 7, 0),
  (11, 4, 8, 0),
  (12, 4, 11, 1),
  (13, 5, 7, 0),
  (14, 5, 8, 0),
  (15, 5, 11, 1),
  (16, 6, 7, 0),
  (17, 6, 8, 0),
  (18, 6, 11, 1),
  (19, 7, 7, 0),
  (20, 7, 8, 0),
  (21, 7, 11, 1),
  (22, 8, 7, 0),
  (23, 8, 8, 0),
  (24, 8, 11, 1),
  (25, 9, 2, 1),
  (26, 10, 7, 0),
  (27, 10, 8, 0),
  (28, 10, 11, 1),
  (29, 11, 7, 0),
  (30, 11, 8, 0),
  (31, 11, 11, 1),
  (32, 12, 7, 0),
  (33, 12, 8, 0),
  (34, 12, 11, 1),
  (35, 13, 7, 0),
  (36, 13, 8, 0),
  (37, 13, 11, 1),
  (38, 14, 7, 0),
  (39, 14, 8, 0),
  (40, 14, 11, 1),
  (41, 15, 7, 0),
  (42, 15, 8, 0),
  (43, 15, 11, 1),
  (44, 16, 7, 0),
  (45, 16, 8, 0),
  (46, 16, 11, 1),
  (47, 17, 7, 0),
  (48, 17, 8, 0),
  (49, 17, 11, 1),
  (50, 18, 7, 0),
  (51, 18, 8, 0),
  (52, 18, 11, 1),
  (53, 19, 7, 0),
  (54, 19, 8, 0),
  (55, 19, 11, 1),
  (56, 20, 7, 0),
  (57, 20, 8, 0),
  (58, 20, 11, 1),
  (59, 21, 7, 0),
  (60, 21, 8, 0),
  (61, 21, 11, 1),
  (62, 22, 3, 1),
  (63, 22, 4, 0),
  (64, 22, 5, 0),
  (65, 22, 6, 0),
  (66, 23, 7, 0),
  (67, 23, 8, 0),
  (68, 23, 11, 1),
  (69, 24, 7, 0),
  (70, 24, 8, 0),
  (71, 24, 11, 1),
  (72, 25, 3, 1),
  (73, 25, 4, 0),
  (74, 25, 5, 0),
  (75, 25, 6, 0),
  (76, 26, 7, 0),
  (77, 26, 8, 0),
  (78, 26, 11, 1),
  (79, 27, 7, 0),
  (80, 27, 8, 0),
  (81, 27, 11, 1),
  (82, 28, 7, 0),
  (83, 28, 8, 0),
  (84, 28, 11, 1),
  (85, 29, 7, 0),
  (86, 29, 8, 0),
  (87, 29, 11, 1),
  (88, 30, 7, 0),
  (89, 30, 8, 0),
  (90, 30, 11, 1),
  (91, 31, 7, 0),
  (92, 31, 8, 0),
  (93, 31, 11, 1),
  (94, 32, 7, 0),
  (95, 32, 8, 0),
  (96, 32, 11, 1),
  (97, 33, 7, 0),
  (98, 33, 8, 0),
  (99, 33, 11, 1),
  (100, 34, 7, 0),
  (101, 34, 8, 0),
  (102, 34, 11, 1);

-- 3.1.1.5.8	Populate the cdt_sc_awd_pri_xps_type_map table
INSERT INTO `cdt_sc_awd_pri` (`cdt_sc_awd_pri_id`, `cdt_sc_id`, `cdt_pri_id`, `is_default`)
VALUES
  (1, 1, 7, 0),
  (2, 1, 8, 0),
  (3, 1, 11, 1),
  (4, 2, 7, 0),
  (5, 2, 8, 0),
  (6, 2, 11, 1),
  (7, 3, 7, 0),
  (8, 3, 8, 0),
  (9, 3, 11, 1),
  (10, 4, 7, 0),
  (11, 4, 8, 0),
  (12, 4, 11, 1),
  (13, 5, 7, 0),
  (14, 5, 8, 0),
  (15, 5, 11, 1),
  (16, 6, 7, 0),
  (17, 6, 8, 0),
  (18, 6, 11, 1),
  (19, 7, 7, 0),
  (20, 7, 8, 0),
  (21, 7, 11, 1),
  (22, 8, 7, 0),
  (23, 8, 8, 0),
  (24, 8, 11, 1),
  (25, 9, 2, 1),
  (26, 10, 7, 0),
  (27, 10, 8, 0),
  (28, 10, 11, 1),
  (29, 11, 7, 0),
  (30, 11, 8, 0),
  (31, 11, 11, 1),
  (32, 12, 7, 0),
  (33, 12, 8, 0),
  (34, 12, 11, 1),
  (35, 13, 7, 0),
  (36, 13, 8, 0),
  (37, 13, 11, 1),
  (38, 14, 7, 0),
  (39, 14, 8, 0),
  (40, 14, 11, 1),
  (41, 15, 7, 0),
  (42, 15, 8, 0),
  (43, 15, 11, 1),
  (44, 16, 7, 0),
  (45, 16, 8, 0),
  (46, 16, 11, 1),
  (47, 17, 7, 0),
  (48, 17, 8, 0),
  (49, 17, 11, 1),
  (50, 18, 7, 0),
  (51, 18, 8, 0),
  (52, 18, 11, 1),
  (53, 19, 7, 0),
  (54, 19, 8, 0),
  (55, 19, 11, 1),
  (56, 20, 7, 0),
  (57, 20, 8, 0),
  (58, 20, 11, 1),
  (59, 21, 7, 0),
  (60, 21, 8, 0),
  (61, 21, 11, 1),
  (62, 22, 3, 1),
  (63, 22, 4, 0),
  (64, 22, 5, 0),
  (65, 22, 6, 0),
  (66, 23, 7, 0),
  (67, 23, 8, 0),
  (68, 23, 11, 1),
  (69, 24, 7, 0),
  (70, 24, 8, 0),
  (71, 24, 11, 1),
  (72, 25, 3, 1),
  (73, 25, 4, 0),
  (74, 25, 5, 0),
  (75, 25, 6, 0),
  (76, 26, 7, 0),
  (77, 26, 8, 0),
  (78, 26, 11, 1),
  (79, 27, 7, 0),
  (80, 27, 8, 0),
  (81, 27, 11, 1),
  (82, 28, 7, 0),
  (83, 28, 8, 0),
  (84, 28, 11, 1),
  (85, 29, 7, 0),
  (86, 29, 8, 0),
  (87, 29, 11, 1),
  (88, 30, 7, 0),
  (89, 30, 8, 0),
  (90, 30, 11, 1),
  (91, 31, 7, 0),
  (92, 31, 8, 0),
  (93, 31, 11, 1),
  (94, 32, 7, 0),
  (95, 32, 8, 0),
  (96, 32, 11, 1),
  (97, 33, 7, 0),
  (98, 33, 8, 0),
  (99, 33, 11, 1),
  (100, 34, 7, 0),
  (101, 34, 8, 0),
  (102, 34, 11, 1);
