SET FOREIGN_KEY_CHECKS = 0;

-- 3.1.1.2  Create an OAGIS User
INSERT INTO `app_user` (`app_user_id`, `login_id`, `password`, `name`, `organization`, `oagis_developer_indicator`)
VALUES
  (1, 'oagis', 'oagis', 'Open Applications Group Developer', 'Open Applications Group', 1);

-- 3.1.1.3	Populate the namespace table
INSERT INTO `namespace` (`namespace_id`, `uri`, `prefix`, `description`, `is_std_nmsp`, `owner_user_id`, `created_by`, `last_updated_by`, `creation_timestamp`, `last_updated_timestamp`)
VALUES
  (1, 'http://www.openapplications.org/oagis/10', '', 'OAGIS release 10 namespace', 1, 1, 1, 1, '2014-06-27 00:00:00', '2014-06-27 00:00:00');

-- 3.1.1.4	Populate the release table
INSERT INTO `release` (`release_id`, `release_num`, `release_note`, `namespace_id`)
VALUES
  (1, '10.1', 'Open Applications Group\nInterface Specification XMLSchemas and Sample XML Files\n\nOAGIS Release 10_1\n\n27 June 2014\n\n\nOAGIS Release 10_1 is a general availability release of OAGIS the release\ndate is 27 June 2014.\n\nThis release is the continuation of the focus on enabling integration that\nthe Open Applications Group and its members are known.\n\nPlease provide all feedback to the OAGI Architecture Team via the Feedback\nForum at: oagis@openapplications.org\n\nThese XML reference files continue to evolve.  Please feel\nfree to use them, but check www.openapplications.org for the most\nrecent updates.\n\nOAGIS Release 10_1 includes:\n\n  - Addition of more Open Parties and Quantities from implementation feedback.\n  - Updates to the ConfirmBOD to make easier to use.\n  - Addtion of DocumentReferences and Attachments for PartyMaster\n  - Support for UN/CEFACT Core Components 3.0.\n  - Support for UN/CEFACT XML Naming and Design Rules 3.0\n  - Support for UN/CEFACT Data Type Catalog 3.1\n  - Support for Standalone BODs using Local elements.\n\n\nNOTICE: We recommend that you install on your root directory drive as the\npaths may be too long otherwise.\n\nAs with all OAGIS releases OAGIS Release 10_1 contains XML Schema. To view\nXML Schema it is recommended that you use an XML IDE, as the complete structure\nof the Business Object Documents are not viewable from a single file.\n\nNote that the sample files were used to verify the XMLSchema\ndevelopment, and do not necessarily reflect actual business\ntransactions.  In many cases,the data entered in the XML files are just\nplaceholder text.  Real-world examples for each transaction will be\nprovided as they become available. If you are interested in providing\nreal-world examples please contact oagis@openapplications.org\n\nPlease send suggestions or bug reports to oagis@openapplications.org\n\nThank you for your interest and support.\n\nBest Regards,\nThe Open Applications Group Architecture Council\n', 1);

-- 3.1.1.5	Populate CDT data
INSERT INTO `xbt` (`xbt_id`, `name`, `builtIn_type`, `subtype_of_xbt_id`)
VALUES
  (1, 'any type', 'xsd:anyType', NULL),
  (2, 'any simple type', 'xsd:anySimpleType', 1),
  (3, 'duration', 'xsd:duration', 2),
  (4, 'date time', 'xsd:dateTime', 2),
  (5, 'time', 'xsd:time', 2),
  (6, 'date', 'xsd:date', 2),
  (7, 'gregorian year month', 'xsd:gYearMonth', 2),
  (8, 'gregorian year', 'xsd:gYear', 2),
  (9, 'gregorian month day', 'xsd:gMonthDay', 2),
  (10, 'gregorian day', 'xsd:gDay', 2),
  (11, 'gregorian month', 'xsd:gMonth', 2),
  (12, 'string', 'xsd:string', 2),
  (13, 'normalized string', 'xsd:normalizedString', 12),
  (14, 'token', 'xsd:token', 13),
  (15, 'boolean', 'xsd:boolean', 2),
  (16, 'base64 binary', 'xsd:base64Binary', 2),
  (17, 'hex binary', 'xsd:hexBinary', 2),
  (18, 'float', 'xsd:float', 2),
  (19, 'decimal', 'xsd:decimal', 2),
  (20, 'integer', 'xsd:integer', 19),
  (21, 'non negative integer', 'xsd:nonNegativeInteger', 20),
  (22, 'positive integer', 'xsd:positiveInteger', 21),
  (23, 'double', 'xsd:double', 2),
  (24, 'any uri', 'xsd:anyURI', 2);

-- 3.1.1.5.2	Populate the cdt_pri table
INSERT INTO `cdt_pri` (`cdt_pri_id`, `name`)
VALUES
  (1, 'Binary'),
  (2, 'Boolean'),
  (3, 'Decimal'),
  (4, 'Double'),
  (5, 'Float'),
  (6, 'Integer'),
  (7, 'NormalizedString'),
  (8, 'String'),
  (9, 'TimeDuration'),
  (10, 'TimePoint'),
  (11, 'Token');

-- 3.1.1.5.3	Populate CDTs in the dt table
INSERT INTO `dt` (`dt_id`, `guid`, `type`, `version_num`, `previous_version_dt_id`, `data_type_term`, `qualifier`, `based_dt_id`, `den`, `content_component_den`, `definition`, `content_component_definition`, `revision_doc`, `state`, `created_by`, `owner_user_id`, `last_updated_by`, `creation_timestamp`, `last_update_timestamp`, `revision_num`, `revision_tracking_num`, `revision_action`, `release_id`, `current_bdt_id`, `is_deprecated`)
VALUES
  (1, 'oagis-id-3bfbbc07cffc47a886496961b0f6b292', 0, '1.0', NULL, 'Amount', NULL, NULL, 'Amount. Type', 'Amount. Content', 'CDT V3.1. An amount is a number of monetary units specified in a currency.', 'A number of monetary units.', '', 3, 1, 1, 1, CURRENT_TIMESTAMP, CURRENT_TIMESTAMP, 0, 0, NULL, NULL, NULL, 0),
  (2, 'oagis-id-689935c2c40445dab6ca3d19043cf71d', 0, '1.0', NULL, 'Binary Object', NULL, NULL, 'Binary Object. Type', 'Binary Object. Content', 'CDT V3.1. A binary object is a sequence of binary digits (bits).', 'A finite sequence of binary digits (bits).', '', 3, 1, 1, 1, CURRENT_TIMESTAMP, CURRENT_TIMESTAMP, 0, 0, NULL, NULL, NULL, 0),
  (3, 'oagis-id-efd26bf9a65b429294356dcc9d22c4fe', 0, '1.0', NULL, 'Code', NULL, NULL, 'Code. Type', 'Code. Content', 'CDT V3.1. A code is a character string of letters, numbers, special characters (except escape sequences), and symbols. It represents a definitive value,\na method, or a property description in an abbreviated or language-independent form that is part of a finite list of allowed values.', 'A character string (letters, figures or symbols) that for brevity and/or language independence may be used to represent or replace a definitive value or text of an attribute.', '', 3, 1, 1, 1, CURRENT_TIMESTAMP, CURRENT_TIMESTAMP, 0, 0, NULL, NULL, NULL, 0),
  (4, 'oagis-id-9ff8dc0294a24f7292b9fe6a8ab3a3eb', 0, '1.0', NULL, 'Date', NULL, NULL, 'Date. Type', 'Date. Content', 'CDT V3.1. A date is a Gregorian calendar representation in various common resolutions: year, month, week, day.', 'The particular point in the progression of date.', '', 3, 1, 1, 1, CURRENT_TIMESTAMP, CURRENT_TIMESTAMP, 0, 0, NULL, NULL, NULL, 0),
  (5, 'oagis-id-c15c79d7332a47939f717943e5ed9e67', 0, '1.0', NULL, 'Date Time', NULL, NULL, 'Date Time. Type', 'Date Time. Content', 'CDT V3.1. A date time identifies a date and time of day to various common resolutions: year, month, week, day, hour, minute, second, and fraction of\nsecond.', 'The particular date and time point in the progression of time.', '', 3, 1, 1, 1, CURRENT_TIMESTAMP, CURRENT_TIMESTAMP, 0, 0, NULL, NULL, NULL, 0),
  (6, 'oagis-id-fc2c841359814eb08104f29e02673f65', 0, '1.0', NULL, 'Duration', NULL, NULL, 'Duration. Type', 'Duration. Content', 'CDT V3.1. A duration is the specification of a length of time without a fixed start or end time, expressed in Gregorian calendar time units (Year, Month,\nWeek, Day) and Hours, Minutes or Seconds.', 'The particular representation of duration.', '', 3, 1, 1, 1, CURRENT_TIMESTAMP, CURRENT_TIMESTAMP, 0, 0, NULL, NULL, NULL, 0),
  (7, 'oagis-id-a308345fa0614437b2593fd7cb0d9f20', 0, '1.0', NULL, 'Graphic', NULL, NULL, 'Graphic. Type', 'Graphic. Content', 'CDT V3.1. A graphic is a diagram, a graph, mathematical curves, or similar vector based representation in binary notation (octets).', 'A finite sequence of binary digits (bits) for graphics.', '', 3, 1, 1, 1, CURRENT_TIMESTAMP, CURRENT_TIMESTAMP, 0, 0, NULL, NULL, NULL, 0),
  (8, 'oagis-id-6b35560a5ca14a1f801e9d32ff5eb502', 0, '1.0', NULL, 'Identifier', NULL, NULL, 'Identifier. Type', 'Identifier. Content', 'CDT V3.1. An identifier is a character string used to uniquely identify one instance of an object within an identification scheme that is managed by an\nagency.', 'A character string used to uniquely identify one instance of an object within an identification scheme that is managed by an agency.', '', 3, 1, 1, 1, CURRENT_TIMESTAMP, CURRENT_TIMESTAMP, 0, 0, NULL, NULL, NULL, 0),
  (9, 'oagis-id-df7fdf7c96394523a533b51854544269', 0, '1.0', NULL, 'Indicator', NULL, NULL, 'Indicator. Type', 'Indicator. Content', 'CDT V3.1. An indicator is a list of two mutually exclusive Boolean values that express the only possible states of a property.', 'The value of the Indicator.', '', 3, 1, 1, 1, CURRENT_TIMESTAMP, CURRENT_TIMESTAMP, 0, 0, NULL, NULL, NULL, 0),
  (10, 'oagis-id-e9f34d8fe0a34d37aca628b612c2b3ce', 0, '1.0', NULL, 'Measure', NULL, NULL, 'Measure. Type', 'Measure. Content', 'CDT V3.1. A measure is a numeric value determined by measuring an object along with the specified unit of measure.', 'The numeric value determined by measuring an object.', '', 3, 1, 1, 1, CURRENT_TIMESTAMP, CURRENT_TIMESTAMP, 0, 0, NULL, NULL, NULL, 0),
  (11, 'oagis-id-8710513002c241dca953ddee1695ff1f', 0, '1.0', NULL, 'Name', NULL, NULL, 'Name. Type', 'Name. Content', 'CDT V3.1. A name is a word or phrase that constitutes the distinctive designation of a person, place, thing or concept.', 'A word or phrase that represents a designation of a person, place, thing or concept.', '', 3, 1, 1, 1, CURRENT_TIMESTAMP, CURRENT_TIMESTAMP, 0, 0, NULL, NULL, NULL, 0),
  (12, 'oagis-id-d90b1011eb27451e9fedccbe7af51e76', 0, '1.0', NULL, 'Number', NULL, NULL, 'Number. Type', 'Number. Content', 'CDT V3.1. A mathematical number that is assigned or is determined by calculation.', 'Mathematical number that is assigned or is determined by calculation.', '', 3, 1, 1, 1, CURRENT_TIMESTAMP, CURRENT_TIMESTAMP, 0, 0, NULL, NULL, NULL, 0),
  (13, 'oagis-id-6f55788519e94b9fb41c371d5c98c0ca', 0, '1.0', NULL, 'Ordinal', NULL, NULL, 'Ordinal. Type', 'Ordinal. Content', 'CDT V3.1. An ordinal number is an assigned mathematical number that represents order or sequence.', 'An assigned mathematical number that represents order or sequence', '', 3, 1, 1, 1, CURRENT_TIMESTAMP, CURRENT_TIMESTAMP, 0, 0, NULL, NULL, NULL, 0),
  (14, 'oagis-id-32ef31dcc7d94cc1ac34dd0067a626ed', 0, '1.0', NULL, 'Percent', NULL, NULL, 'Percent. Type', 'Percent. Content', 'CDT V3.1. A percent is a value representing a fraction of one hundred, expressed as a quotient.', 'Numeric information that is assigned or is determined by percent.', '', 3, 1, 1, 1, CURRENT_TIMESTAMP, CURRENT_TIMESTAMP, 0, 0, NULL, NULL, NULL, 0),
  (15, 'oagis-id-1ed683abe54f496f9ba86f7ae35b703d', 0, '1.0', NULL, 'Picture', NULL, NULL, 'Picture. Type', 'Picture. Content', 'CDT V3.1. A picture is a visual representation of a person, object, or scene in binary notation (octets).', 'A finite sequence of binary digits (bits) for pictures.', '', 3, 1, 1, 1, CURRENT_TIMESTAMP, CURRENT_TIMESTAMP, 0, 0, NULL, NULL, NULL, 0),
  (16, 'oagis-id-d05b0412061b477a82bfa4e14c2d5216', 0, '1.0', NULL, 'Quantity', NULL, NULL, 'Quantity. Type', 'Quantity. Content', 'CDT V3.1. A quantity is a counted number of non-monetary units, possibly including fractions.', 'A counted number of non-monetary units possibly including fractions.', '', 3, 1, 1, 1, CURRENT_TIMESTAMP, CURRENT_TIMESTAMP, 0, 0, NULL, NULL, NULL, 0),
  (17, 'oagis-id-4238ca186cf6482c94b1b95fd18f2305', 0, '1.0', NULL, 'Rate', NULL, NULL, 'Rate. Type', 'Rate. Content', 'CDT V3.1. A rate is a quantity, amount, frequency, or dimensionless factor, measured against an independent base unit, expressed as a quotient.', 'The numerical value of the rate.', '', 3, 1, 1, 1, CURRENT_TIMESTAMP, CURRENT_TIMESTAMP, 0, 0, NULL, NULL, NULL, 0),
  (18, 'oagis-id-783f8d5944054871b574e75da7dd258a', 0, '1.0', NULL, 'Ratio', NULL, NULL, 'Ratio. Type', 'Ratio. Content', 'CDT V3.1. A ratio is a relation between two independent quantities, using the same unit of measure or currency. A ratio can be expressed as either a\nquotient showing the number of times one value contains or is contained within the other, or as a proportion.', 'The quotient or proportion between two independent quantities of the same unit of measure or currency.', '', 3, 1, 1, 1, CURRENT_TIMESTAMP, CURRENT_TIMESTAMP, 0, 0, NULL, NULL, NULL, 0),
  (19, 'oagis-id-b75fa46a2b884d57a46a4934cbd208c7', 0, '1.0', NULL, 'Sound', NULL, NULL, 'Sound. Type', 'Sound. Content', 'CDT V3.1. A sound is any form of an audio file such as audio recordings in binary notation (octets).', 'A finite sequence of binary digits (bits) for sounds.', '', 3, 1, 1, 1, CURRENT_TIMESTAMP, CURRENT_TIMESTAMP, 0, 0, NULL, NULL, NULL, 0),
  (20, 'oagis-id-e5a81582d7604fc2a441d57fd6cdf5ab', 0, '1.0', NULL, 'Text', NULL, NULL, 'Text. Type', 'Text. Content', 'CDT V3.1. Text is a character string such as a finite set of characters generally in the form of words of a language.', 'A character string generally in the form of words of a language.', '', 3, 1, 1, 1, CURRENT_TIMESTAMP, CURRENT_TIMESTAMP, 0, 0, NULL, NULL, NULL, 0),
  (21, 'oagis-id-e80da4c59dbb441b915d70255427f33e', 0, '1.0', NULL, 'Time', NULL, NULL, 'Time. Type', 'Time. Content', 'CDT V3.1. Time is a time of day to various common resolutions ??hour, minute, second and fractions thereof.', 'The particular point in the progression of time.', '', 3, 1, 1, 1, CURRENT_TIMESTAMP, CURRENT_TIMESTAMP, 0, 0, NULL, NULL, NULL, 0),
  (22, 'oagis-id-a06e726d98274399bd6c76fe82a5fbdc', 0, '1.0', NULL, 'Value', NULL, NULL, 'Value. Type', 'Value. Content', 'CDT V3.1. A value is the numerical amount denoted by an algebraic term; a magnitude, quantity, or number.', 'Numeric information that is assigned or is determined by value.', '', 3, 1, 1, 1, CURRENT_TIMESTAMP, CURRENT_TIMESTAMP, 0, 0, NULL, NULL, NULL, 0),
  (23, 'oagis-id-ce7635625e75420d973bcda56bb80a9f', 0, '1.0', NULL, 'Video', NULL, NULL, 'Video. Type', 'Video. Content', 'CDT V3.1. A video is a recording, reproducing or broadcasting of visual images on magnetic tape or digitally in binary notation (octets).', 'A finite sequence of binary digits (bits) for videos.', '', 3, 1, 1, 1, CURRENT_TIMESTAMP, CURRENT_TIMESTAMP, 0, 0, NULL, NULL, NULL, 0);

-- 3.1.1.5.4	Populate the cdt_awd_pri table
INSERT INTO `cdt_awd_pri` (`cdt_awd_pri_id`, `cdt_id`, `cdt_pri_id`, `is_default`)
VALUES
  (1, 1, 3, 1),
  (2, 1, 4, 0),
  (3, 1, 5, 0),
  (4, 1, 6, 0),
  (5, 2, 1, 1),
  (6, 3, 7, 0),
  (7, 3, 8, 0),
  (8, 3, 11, 1),
  (9, 4, 10, 1),
  (10, 5, 10, 1),
  (11, 6, 9, 1),
  (12, 7, 1, 1),
  (13, 8, 7, 0),
  (14, 8, 8, 0),
  (15, 8, 11, 1),
  (16, 9, 2, 1),
  (17, 10, 3, 1),
  (18, 10, 4, 0),
  (19, 10, 5, 0),
  (20, 10, 6, 0),
  (21, 11, 7, 0),
  (22, 11, 8, 0),
  (23, 11, 11, 1),
  (24, 12, 3, 1),
  (25, 12, 4, 0),
  (26, 12, 5, 0),
  (27, 12, 6, 0),
  (28, 13, 6, 1),
  (29, 14, 3, 1),
  (30, 14, 4, 0),
  (31, 14, 5, 0),
  (32, 14, 6, 0),
  (33, 15, 1, 1),
  (34, 16, 3, 1),
  (35, 16, 4, 0),
  (36, 16, 5, 0),
  (37, 16, 6, 0),
  (38, 17, 3, 1),
  (39, 17, 4, 0),
  (40, 17, 5, 0),
  (41, 17, 6, 0),
  (42, 18, 3, 1),
  (43, 18, 4, 0),
  (44, 18, 5, 0),
  (45, 18, 6, 0),
  (46, 18, 8, 0),
  (47, 19, 1, 1),
  (48, 20, 7, 0),
  (49, 20, 8, 1),
  (50, 20, 11, 0),
  (51, 21, 10, 1),
  (52, 22, 3, 1),
  (53, 22, 4, 0),
  (54, 22, 5, 0),
  (55, 22, 6, 0),
  (56, 22, 7, 0),
  (57, 22, 8, 0),
  (58, 22, 11, 0),
  (59, 23, 1, 1);

-- 3.1.1.5.5	Populate the cdt_awd_pri_xps_type_map
INSERT INTO `cdt_awd_pri_xps_type_map` (`cdt_awd_pri_xps_type_map_id`, `cdt_awd_pri_id`, `xbt_id`)
VALUES
  (1, 1, 19),
  (2, 2, 23),
  (3, 2, 18),
  (4, 3, 18),
  (5, 4, 20),
  (6, 4, 22),
  (7, 4, 21),
  (8, 5, 16),
  (9, 5, 17),
  (10, 6, 13),
  (11, 7, 12),
  (12, 8, 14),
  (13, 9, 14),
  (14, 9, 6),
  (15, 9, 5),
  (16, 9, 7),
  (17, 9, 8),
  (18, 9, 9),
  (19, 9, 10),
  (20, 9, 11),
  (21, 10, 14),
  (22, 10, 4),
  (23, 10, 6),
  (24, 10, 5),
  (25, 10, 7),
  (26, 10, 8),
  (27, 10, 9),
  (28, 10, 10),
  (29, 10, 11),
  (30, 11, 14),
  (31, 11, 3),
  (32, 12, 16),
  (33, 12, 17),
  (34, 13, 13),
  (35, 14, 12),
  (36, 15, 14),
  (37, 16, 15),
  (38, 17, 19),
  (39, 18, 23),
  (40, 18, 18),
  (41, 19, 18),
  (42, 20, 20),
  (43, 20, 22),
  (44, 20, 21),
  (45, 21, 13),
  (46, 22, 12),
  (47, 23, 14),
  (48, 24, 19),
  (49, 25, 23),
  (50, 25, 18),
  (51, 26, 18),
  (52, 27, 20),
  (53, 27, 22),
  (54, 27, 21),
  (55, 28, 20),
  (56, 28, 22),
  (57, 28, 21),
  (58, 29, 19),
  (59, 30, 23),
  (60, 30, 18),
  (61, 31, 18),
  (62, 32, 20),
  (63, 32, 22),
  (64, 32, 21),
  (65, 33, 16),
  (66, 33, 17),
  (67, 34, 19),
  (68, 35, 23),
  (69, 35, 18),
  (70, 36, 18),
  (71, 37, 20),
  (72, 37, 22),
  (73, 37, 21),
  (74, 38, 19),
  (75, 39, 23),
  (76, 39, 18),
  (77, 40, 18),
  (78, 41, 20),
  (79, 41, 22),
  (80, 41, 21),
  (81, 42, 19),
  (82, 43, 23),
  (83, 43, 18),
  (84, 44, 18),
  (85, 45, 20),
  (86, 45, 22),
  (87, 45, 21),
  (88, 46, 12),
  (89, 47, 16),
  (90, 47, 17),
  (91, 48, 13),
  (92, 49, 12),
  (93, 50, 14),
  (94, 51, 14),
  (95, 51, 5),
  (96, 52, 19),
  (97, 53, 23),
  (98, 53, 18),
  (99, 54, 18),
  (100, 55, 20),
  (101, 55, 22),
  (102, 55, 21),
  (103, 56, 13),
  (104, 57, 12),
  (105, 58, 14),
  (106, 59, 16),
  (107, 59, 17);

-- 3.1.1.5.6	Populate CDTs’ supplementary component in the dt_sc table
INSERT INTO `dt_sc` (`dt_sc_id`, `guid`, `property_term`, `representation_term`, `definition`, `owner_dt_id`, `min_cardinality`, `max_cardinality`, `based_dt_sc_id`)
VALUES
  (1, 'oagis-id-01497a9692d14c48afa9c242fd1e3155', 'Currency', 'Code', 'The currency of the amount', 1, 0, 1, NULL),
  (2, 'oagis-id-8a5de05a440d4f8892f64365c5274320', 'MIME', 'Code', 'The Multipurpose Internet Mail Extensions(MIME) media type of the binary object', 2, 0, 1, NULL),
  (3, 'oagis-id-b7c12169dfe74e3ca7a9801715fe9046', 'Character Set', 'Code', 'The character set of the binary object if the Multipurpose Internet Mail Extensions (MIME) type is text', 2, 0, 1, NULL),
  (4, 'oagis-id-d1ac8d694e014a3e847ee786ac119c17', 'Filename', 'Name', 'The filename of the binary object', 2, 0, 1, NULL),
  (5, 'oagis-id-5154262bf5d04819b6cdb925c2f3bcec', 'List', 'Identifier', 'The identification of a list of codes', 3, 0, 1, NULL),
  (6, 'oagis-id-e029e54603b046f9934b07f2b6b0f547', 'List Agency', 'Identifier', 'The identification of the agency that manages the code list.', 3, 0, 1, NULL),
  (7, 'oagis-id-bca59a04d77f425282f0c8c2585042fb', 'List Version', 'Identifier', 'The identification of the version of the list of codes.', 3, 0, 1, NULL),
  (8, 'oagis-id-a2773a52c35c45b5915bcb5e3d75e1e6', 'Time Zone', 'Code', 'The time zone to which the date time refers', 5, 0, 1, NULL),
  (9, 'oagis-id-e4928d370c044f46a9745c8519d268ca', 'Daylight Saving', 'Indicator', 'The indication of whether or not this Date Time is in daylight saving', 5, 0, 1, NULL),
  (10, 'oagis-id-0aa9a43f2ee847c2b1669bd6a398addc', 'MIME', 'Code', 'The Multipurpose Internet Mail Extensions (MIME) media type of the graphic.', 7, 0, 1, NULL),
  (11, 'oagis-id-e2c9956699c946d597663f462e55393d', 'Character Set', 'Code', 'The character set of the graphic if the Multipurpose Internet Mail Extensions (MIME) type is text.', 7, 0, 1, NULL),
  (12, 'oagis-id-2aa51dda93d84142902314829e3690b6', 'Filename', 'Name', 'The filename of the graphic', 7, 0, 1, NULL),
  (13, 'oagis-id-1e47a8f55c9d4e82a52857d5e6346a60', 'Scheme', 'Identifier', 'The identification of the identifier scheme.', 8, 0, 1, NULL),
  (14, 'oagis-id-f411b50cf37144319bac82ff3d19878c', 'Scheme Version', 'Identifier', 'The identification of the version of the identifier scheme', 8, 0, 1, NULL),
  (15, 'oagis-id-ca9936a202944ee7aac2ff81570b4cb9', 'Scheme Agency', 'Identifier', 'The identification of the agency that manages the identifier scheme', 8, 0, 1, NULL),
  (16, 'oagis-id-942bdc150d3546eca25814553e83e3e6', 'Unit', 'Code', 'The unit of measure', 10, 0, 1, NULL),
  (17, 'oagis-id-88c3ae617a7b4e5596c4b657207de059', 'Language', 'Code', 'The language used in the corresponding text string', 11, 0, 1, NULL),
  (18, 'oagis-id-a9671a29fe784fd0a5ef6db7b3b5554f', 'MIME', 'Code', 'The Multipurpose Internet Mail Extensions(MIME) media type of the picture', 15, 0, 1, NULL),
  (19, 'oagis-id-a4242ce5ef014e2bb8a779648896e81f', 'Character Set', 'Code', 'The character set of the binary object if the Multipurpose Internet Mail Extensions (MIME) type is text', 15, 0, 1, NULL),
  (20, 'oagis-id-699804a9ed244848838527e44427ad9f', 'Filename', 'Name', 'The filename of the picture', 15, 0, 1, NULL),
  (21, 'oagis-id-64adaa84e5bd437ea4f3f924e5fd6d84', 'Unit', 'Code', 'The unit of measure in which the quantity is expressed', 16, 0, 1, NULL),
  (22, 'oagis-id-7d044cbaaeee4869bc1374e1479527b5', 'Multiplier', 'Value', 'The multiplier of the Rate. Unit. Code or Rate. Currency. Code', 17, 0, 1, NULL),
  (23, 'oagis-id-2fa74710524d4d3096c54cdbec1f97eb', 'Unit', 'Code', 'The unit of measure of the numerator', 17, 0, 1, NULL),
  (24, 'oagis-id-90d9371cdebc40ed84993349e67fcc65', 'Currency', 'Code', 'The currency of the numerator', 17, 0, 1, NULL),
  (25, 'oagis-id-0e9a4909e55c4a8099f571c0f2211b9a', 'Base Multiplier', 'Value', 'The multiplier of the Rate. Base Unit. Code or Rate. Base Currency. Code', 17, 0, 1, NULL),
  (26, 'oagis-id-44a50dbd3991450b888d2f4c5b02479d', 'Base Unit', 'Code', 'The unit of measure of the denominator', 17, 0, 1, NULL),
  (27, 'oagis-id-5a052ccfdd2f4821b2a5cc0e10f17d78', 'Base Currency', 'Code', 'The currency of the denominator', 17, 0, 1, NULL),
  (28, 'oagis-id-e30bcb85d0804fba8b9134e4807bef78', 'MIME', 'Code', 'The Multipurpose Internet Mail Extensions(MIME) media type of the sound', 19, 0, 1, NULL),
  (29, 'oagis-id-592cb12352174039adf23f4778513d68', 'Character Set', 'Code', 'The character set of the binary object if the Multipurpose Internet Mail Extensions (MIME) type is text', 19, 0, 1, NULL),
  (30, 'oagis-id-5d08fe4397404aa8a9e2dce3d8443172', 'Filename', 'Name', 'The filename of the sound', 19, 0, 1, NULL),
  (31, 'oagis-id-ecef05f632a84f658a4012ccb4756a80', 'Language', 'Code', 'The language used in the corresponding text string', 20, 0, 1, NULL),
  (32, 'oagis-id-bedf3bf5c5dd4dd1981ed6e9bbdb716f', 'MIME', 'Code', 'The Multipurpose Internet Mail Extensions(MIME) media type of the video', 23, 0, 1, NULL),
  (33, 'oagis-id-2332e1819b294faa8837e9e86f4890b7', 'Character Set', 'Code', 'The character set of the binary object if the Multipurpose Internet Mail Extensions (MIME) type is text', 23, 0, 1, NULL),
  (34, 'oagis-id-3f192e1c1b724debb53a178bd2a2a497', 'Filename', 'Name', 'The filename of the video', 23, 0, 1, NULL);

-- 3.1.1.5.7	Populate the cdt_sc_awd_pri table
INSERT INTO `cdt_sc_awd_pri` (`cdt_sc_awd_pri_id`, `cdt_sc_id`, `cdt_pri_id`, `is_default`)
VALUES
  (1, 1, 7, 0),
  (2, 1, 8, 0),
  (3, 1, 11, 1),
  (4, 2, 7, 0),
  (5, 2, 8, 0),
  (6, 2, 11, 1),
  (7, 3, 7, 0),
  (8, 3, 8, 0),
  (9, 3, 11, 1),
  (10, 4, 7, 0),
  (11, 4, 8, 0),
  (12, 4, 11, 1),
  (13, 5, 7, 0),
  (14, 5, 8, 0),
  (15, 5, 11, 1),
  (16, 6, 7, 0),
  (17, 6, 8, 0),
  (18, 6, 11, 1),
  (19, 7, 7, 0),
  (20, 7, 8, 0),
  (21, 7, 11, 1),
  (22, 8, 7, 0),
  (23, 8, 8, 0),
  (24, 8, 11, 1),
  (25, 9, 2, 1),
  (26, 10, 7, 0),
  (27, 10, 8, 0),
  (28, 10, 11, 1),
  (29, 11, 7, 0),
  (30, 11, 8, 0),
  (31, 11, 11, 1),
  (32, 12, 7, 0),
  (33, 12, 8, 0),
  (34, 12, 11, 1),
  (35, 13, 7, 0),
  (36, 13, 8, 0),
  (37, 13, 11, 1),
  (38, 14, 7, 0),
  (39, 14, 8, 0),
  (40, 14, 11, 1),
  (41, 15, 7, 0),
  (42, 15, 8, 0),
  (43, 15, 11, 1),
  (44, 16, 7, 0),
  (45, 16, 8, 0),
  (46, 16, 11, 1),
  (47, 17, 7, 0),
  (48, 17, 8, 0),
  (49, 17, 11, 1),
  (50, 18, 7, 0),
  (51, 18, 8, 0),
  (52, 18, 11, 1),
  (53, 19, 7, 0),
  (54, 19, 8, 0),
  (55, 19, 11, 1),
  (56, 20, 7, 0),
  (57, 20, 8, 0),
  (58, 20, 11, 1),
  (59, 21, 7, 0),
  (60, 21, 8, 0),
  (61, 21, 11, 1),
  (62, 22, 3, 1),
  (63, 22, 4, 0),
  (64, 22, 5, 0),
  (65, 22, 6, 0),
  (66, 23, 7, 0),
  (67, 23, 8, 0),
  (68, 23, 11, 1),
  (69, 24, 7, 0),
  (70, 24, 8, 0),
  (71, 24, 11, 1),
  (72, 25, 3, 1),
  (73, 25, 4, 0),
  (74, 25, 5, 0),
  (75, 25, 6, 0),
  (76, 26, 7, 0),
  (77, 26, 8, 0),
  (78, 26, 11, 1),
  (79, 27, 7, 0),
  (80, 27, 8, 0),
  (81, 27, 11, 1),
  (82, 28, 7, 0),
  (83, 28, 8, 0),
  (84, 28, 11, 1),
  (85, 29, 7, 0),
  (86, 29, 8, 0),
  (87, 29, 11, 1),
  (88, 30, 7, 0),
  (89, 30, 8, 0),
  (90, 30, 11, 1),
  (91, 31, 7, 0),
  (92, 31, 8, 0),
  (93, 31, 11, 1),
  (94, 32, 7, 0),
  (95, 32, 8, 0),
  (96, 32, 11, 1),
  (97, 33, 7, 0),
  (98, 33, 8, 0),
  (99, 33, 11, 1),
  (100, 34, 7, 0),
  (101, 34, 8, 0),
  (102, 34, 11, 1);

-- 3.1.1.5.8	Populate the cdt_sc_awd_pri_xps_type_map table
INSERT INTO `cdt_sc_awd_pri_xps_type_map` (`cdt_sc_awd_pri_xps_type_map_id`, `cdt_sc_awd_pri`, `xbt_id`)
VALUES
  (1, 1, 13),
  (2, 2, 12),
  (3, 3, 14),
  (4, 4, 13),
  (5, 5, 12),
  (6, 6, 14),
  (7, 7, 13),
  (8, 8, 12),
  (9, 9, 14),
  (10, 10, 13),
  (11, 11, 12),
  (12, 12, 14),
  (13, 13, 13),
  (14, 14, 12),
  (15, 15, 14),
  (16, 16, 13),
  (17, 17, 12),
  (18, 18, 14),
  (19, 19, 13),
  (20, 20, 12),
  (21, 21, 14),
  (22, 22, 13),
  (23, 23, 12),
  (24, 24, 14),
  (25, 25, 15),
  (26, 26, 13),
  (27, 27, 12),
  (28, 28, 14),
  (29, 29, 13),
  (30, 30, 12),
  (31, 31, 14),
  (32, 32, 13),
  (33, 33, 12),
  (34, 34, 14),
  (35, 35, 13),
  (36, 36, 12),
  (37, 37, 14),
  (38, 38, 13),
  (39, 39, 12),
  (40, 40, 14),
  (41, 41, 13),
  (42, 42, 12),
  (43, 43, 14),
  (44, 44, 13),
  (45, 45, 12),
  (46, 46, 14),
  (47, 47, 13),
  (48, 48, 12),
  (49, 49, 14),
  (50, 50, 13),
  (51, 51, 12),
  (52, 52, 14),
  (53, 53, 13),
  (54, 54, 12),
  (55, 55, 14),
  (56, 56, 13),
  (57, 57, 12),
  (58, 58, 14),
  (59, 59, 13),
  (60, 60, 12),
  (61, 61, 14),
  (62, 62, 19),
  (63, 63, 23),
  (64, 63, 18),
  (65, 64, 18),
  (66, 65, 20),
  (67, 65, 21),
  (68, 65, 22),
  (69, 66, 13),
  (70, 67, 12),
  (71, 68, 14),
  (72, 69, 13),
  (73, 70, 12),
  (74, 71, 14),
  (75, 72, 19),
  (76, 73, 23),
  (77, 73, 18),
  (78, 74, 18),
  (79, 75, 20),
  (80, 75, 21),
  (81, 75, 22),
  (82, 76, 13),
  (83, 77, 12),
  (84, 78, 14),
  (85, 79, 13),
  (86, 80, 12),
  (87, 81, 14),
  (88, 82, 13),
  (89, 83, 12),
  (90, 84, 14),
  (91, 85, 13),
  (92, 86, 12),
  (93, 87, 14),
  (94, 88, 13),
  (95, 89, 12),
  (96, 90, 14),
  (97, 91, 13),
  (98, 92, 12),
  (99, 93, 14),
  (100, 94, 13),
  (101, 95, 12),
  (102, 96, 14),
  (103, 97, 13),
  (104, 98, 12),
  (105, 99, 14),
  (106, 100, 13),
  (107, 101, 12),
  (108, 102, 14);

-- 3.1.1.6.1	Populate the agency_id_list table
INSERT INTO `agency_id_list` (`agency_id_list_id`, `guid`, `enum_type_guid`, `name`, `list_id`, `agency_id`, `version_id`, `definition`)
VALUES
  (1, 'oagis-id-f1df540ef0db48318f3a423b3057955f', 'oagis-id-68a3c03a4ea84562bd783fe2dc8f5487', 'Agency Identification', '3055', 6, 'D13A', 'Schema agency:  UN/CEFACT\nSchema version: 4.5\nSchema date:    02 February 2014\n\nCode list name:     Agency Identification Code\nCode list agency:   UNECE\nCode list version:  D13A');

-- 3.1.1.6.2	Populate the agency_id_list_value table
INSERT INTO `agency_id_list_value` (`agency_id_list_value_id`, `value`, `name`, `definition`, `owner_list_id`)
VALUES
  (1, '1', 'CCC (Customs Co-operation Council)', 'Customs Co-operation Council (now World Customs Organization).', 1),
  (2, '2', 'CEC (Commission of the European Communities)', 'Generic: see also 140, 141, 142, 162.', 1),
  (3, '3', 'IATA (International Air Transport Association)', 'The airline industry\'s international organisation.', 1),
  (4, '4', 'ICC (International Chamber of Commerce)', 'International Chamber of Commerce.', 1),
  (5, '5', 'ISO (International Organization for Standardization)', 'International Organization of Standardization.', 1),
  (6, '6', 'UN/ECE (United Nations - Economic Commission for Europe)', 'United Nations Economic Commission for Europe.', 1),
  (7, '7', 'CEFIC (Conseil Europeen des Federations de l\'Industrie Chimique)', 'EDI project for chemical industry.', 1),
  (8, '8', 'EDIFICE', 'Standardised electronic commerce forum for companies with interests in computing, electronics and telecommunications.', 1),
  (9, '9', 'GS1', 'GS1 (formerly EAN International), an organisation of GS1 Member Organisations, which manages the GS1 System.', 1),
  (10, '10', 'ODETTE', 'Organization for Data Exchange through Tele-Transmission in Europe (European automotive industry project).', 1),
  (11, '11', 'Lloyd\'s register of shipping', 'A register of ocean going vessels maintained by Lloyd\'s of London.', 1),
  (12, '12', 'UIC (International union of railways)', 'International Union of Railways.', 1),
  (13, '13', 'ICAO (International Civil Aviation Organization)', 'International Civil Aviation Organization.', 1),
  (14, '14', 'ICS (International Chamber of Shipping)', 'International Chamber of Shipping.', 1),
  (15, '15', 'RINET (Reinsurance and Insurance Network)', 'Reinsurance and Insurance Network.', 1),
  (16, '16', 'US, D&B (Dun&Bradstreet Corporation)', 'Identifies the Dun&Bradstreet Corporation, United States.', 1),
  (17, '17', 'S.W.I.F.T.', 'Society for Worldwide Interbank Financial Telecommunications s.c.', 1),
  (18, '18', 'Conventions on SAD and transit (EC and EFTA)', 'SAD = Single Administrative Document.', 1),
  (19, '19', 'FRRC (Federal Reserve Routing Code)', 'Federal Reserve Routing Code.', 1),
  (20, '20', 'BIC (Bureau International des Containeurs)', 'The container industry\'s international organization responsible for the issuance of container-related codes.', 1),
  (21, '21', 'Assigned by transport company', 'Codes assigned by a transport company.', 1),
  (22, '22', 'US, ISA (Information Systems Agreement)', 'Codes assigned by the ISA for use by its members.', 1),
  (23, '23', 'FR, EDITRANSPORT', 'French association developing EDI in transport logistics.', 1),
  (24, '24', 'AU, ROA (Railways of Australia)', 'Maintains code lists which are accepted by Australian government railways.', 1),
  (25, '25', 'EDITEX (Europe)', 'EDI group for the textile and clothing industry.', 1),
  (26, '26', 'NL, Foundation Uniform Transport Code', 'Foundation Uniform Transport Code is the EDI organisation for shippers, carriers and other logistic service providers in the Netherlands.', 1),
  (27, '27', 'US, FDA (Food and Drug Administration)', 'U.S. food and drug administration.', 1),
  (28, '28', 'EDITEUR (European book sector electronic data interchange group)', 'Code identifying the pan European user group for the book industry as an organisation responsible for code values in the book industry.', 1),
  (29, '29', 'GB, FLEETNET', 'Association of fleet vehicle hiring and leasing companies in the UK.', 1),
  (30, '30', 'GB, ABTA (Association of British Travel Agencies)', 'ABTA, Association of British Travel Agencies.', 1),
  (31, '31', 'FI, Finish State Railway', 'Finish State Railway.', 1),
  (32, '32', 'PL, Polish State Railway', 'Polish State Railway.', 1),
  (33, '33', 'BG, Bulgaria State Railway', 'Bulgaria State Railway.', 1),
  (34, '34', 'RO, Rumanian State Railway', 'Rumanian State Railway.', 1),
  (35, '35', 'CZ, Tchechian State Railway', 'Tchechian State Railway.', 1),
  (36, '36', 'HU, Hungarian State Railway', 'Hungarian State Railway.', 1),
  (37, '37', 'GB, British Railways', 'British Railways.', 1),
  (38, '38', 'ES, Spanish National Railway', 'Spanish National Railway.', 1),
  (39, '39', 'SE, Swedish State Railway', 'Swedish State Railway.', 1),
  (40, '40', 'NO, Norwegian State Railway', 'Norwegian State Railway.', 1),
  (41, '41', 'DE, German Railway', 'German Railway.', 1),
  (42, '42', 'AT, Austrian Federal Railways', 'Austrian Federal Railways.', 1),
  (43, '43', 'LU, Luxembourg National Railway Company', 'Luxembourg National Railway Company.', 1),
  (44, '44', 'IT, Italian State Railways', 'Italian State Railways.', 1),
  (45, '45', 'NL, Netherlands Railways', 'Netherlands Railways.', 1),
  (46, '46', 'CH, Swiss Federal Railways', 'Swiss Federal Railways.', 1),
  (47, '47', 'DK, Danish State Railways', 'Danish State Railways.', 1),
  (48, '48', 'FR, French National Railway Company', 'French National Railway Company.', 1),
  (49, '49', 'BE, Belgian National Railway Company', 'Belgian National Railway Company.', 1),
  (50, '50', 'PT, Portuguese Railways', 'Portuguese Railways.', 1),
  (51, '51', 'SK, Slovakian State Railways', 'Slovakian State Railways.', 1),
  (52, '52', 'IE, Irish Transport Company', 'Irish Transport Company.', 1),
  (53, '53', 'FIATA (International Federation of Freight Forwarders Associations)', 'International Federation of Freight Forwarders Associations.', 1),
  (54, '54', 'IMO (International Maritime Organisation)', 'International Maritime Organisation.', 1),
  (55, '55', 'US, DOT (United States Department of Transportation)', 'United States Department of Transportation.', 1),
  (56, '56', 'TW, Trade-van', 'Trade-van is an EDI/VAN service centre for customs, transport, and insurance in national and international trade.', 1),
  (57, '57', 'TW, Chinese Taipei Customs', 'Customs authorities of Chinese Taipei responsible for collecting import duties and preventing smuggling.', 1),
  (58, '58', 'EUROFER', 'European steel organisation - EDI project for the', 1),
  (59, '59', 'European steel industry.', 'DE, EDIBAU', 1),
  (60, '60', 'National body responsible for the German codification in the construction area.', '', 1),
  (61, '61', 'Aerospatial (AECMA)', 'A code to identify the Association Europeenne des Constructeurs de Materiel Aeropsatial (European Association of Aerospace Products Manufacturers) as an authorizing agency for code lists.', 1),
  (62, '62', 'US, DIstilled Spirits Council of the United States (DISCUS)', 'United States DIstilled Spirits Council of the United States (DISCUS).', 1),
  (63, '63', 'North Atlantic Treaty Organization (NATO)', 'A code to identify the North Atlantic Treaty Organization (NATO) as an authorizing agency for code lists.', 1),
  (64, '64', 'FR, EDIFRANCE', 'French association responsible for coordination and promotion of EDI application in France.', 1),
  (65, '65', 'GS1 France', 'Organisation responsible for the GS1 System in France.', 1),
  (66, '66', 'MY, Malaysian Customs and Excise', 'Malaysia Royal Customs and Excise.', 1),
  (67, '67', 'MY, Malaysia Central Bank', 'Malaysia Central Bank is a regulatory body set up by the government to charge with promoting economic monetary and credit condition favourable to commercial and industrial activity.', 1),
  (68, '68', 'GS1 Italy', 'Organisation responsible for the GS1 System in Italy.', 1),
  (69, '69', 'US, National Alcohol Beverage Control Association (NABCA)', 'United States National Alcohol Beverage Control Association (NABCA).', 1),
  (70, '70', 'MY, Dagang.Net', 'Malaysia, Dagang.Net is a national clearing house which provide EDI/VAN service for customs, transport, retail and financial and other industries in the national and international trade.', 1),
  (71, '71', 'US, FCC (Federal Communications Commission)', 'A code representing the United States Federal Communication Commission (FCC).', 1),
  (72, '72', 'US, MARAD (Maritime Administration)', 'A code representing the United States Maritime Administration (MARAD) under the Department of Transportation (DOT).', 1),
  (73, '73', 'US, DSAA (Defense Security Assistance Agency)', 'A code representing the United States Defense Security Assistance Agency (DSAA) under the Department of Defense (DOD).', 1),
  (74, '74', 'US, NRC (Nuclear Regulatory Commission)', 'A code representing the United States Nuclear Regulatory Commission (NRC).', 1),
  (75, '75', 'US, ODTC (Office of Defense Trade Controls)', 'A code representing the United States Office of Defense Trade Controls (ODTC) under the Department of State.', 1),
  (76, '76', 'US, ATF (Bureau of Alcohol, Tobacco and Firearms)', 'A code representing the United States Bureau of Alcohol, Tobacco and Firearms, Department of Treasury (ATF).', 1),
  (77, '77', 'US, BXA (Bureau of Export Administration)', 'A code representing the United States Bureau of Export Administration (BXA) under the Department of Commerce (DOC) .', 1),
  (78, '78', 'US, FWS (Fish and Wildlife Service)', 'A code depicting the United States Fish and Wildlife Service (FWS).', 1),
  (79, '79', 'US, OFAC (Office of Foreign Assets Control)', 'A code representing the United States Office of Foreign Assets Controls (OFAC).', 1),
  (80, '80', 'BRMA/RAA - LIMNET - RINET Joint Venture', 'Joint venture between BRMA (Brokers&Reinsurance Markets Association) /RAA (Reinsurance Association of America) - LIMNET (London Insurance Market Network) -RINET (Reinsurance and Insurance Network).', 1),
  (81, '81', 'RU, (SFT) Society for Financial Telecommunications', 'Russian company representing the users of the Global Financial Telecommunication Network (GFTN).', 1),
  (82, '82', 'NO, Enhetsregisteret ved Bronnoysundregisterne', 'The co-ordinating register for companies and business units of companies at the Bronnoysund register centre.', 1),
  (83, '83', 'US, National Retail Federation', 'The National Retail Federation is the trade association for the general merchandise retailing industry. In addition to providing support and education services, they also maintain and publish standard colour and size codes for the retail industry.', 1),
  (84, '84', 'DE, BRD (Gesetzgeber der Bundesrepublik Deutschland)', 'German legislature.', 1),
  (85, '85', 'North America, Telecommunications Industry Forum', 'Trade association representing telecommunications service providers, equipment manufacturers, suppliers to the industry and customers.', 1),
  (86, '86', 'Assigned by party originating the message', 'Codes assigned by the party originating the message.', 1),
  (87, '87', 'Assigned by carrier', 'Codes assigned by the carrier.', 1),
  (88, '88', 'Assigned by owner of operation', 'Assigned by owner of operation (e.g. used in construction).', 1),
  (89, '89', 'Assigned by distributor', 'Codes assigned by a distributor.', 1),
  (90, '90', 'Assigned by manufacturer', 'Codes assigned by a manufacturer.', 1),
  (91, '91', 'Assigned by seller or seller\'s agent', 'Codes assigned by a seller or seller\'s agent.', 1),
  (92, '92', 'Assigned by buyer or buyer\'s agent', 'Codes assigned by a buyer or buyer\'s agent.', 1),
  (93, '93', 'AT, Austrian Customs', 'Austrian customs organization.', 1),
  (94, '94', 'AT, Austrian PTT', 'The Austrian organization responsible for assigning telephone (voice/data) + telex numbers, postcodes, and postal account numbers.', 1),
  (95, '95', 'AU, Australian Customs Service', 'Australian Customs Service.', 1),
  (96, '96', 'CA, Revenue Canada, Customs and Excise', 'Canada Customs and Revenue Agency.', 1),
  (97, '97', 'CH, Administration federale des contributions', 'Indirect taxation (e.g. turn-over/sales taxes).', 1),
  (98, '98', 'CH, Direction generale des douanes', 'Customs (incl. ISO alpha 2 country code).', 1),
  (99, '99', 'CH, Division des importations et exportations, OFAEE', 'Import and export licences.', 1),
  (100, '100', 'CH, Entreprise des PTT', 'Telephone (voice/data) + telex numbers, postcodes, postal account numbers.', 1),
  (101, '101', 'CH, Carbura', 'Centrale suisse pour l\'importation de carburants et combustibles liquides (Oil products).', 1),
  (102, '102', 'CH, Centrale suisse pour l\'importation du charbon', 'Coal.', 1),
  (103, '103', 'CH, Office fiduciaire des importateurs de denrees alimentaires', 'Foodstuff.', 1),
  (104, '104', 'CH, Association suisse code des articles', 'Swiss article numbering association.', 1),
  (105, '105', 'DK, Ministry of taxation, Central Customs and Tax Administration', 'Danish Customs administration.', 1),
  (106, '106', 'FR, Direction generale des douanes et droits indirects', 'French Customs.', 1),
  (107, '107', 'FR, INSEE', 'Institut National de la Statistique et des Etudes Economiques.', 1),
  (108, '108', 'FR, Banque de France', 'Banque de France.', 1),
  (109, '109', 'GB, H.M. Customs&Excise', 'United Kingdom H.M. Customs and Excise.', 1),
  (110, '110', 'IE, Revenue Commissioners, Customs AEP project', 'Ireland Revenue Commissioners Customs Automated Entry Processing project.', 1),
  (111, '111', 'US, U.S. Customs Service', 'United States Customs Service.', 1),
  (112, '112', 'US, U.S. Census Bureau', 'The Bureau of the Census of the U.S. Dept. of Commerce.', 1),
  (113, '113', 'GS1 US', 'Organisation responsible for the GS1 System in the USA.', 1),
  (114, '114', 'US, ABA (American Bankers Association)', 'United States American Bankers Association.', 1),
  (115, '116', 'US, ANSI ASC X12', 'American National Standards Institute ASC X12.', 1),
  (116, '117', 'AT, Geldausgabeautomaten-Service Gesellschaft m.b.H.', 'Austrian Geldausgabeautomaten-Service Gesellschaft m.b.H.', 1),
  (117, '118', 'SE, Svenska Bankfoereningen', 'Swedish bankers association.', 1),
  (118, '119', 'IT, Associazione Bancaria Italiana', 'Italian Associazione Bancaria Italiana.', 1),
  (119, '120', 'IT, Socieata\' Interbancaria per l\'Automazione', 'Italian Socieata\' Interbancaria per l\'Automazione.', 1),
  (120, '121', 'CH, Telekurs AG', 'Swiss Telekurs AG.', 1),
  (121, '122', 'CH, Swiss Securities Clearing Corporation', 'Swiss Securities Clearing Corporation.', 1),
  (122, '123', 'NO, Norwegian Interbank Research Organization', 'Norwegian Interbank Research Organization.', 1),
  (123, '124', 'NO, Norwegian Bankers\' Association', 'Norwegian Bankers\' Association.', 1),
  (124, '125', 'FI, The Finnish Bankers\' Association', 'Finnish Bankers\' Association.', 1),
  (125, '126', 'US, NCCMA (Account Analysis Codes)', 'The United States organization responsible for issuing account analysis codes.', 1),
  (126, '127', 'DE, ARE (AbRechnungs Einheit)', 'A German code for subsidiary unit number.', 1),
  (127, '128', 'BE, Belgian Bankers\' Association', 'Belgian Bankers\' Association.', 1),
  (128, '129', 'BE, Belgian Ministry of Finance', 'VAT numbers.', 1),
  (129, '130', 'DK, Danish Bankers Association', 'Code identifying the organisation responsible for the issuance of bank related codes in Denmark.', 1),
  (130, '131', 'DE, German Bankers Association', 'German Bankers\' Association.', 1),
  (131, '132', 'GB, BACS Limited', 'An organization that operates the United Kingdom\'s electronic fund transfer service on behalf of the major Banks and Building Societies.', 1),
  (132, '133', 'GB, Association for Payment Clearing Services', 'British Association for Payment Clearing Services.', 1),
  (133, '134', 'GB, APACS (Association of payment clearing services)', 'The association which manages the United Kingdom payment clearing system, and among other thing manages the UK bank sort code numbering system.', 1),
  (134, '135', 'GB, The Clearing House', 'British financial transaction clearing house.', 1),
  (135, '136', 'GS1 UK', 'Organisation responsible for the GS1 System in the United Kingdom.', 1),
  (136, '137', 'AT, Verband oesterreichischer Banken und Bankiers', 'Austrian bankers association.', 1),
  (137, '138', 'FR, CFONB (Comite francais d\'organ. et de normalization  bancaires)', 'National body responsible for the French codification in banking activity.', 1),
  (138, '139', 'Universal Postal Union (UPU)', 'The Universal Postal Union (UPU) is an international organization that coordinates postal policies between member nations, and hence the world-wide postal system.', 1),
  (139, '140', 'CEC (Commission of the European Communities), DG/XXI-01', 'Responsible for computerization within Customs area.', 1),
  (140, '141', 'CEC (Commission of the European Communities), DG/XXI-B-1', 'International Commission of the European Communities.', 1),
  (141, '142', 'CEC (Commission of the European Communities), DG/XXXIV', 'Statistical Office of the European Communities: e.g. Geonomenclature.', 1),
  (142, '143', 'NZ, New Zealand Customs', 'New Zealand Customs.', 1),
  (143, '144', 'NL, Netherlands Customs', 'Netherlands Customs.', 1),
  (144, '145', 'SE, Swedish Customs', 'Swedish Customs.', 1),
  (145, '146', 'DE, German Customs', 'German Customs.', 1),
  (146, '147', 'BE, Belgian Customs', 'Belgian Customs.', 1),
  (147, '148', 'ES, Spanish Customs', 'Spanish Customs.', 1),
  (148, '149', 'IL, Israel Customs', 'Israeli Customs.', 1),
  (149, '150', 'HK, Hong Kong Customs', 'Hong Kong Customs.', 1),
  (150, '151', 'JP, Japan Customs', 'Japan Customs.', 1),
  (151, '152', 'SA, Saudi Arabia Customs', 'Saudi Arabia Customs.', 1),
  (152, '153', 'IT, Italian Customs', 'Italian Customs.', 1),
  (153, '154', 'GR, Greek Customs', 'Greek Customs.', 1),
  (154, '155', 'PT, Portuguese Customs', 'Portuguese Customs.', 1),
  (155, '156', 'LU, Luxembourg Customs', 'Luxembourg Customs.', 1),
  (156, '157', 'NO, Norwegian Customs', 'Norwegian Customs.', 1),
  (157, '158', 'FI, Finnish Customs', 'Finnish Customs.', 1),
  (158, '159', 'IS, Iceland Customs', 'Iceland Customs.', 1),
  (159, '160', 'LI, Liechtenstein authority', 'Identification of relevant responsible agency for e.g. banking/financial matters still pending. For e.g. Customs, currency, post/telephone: see relevant CH entry.', 1),
  (160, '161', 'UNCTAD (United Nations - Conference on Trade And', ' Development)', 1),
  (161, '162', 'United Nations - Conference on Trade And Development.', 'CEC (Commission of the European Communities), DG/XIII-D-5 Responsible for TEDIS - incl. CEBIS -, INSIS and CADDIA projects.', 1),
  (162, '163', 'US, FMC (Federal Maritime Commission)', 'United States Federal Maritime Commission.', 1),
  (163, '164', 'US, DEA (Drug Enforcement Agency)', 'United States Drug Enforcement Agency.', 1),
  (164, '165', 'US, DCI (Distribution Codes, INC.)', 'United States Distribution Codes, Inc. organization.', 1),
  (165, '166', 'US, National Motor Freight Classification Association', 'The organisation in the USA which is responsible for code maintenance in the trucking industry.', 1),
  (166, '167', 'US, AIAG (Automotive Industry Action Group)', 'United States Automotive Industry Action Group.', 1),
  (167, '168', 'US, FIPS (Federal Information Publishing Standard)', 'A code issued by the United States National Institute for Science and Technology (NIST) to identify a Federal Information Publishing Standard.', 1),
  (168, '169', 'CA, SCC (Standards Council of Canada)', 'Standards Council of Canada.', 1),
  (169, '170', 'CA, CPA (Canadian Payment Association)', 'Canadian Payment Association.', 1),
  (170, '171', 'NL, Interpay Girale Services', 'Interpay Girale Services.', 1),
  (171, '172', 'NL, Interpay Debit Card Services', 'Interpay Debit Card Services.', 1),
  (172, '173', 'NO, NORPRO', 'Norwegian electronic data interchange standards organization.', 1),
  (173, '174', 'DE, DIN (Deutsches Institut fuer Normung)', 'German standardization institute.', 1),
  (174, '175', 'FCI (Factors Chain International)', 'Factors Chain International.', 1),
  (175, '176', 'BR, Banco Central do Brazil', 'Brazilian central bank.', 1),
  (176, '177', 'AU, LIFA (Life Insurance Federation of Australia)', 'Life Insurance Federation of Australia.', 1),
  (177, '178', 'AU, SAA (Standards Association of Australia)', 'Standards Association of Australia.', 1),
  (178, '179', 'US, Air transport association of America', 'U.S. -based trade association representing the major North American scheduled airlines.', 1),
  (179, '180', 'DE, BIA (Berufsgenossenschaftliches Institut fuer Arbeitssicherheit)', 'German institute of the workmen\'s compensation board.', 1),
  (180, '181', 'Edibuild', 'EDI organization for companies in the construction industry.', 1),
  (181, '182', 'US, Standard Carrier Alpha Code (Motor)', 'Organisation maintaining the SCAC lists and transportation operating in North America.', 1),
  (182, '183', 'US, American Petroleum Institute', 'US-based trade association representing oil and natural gas producers, shippers, refineries, marketers, and major suppliers to the industry.', 1),
  (183, '184', 'AU, ACOS (Australian Chamber of Shipping)', 'The national organisation for the maritime industry in Australia.', 1),
  (184, '185', 'DE, BDI (Bundesverband der Deutschen Industrie e.V.)', 'German industry association.', 1),
  (185, '186', 'US, GSA (General Services Administration)', 'The US General Services Administration.', 1),
  (186, '187', 'US, DLMSO (Defense Logistics Management Standards Office)', 'The Defense Logistics Management Standards Office.', 1),
  (187, '188', 'US, NIST (National Institute of Standards and Technology)', 'The US National Institute of Standards and Technology.', 1),
  (188, '189', 'US, DoD (Department of Defense)', 'The US Department of Defense.', 1),
  (189, '190', 'US, VA (Department of Veterans Affairs)', 'The Department of Veterans Affairs.', 1),
  (190, '191', 'IAPSO (United Nations Inter-Agency Procurement Services Office)', 'United Nations organization responsible for maintaining the United Nations Common Coding System (UNCCS) which is used extensively by UN agencies in procurement and statistical analysis.', 1),
  (191, '192', 'Shipper\'s association', 'Code assigned by a shipper\'s association.', 1),
  (192, '193', 'EU, European Telecommunications Informatics Services (ETIS)', 'European Telecommunications Informatics Services is a non-profit cooperative organisation owned by European public network operators, working in the field of information technology.', 1),
  (193, '194', 'AU, AQIS (Australian Quarantine and Inspection Service)', 'Australian Quarantine and Inspection Service.', 1),
  (194, '195', 'CO, DIAN (Direccion de Impuestos y Aduanas Nacionales)', 'The Colombian customs organization.', 1),
  (195, '196', 'US, COPAS (Council of Petroleum Accounting Society)', 'Organization supplying codes of oil field equipment and tubular goods used by joint operators in the petroleum industry.', 1),
  (196, '197', 'US, DISA (Data Interchange Standards Association)', 'The organization maintaining code lists under the administration of the data interchange standards association.', 1),
  (197, '198', 'CO, Superintendencia Bancaria De Colombia', 'The organization which assigns identification numbers to financial institutions conducting business in Colombia.', 1),
  (198, '199', 'FR, Direction de la Comptabilite Publique', 'The French public accounting office.', 1),
  (199, '200', 'GS1 Netherlands', 'Organisation responsible for the GS1 System in The Netherlands.', 1),
  (200, '201', 'US, WSSA(Wine and Spirits Shippers Association)', 'United States based Wine and Spirits Shippers association.', 1),
  (201, '202', 'PT, Banco de Portugal', 'Portuguese Central Bank.', 1),
  (202, '203', 'FR, GALIA (Groupement pour l\'Amelioration des Liaisons dans l\'Industrie Automobile)', 'The national organisation representing France in ODETTE (Organisation for Data Exchanges through Tele-Transmission in Europe).', 1),
  (203, '204', 'DE, VDA (Verband der Automobilindustrie E.V.)', 'The national organisation representing Germany in ODETTE (Organisation for Data Exchange through Tele-Transmission in Europe).', 1),
  (204, '205', 'IT, ODETTE Italy', 'The national organisation representing Italy in ODETTE (Organisation for Data Exchange through Tele-Transmission in Europe).', 1),
  (205, '206', 'NL, ODETTE Netherlands', 'The national organisation representing Netherlands in ODETTE (Organisation for Data Exchange through Tele-Transmission in Europe).', 1),
  (206, '207', 'ES, ODETTE Spain', 'The national organisation representing Spain in ODETTE (Organisation for Data Exchange through Tele-Transmission in Europe).', 1),
  (207, '208', 'SE, ODETTE Sweden', 'The national organisation representing Scandinavian countries in ODETTE (Organisation for Data Exchange through Tele-Transmission in Europe).', 1),
  (208, '209', 'GB, ODETTE United Kingdom', 'The national organisation representing UK in ODETTE (Organisation for Data Exchange through Tele-Transmission in Europe).', 1),
  (209, '210', 'EU, EDI for financial, informational, cost, accounting, auditing and social areas (EDIFICAS) – Europe', 'European association dealing with accounting and auditing.', 1),
  (210, '211', 'FR, EDI for financial, informational, cost, accounting, auditing and social areas (EDIFICAS) – France', 'French association dealing with accounting and auditing.', 1),
  (211, '212', 'DE, Deutsch Telekom AG', 'German telecommunication services agency.', 1),
  (212, '213', 'JP, NACCS Center (Nippon Automated Cargo Clearance System Operations Organization)', 'NACCS (Nippon Automated Cargo Clearance System Operation Organization) Center is the operations organization of the automated cargo clearance system in Japan.', 1),
  (213, '214', 'US, AISI (American Iron and Steel Institute)', 'American iron and steel institute.', 1),
  (214, '215', 'AU, APCA (Australian Payments Clearing Association)', 'Australian association responsible for the management of payment clearing.', 1),
  (215, '216', 'US, Department of Labor', 'To identify the United States department of labour.', 1),
  (216, '217', 'US, N.A.I.C. (National Association of Insurance Commissioners)', 'To identify the United States, National Association of Insurance Commissioners.', 1),
  (217, '218', 'GB, The Association of British Insurers', 'An association that administers code lists on behalf of the UK insurance community.', 1),
  (218, '219', 'FR, d\'ArvA', 'Value added network administering insurance code lists on behalf of the French insurance community.', 1),
  (219, '220', 'FI, Finnish tax board', 'Finnish tax board.', 1),
  (220, '221', 'FR, CNAMTS (Caisse Nationale de l\'Assurance Maladie des Travailleurs Salaries)', 'The French public institution funding health-care for salaried workers.', 1),
  (221, '222', 'DK, Danish National Board of Health', 'The national authority responsible for the supervision of health activities in Denmark.', 1),
  (222, '223', 'DK, Danish Ministry of Home Affairs', 'The ministry responsible for all interior affairs concerning the Danish people.', 1),
  (223, '224', 'US, Aluminum Association', 'Organization that assigns identification numbers for the aluminum industry.', 1),
  (224, '225', 'US, CIDX (Chemical Industry Data Exchange)', 'Organization that assigns identification numbers for the chemical Industry.', 1),
  (225, '226', 'US, Carbide Manufacturers', 'Organization that assigns identification numbers for the iron and carbide manufacturing industry.', 1),
  (226, '227', 'US, NWDA (National Wholesale Druggist Association)', 'Organization that assigns identification numbers for the wholesale drug industry.', 1),
  (227, '228', 'US, EIA (Electronic Industry Association)', 'Organization that assigns identification numbers for the electronic industry.', 1),
  (228, '229', 'US, American Paper Institute', 'Organization that assigns identification numbers for the American paper industry.', 1),
  (229, '230', 'US, VICS (Voluntary Inter-Industry Commerce Standards)', 'Organization that assigns identification numbers for the retail industry.', 1),
  (230, '231', 'Copper and Brass Fabricators Council', 'Organization that assigns identification numbers for the copper and brass fabricators industry.', 1),
  (231, '232', 'GB, Inland Revenue', 'Code identifying the government department responsible for assessing and collecting revenue consisting of taxes and inland duties in Great Britain.', 1),
  (232, '233', 'US, OMB (Office of Management and Budget)', 'Codes are assigned by the United States Office of Management and Budget.', 1),
  (233, '234', 'DE, Siemens AG', 'Siemens AG, Germany.', 1),
  (234, '235', 'AU, Tradegate (Electronic Commerce Australia)', 'Australian industry body coordinating codes for use in local and international commerce and trade.', 1),
  (235, '236', 'US, United States Postal Service (USPS)', 'Code specifying the official postal service of the United States.', 1),
  (236, '237', 'US, United States health industry', 'Code assigned by the United States health industry.', 1),
  (237, '238', 'US, TDCC (Transportation Data Coordinating Committee)', 'United States Transportation Data Coordinating Committee.', 1),
  (238, '239', 'US, HL7 (Health Level 7)', 'United States, electronic data interchange standards-making organization, Health Level 7.', 1),
  (239, '240', 'US, CHIPS (Clearing House Interbank Payment Systems)', 'United States financial clearing house.', 1),
  (240, '241', 'PT, SIBS (Sociedade Interbancaria de Servicos)', 'Portuguese automated clearing house.', 1),
  (241, '244', 'US, Department of Health and Human Services', 'United States Department of Health and Human Services.', 1),
  (242, '245', 'GS1 Denmark', 'Organisation responsible for the GS1 System in Denmark.', 1),
  (243, '246', 'GS1 Germany', 'Organisation responsible for the GS1 System in Germany.', 1),
  (244, '247', 'US, HBICC (Health Industry Business Communication Council)', 'Code identifying the United States HIBCC (Health Industry Business Communication Council).', 1),
  (245, '248', 'US, ASTM (American Society of Testing and Materials)', 'A not-for-profit organization that provides a forum for producers, users, ultimate consumers, and those having a general interest (representatives of government and academia) to meet on common ground and write standards for materials, products, systems, and services.', 1),
  (246, '249', 'IP (Institute of Petroleum)', 'An independent European centre for the advancement and dissemination of technical, economic and professional knowledge relating to the international oil and gas industry.', 1),
  (247, '250', 'US, UOP (Universal Oil Products)', 'An United States based organization that provides products, services and technology primarily in the areas of petroleum refining, olefins, aromatics, and gas processing.', 1),
  (248, '251', 'AU, HIC (Health Insurance Commission)', 'Australian agency responsible for administering the Health Insurance Act.', 1),
  (249, '252', 'AU, AIHW (Australian Institute of Health and Welfare)', 'Australian statutory authority responsible for the national collection of health related statistics and health related data definitions.', 1),
  (250, '253', 'AU, NCCH (National Centre for Classification in Health)', 'Australian national authority responsible for healthcare classifications.', 1),
  (251, '254', 'AU, DOH (Australian Department of Health)', 'Australian government department responsible for administration of health policy.', 1),
  (252, '255', 'AU, ADA (Australian Dental Association)', 'Industry association responsible for the classification of dental services in Australia.', 1),
  (253, '256', 'US, AAR (Association of American Railroads)', 'The official United States organization of the railroads in North America.', 1),
  (254, '257', 'ECCMA (Electronic Commerce Code Management Association)', 'The Electronic Commerce Code Management Association, a not for profit membership organization, which manages codes used in electronic commerce.', 1),
  (255, '258', 'JP, Japanese Ministry of Transport', 'Japanese Ministry of Transport.', 1),
  (256, '259', 'JP, Japanese Maritime Safety Agency', 'Japanese Maritime Safety Agency.', 1),
  (257, '260', 'Ediel Nordic forum', 'A code to identify Ediel Nordic forum, which is an organization standardizing the use of EDI between the participants in the Nordic power market.', 1),
  (258, '261', 'EEG7, European Expert Group 7 (Insurance)', 'European Expert Group 7 for Insurance.', 1),
  (259, '262', 'DE, GDV (Gesamtverband der Deutschen Versicherungswirtschaft e.V.)', 'Gesamtverband der Deutschen Versicherungswirtschaft e.V. (German Insurance Association).', 1),
  (260, '263', 'CA, CSIO (Centre for Study of Insurance Operations)', 'The Centre for Study of Insurance Operations (CSIO) in Canada.', 1),
  (261, '264', 'FR, AGF (Assurances Generales de France)', 'Code lists are administered by Assurances Generales de France (AGF).', 1),
  (262, '265', 'SE, Central bank', 'Swedish central bank.', 1),
  (263, '266', 'US, DoA (Department of Agriculture)', 'Department of Agriculture, United States federal agency.', 1),
  (264, '267', 'RU, Central Bank of Russia', 'Central bank of Russia.', 1),
  (265, '268', 'FR, DGI (Direction Generale des Impots)', 'French taxation authority.', 1),
  (266, '269', 'GRE (Reference Group of Experts)', 'An international association that administers code lists on behalf of business credit information users and providers.', 1),
  (267, '270', 'Concord EDI group', 'An organisation of international transport equipment leasing companies and transport equipment repair providers responsible for promoting the use of EDI standards and standard business terms.', 1),
  (268, '271', 'InterContainer InterFrigo', 'European railway associated organisation involved in the transport of containers by rail.', 1),
  (269, '272', 'Joint Automotive Industry agency', 'The Joint Automotive Industry (JAI) agency is in charge of code lists that are common to automotive industry groups.', 1),
  (270, '273', 'CH, SCC (Swiss Chambers of Commerce)', 'Swiss Chambers of Commerce.', 1),
  (271, '274', 'ITIGG (International Transport Implementation Guidelines  Group)', 'ITIGG is the UN/EDIFACT transport message development group\'s organisation responsible for the issuance of globally harmonised transport-related codes.', 1),
  (272, '275', 'ES, Banco de España', 'The Spanish central bank.', 1),
  (273, '276', 'Assigned by Port Community', 'Codes assigned by the Port Community.', 1),
  (274, '277', 'BIGNet (Business Information Group Network)', 'Identifies the Business Information Group Network, an international trade alliance that administers code lists on behalf of business information users and providers.', 1),
  (275, '278', 'Eurogate', 'An international trade alliance that administers code lists on behalf of business information users and providers.', 1),
  (276, '279', 'NL, Graydon', 'Identifies the Graydon Corporation in the Netherlands.', 1),
  (277, '280', 'FR, Euler', 'A company in France responsible for assigning codes in the credit insurance industry.', 1),
  (278, '281', 'GS1 Belgium and Luxembourg ', 'Organisation responsible for the GS1 System in Belgium and Luxembourg.', 1),
  (279, '282', 'DE, Creditreform International e.V.', 'Identifies the Creditreform International e.V. in Germany (e.V.: eingetragener Verein).', 1),
  (280, '283', 'DE, Hermes Kreditversicherungs AG', 'Identifies the Hermes Kreditversicherungs AG in Germany (AG: Aktiengesellschaft).', 1),
  (281, '284', 'TW, Taiwanese Bankers\' Association', 'Code identifying the organization responsible for the issuance of bank related codes in Taiwan.', 1),
  (282, '285', 'ES, Asociación Española de Banca', 'Code identifying the organization responsible for the issuance of bank related codes in Spain.', 1),
  (283, '286', 'SE, TCO (Tjänstemännes Central Organisation)', 'The Swedish Confederation of Professional Employees.', 1),
  (284, '287', 'DE, FORTRAS (Forschungs- und Entwicklungsgesellschaft für Transportwesen GMBH)', 'German research and development institute for transport matters.', 1),
  (285, '288', 'OSJD (Organizacija Sotrudnichestva Zeleznih Dorog)', 'Code identifying OSJD, Organisation for Co-operation of Railways.', 1),
  (286, '289', 'JP,JIPDEC/ECPC  (Japan Information Processing Development Center / Electronic Commerce Promotion Center)', 'JIPDEC/ECPC is a nonprofit foundation for promoting electronic commerce, and is the registration agency of the standard company code in Japan.', 1),
  (287, '290', 'JP, JAMA', 'Japan Automobile Manufacturers Association, Inc.', 1),
  (288, '291', 'JP, JAPIA', 'Japan Auto Parts Industries Association.', 1),
  (289, '292', 'FI, TIEKE The Information Technology Development Centre of Finland', 'The national organization representing Finland in electronic data interchange for trade and industry.', 1),
  (290, '293', 'DE, BDEW (Bundesverband der Energie- und Wasserwirtschaft  e.V.)', 'The Federal Association of Energy and Water (BDEW) is the trade association of the German industries for natural gas, electricity supply, long-distance heating and water supply.', 1),
  (291, '294', 'GS1 Austria', 'Organisation responsible for the GS1 System in Austria.', 1),
  (292, '295', 'AU, Australian Therapeutic Goods Administration', 'Austrialian administration responsible for the regulation of therapeutic goods in Australia.', 1),
  (293, '296', 'ITU (International Telecommunication Union)', 'International Telecommunication Union.', 1),
  (294, '297', 'IT, Ufficio IVA', 'Ufficio responsabile gestione partite IVA is the Italian Institute issuing VAT registration numbers.', 1),
  (295, '298', 'GS1 Spain', 'Organisation responsible for the GS1 System in Spain.', 1),
  (296, '299', 'BE, Seagha', 'Organisation responsible for assigning maritime related identification numbers in Belgian ports.', 1),
  (297, '300', 'SE, Swedish International Freight Association', 'Swedish International Freight Association (SIFA).', 1),
  (298, '301', 'DE, BauDatenbank GmbH', 'The organisation responsible for issuing and maintaining commodity codes for use in the German construction industry.', 1),
  (299, '302', 'DE, Bundesverband des Deutschen Textileinzelhandels e.V.', 'The organisation responsible for issuing and maintaining commodity codes for use in the German textile industry.', 1),
  (300, '303', 'GB, Trade Service Information Ltd (TSI)', 'A United Kingdom authority responsible for the allocation of identification codes to products in the building sector.', 1),
  (301, '304', 'DE, Bundesverband Deutscher Heimwerker-, Bau- und Gartenfachmaerkte e.V.', 'The organisation responsible for issuing and maintaining commodity codes for use in German stores for do-it-yourself, construction and garden articles.', 1),
  (302, '305', 'ETSO (European Transmission System Operator)', 'The European organisation representing the electrical industry transmission system operators.', 1),
  (303, '306', 'SMDG (Ship-planning Message Design Group)', 'User Group for Shipping Lines and Container Terminals.', 1),
  (304, '307', 'JP, Ministry of Justice', 'Japanese Ministry of Justice.', 1),
  (305, '309', 'JP, JASTPRO (Japan Association for Simplification of International Trade Procedures)', 'JASTPRO is a nonprofit organization for simplifying international trade procedures and is the responsible agency for the registration of the \"Japan Exporters and Importers Standard Code\".', 1),
  (306, '310', 'DE, SAP AG (Systeme, Anwendungen und Produkte)', 'Systeme, Anwendungen und Produkte (German software company).', 1),
  (307, '311', 'JP, TDB (Teikoku Databank, Ltd.)', 'TDB (Teikoku Databank, Ltd.) conducts corporate credit research and maintains company codes based on research activities for supporting business transactions in Japan.', 1),
  (308, '312', 'FR, AGRO EDI EUROPE', 'French association developing EDI in the agricultural and food processing sectors.', 1),
  (309, '313', 'FR, Groupement National Interprofessionnel des Semences et  Plants', 'French organization of seed and plant professionals responsible for assigning codes in the botanical seed sectors.', 1),
  (310, '314', 'OAGi (Open Applications Group, Incorporated)', 'Open Applications Group, Incorporated.', 1),
  (311, '315', 'US, STAR (Standards for Technology in Automotive Retail)', 'Standards for Technology in Automotive Retail.', 1),
  (312, '316', 'GS1 Finland', 'Organisation responsible for the GS1 system in Finland.', 1),
  (313, '317', 'GS1 Brazil', 'Organisation responsible for the GS1 system in Brazil.', 1),
  (314, '318', 'IETF (Internet Engineering Task Force)', 'IETF - Internet Engineering Task Force.', 1),
  (315, '319', 'FR, GTF', 'Group of Terrestrial Freight Forwarders.', 1),
  (316, '320', 'DK, Danish National IT and Telcom Agency (ITA)', 'Code specifying the Danish National IT and Telcom Agency as codelist responsible Agency.', 1),
  (317, '321', 'EASEE-Gas (European Association for the Streamlining of Energy Exchange for gas)', 'The European organization whose working group Edig@s is responsible for the management of gas related codes and messages.', 1),
  (318, '322', 'IS, ICEPRO', 'Icelandic committee of e-commerce and trade procedures.', 1),
  (319, '323', 'PROTECT', 'A group of European ports, national competent authorities and port community systems exchanging information about dangerous goods and vessel movements.', 1),
  (320, '324', 'GS1 Ireland', 'Organisation responsible for the GS1 system in Ireland.', 1),
  (321, '325', 'GS1 Russia', 'Organisation responsible for the GS1 system in Russia.', 1),
  (322, '326', 'GS1 Poland', 'Organisation responsible for the GS1 system in Poland.', 1),
  (323, '327', 'GS1 Estonia', 'Organisation responsible for the GS1 system in Estonia.', 1),
  (324, '328', 'Assigned by ultimate recipient of the message', 'A code assigned by the party who is the ultimate recipient of the message.', 1),
  (325, '329', 'Assigned by loading dock operator', 'The code is assigned by the operator of a loading dock.', 1),
  (326, '330', 'ebIX (European forum for energy Business Information  eXchange)', 'A code to identify the European forum for energy Business Information eXchange, which is an organization standardizing the use of EDI between the participants in the European energy market.', 1),
  (327, '331', 'US, Agricultural Marketing Service (AMS)', 'A division of the US Department of Agriculture. AMS inspects and grades agricultural products and gathers import and export statistics for farm products.', 1),
  (328, '332', 'DE, DVGW Service&Consult GmbH', 'Subsidiary of DVGW German Technical and Scientific Association for Gas and Water. As a technical standardization organization, the DVGW promotes technical standards for the production, transportation, distribution and use of gas and drinking water in the Federal Republic of Germany.', 1),
  (329, '333', 'US, Animal and Plant Health Inspection Service (APHIS)', 'A division of the US Department of Agriculture. APHIS regulates the import and export of plants, animals and their products.', 1),
  (330, '334', 'US, Bureau of Labor Statistics (BLS)', 'A division of the US Department of Labor. BLS is the principal fact-finding agency for the Federal Government in the broad field of labor economics and statistics.', 1),
  (331, '335', 'US, Bureau of Transportation Statistics (BTS)', 'A division of the US Department of Transportation. BTS administers data collection, analysis, and reporting and to ensure the most cost-effective use of transportation-monitoring resources.', 1),
  (332, '336', 'US, Customs and Border Protection (CBP)', 'A division of US Department of Homeland Security.', 1),
  (333, '337', 'US, Center for Disease Control (CDC)', 'A division of the US Department of Health and Human Services. CDC promotes health and quality of life by preventing and controlling disease, injury, and disability.', 1),
  (334, '338', 'US, Consumer Product Safety Commission (CPSC)', 'An independent commission within the US federal government. CPSC works to protect consumers from products that pose a fire, electrical, chemical, or mechanical hazard or can injure children.', 1),
  (335, '339', 'US, Directorate of Defense Trade Controls (DDTC)', 'A division of the US Department of State. DDTC is charged with controlling the export and temporary import of defense articles and defense services covered by the United States.', 1),
  (336, '340', 'US, Environmental Protection Agency (EPA)', 'An independent agency within the US federal government. EPA registers and controls imports of pesticides, Ozone Depleting Substances, and bulk chemicals; controls conformity of vehicles and engines to the Clean Air Act, and tracks hazardous wastes.', 1),
  (337, '341', 'US, Federal Aviation Administration (FAA)', 'A division of the US Department of Transportation. FAA is responsible for the safety of hazardous materials shipments when flown into and from US air space.', 1),
  (338, '342', 'US, Foreign Agriculture Service (FAS)', 'A division of the US Department of Agriculture. FAS works to improve foreign market access for US products, build new markets, improve the competitive position of US agriculture in the global marketplace, and provide food aid and technical assistance to foreign countries.', 1),
  (339, '343', 'US, Federal Motor Carrier Safety Administration (FMCSA)', 'A division of the US Department of Transportation. FMCSA is focused on reducing crashes, injuries, and fatalities involving large trucks and buses.', 1),
  (340, '344', 'US, Food Safety Inspection Service (FSIS)', 'A division of the US Department of Agriculture. FSIS is responsible for ensuring that the nation\'s commercial supply of meat, poultry, and egg products is safe,  wholesome, and correctly labeled and packaged.', 1),
  (341, '345', 'US, Foreign Trade Zones Board (FTZB)', 'FTZB licenses, regulates, and monitors the activity of foreign-trade zones (FTZ) in the United States.', 1),
  (342, '346', 'US, The Grain Inspection, Packers and Stockyards  Administration (GIPSA)', 'A division of the US Department of Agriculture. GIPSA facilitates the marketing of livestock, poultry, meat, cereals, oilseeds, and related agricultural products, and promotes fair and competitive trading practices for the overall benefit of consumers and American agriculture.', 1),
  (343, '347', 'US, Import Administration (IA)', 'A division of the US Department of Commerce. IA enforces the US unfair trade laws (i.e., the anti-dumping and countervailing duty laws) and develops and implements other policies and programs aimed at countering foreign unfair trade practices.', 1),
  (344, '348', 'US, Internal Revenue Service (IRS)', 'A division of the US Department of the Treasury. IRS collects excise taxes on imports and on conveyances involved in international traffic.', 1),
  (345, '349', 'US, International Trade Commission (ITC)', 'An independent commission. ITC investigates the effects of dumped and subsidized imports on domestic industries and conducts global safeguard investigations.', 1),
  (346, '350', 'US, National Highway Traffic Safety Administration (NHTSA)', 'A division of the US Department of Transportation. NHTSA monitors the importation of motor vehicles and motor vehicle equipment to ensure compliance with applicable Federal motor vehicle safety standards.', 1),
  (347, '351', 'US, National Marine Fisheries Service (NMFS)', 'A division of the US Department of Commerce. NMFS issues permits to support their effort to regulate commercial and recreational international transactions involving resources such as such as swordfish, tooth fish, and tuna while overseeing the management, conservation and protection of living marine resources within the areas of ocean surrounding the United States.', 1),
  (348, '352', 'US, Office of Fossil Energy (OFE)', 'A division of the US Department of Energy.', 1),
  (349, '353', 'US, Office of Foreign Missions (OFM)', 'A division of the US Department of State. OFM provides the legal foundation to facilitate secure and efficient operations of US missions abroad, and of foreign missions and international organizations in the United States.', 1),
  (350, '354', 'US, Bureau of Oceans and International Environmental and Scientific Affairs (OES)', 'A division of the US Department of State. OES works withissues surrounding foreign policy formulation and implementation in global environment, science, and technology.', 1),
  (351, '355', 'US, Office of Naval Intelligence (ONI)', 'A division of the US Department of Defense (Navy).', 1),
  (352, '356', 'US, Pipeline and Hazardous Materials Safety Administration (PHMSA)', 'A division of the US Department of Transportation. PHMSA works to protect the American public and the environment by ensuring the safe and secure movement of hazardous materials to industry and consumers by all transportation modes, including the nation\'s pipelines.', 1),
  (353, '357', 'US, Alcohol and Tobacco Tax and Trade Bureau (TTB)', 'A division of the US Department of the Treasury. TTB collects alcohol, tobacco, firearms, and ammunition excise taxes; to ensure that these products are labeled, advertised, and marketed in accordance with the law; and administers the laws and regulations.', 1),
  (354, '358', 'US, Army Corp of Engineers (USACE)', 'A division of the US Department of Defense (Army). USACE protects the US aquatic resources, while allowing reasonable development through fair, flexible and balanced permit decisions.', 1),
  (355, '359', 'US, Agency for International Development (USAID)', 'USAID is an independent US federal government agency. USAID supports long-term and equitable economic growth and advances US foreign policy objectives.', 1),
  (356, '360', 'US, Coast Guard (USCG)', 'A division of US Department of Homeland Security. USCG is a military branch of the United States involved in maritime law, mariner assistance, and search and rescue.', 1),
  (357, '361', 'US, Office of the United States Trade Representative (USTR)', 'An office within the US Executive Branch, Office of the President. USTR negotiates directly with foreign governments to create trade agreements; resolves disputes and participates in global trade policy organizations; meets with governments, business groups, legislators and public interest groups to gather input on trade issues; and explains the president’s trade policy positions.', 1),
  (358, '362', 'International Commission for the Conservation of Atlantic Tunas (ICCAT)', 'An inter-governmental fishery organization responsible for the conservation of tunas and tuna-like species in the Atlantic Ocean and its adjacent seas.', 1),
  (359, '363', 'Inter-American Tropical Tuna Commission (IATTC)', 'An organization responsible for the conservation and management of fisheries for tunas and other species taken by tuna-fishing vessels in the eastern Pacific Ocean.', 1),
  (360, '364', 'Commission for the Conservation of Southern Bluefin Tuna (CCSBT)', 'An organization which oversees the management and conservation of southern blue fin tuna.', 1),
  (361, '365', 'Indian Ocean Tuna Commission (IOTC)', 'An intergovernmental organization mandated to manage tuna and tuna-like species in the Indian Ocean and adjacent seas.', 1),
  (362, '366', 'International Botanical Congress', 'International organization responsible for the international identification of botanical species.', 1),
  (363, '367', 'International Commission on Zoological Nomenclature', 'International organization responsible for the International Code of Zoological Nomenclature (ICZN).', 1),
  (364, '368', 'International Society for Horticulture Science', 'International organization responsible for the International Code of Nomenclature for Cultivated Plants (ICNCP).', 1),
  (365, '369', 'Chemical Abstract Service (CAS)', 'Chemical Abstract Service (CAS) is a division of the American Chemical Society (ACS) responsible for the CAS registry.', 1),
  (366, '370', 'Social Security Administration (SSA)', 'The Social Security Administration (SSA) is an independent agency of the US government. SSA issues Social Security Numbers (SSN) used to identify parties/entities in a trade transaction.', 1),
  (367, '371', 'INMARSAT', 'Satellite communications organization that provides vessel call sign used by ships as an identifier.', 1),
  (368, '372', 'Agent of ship at the intended port of arrival', 'Name and contact details of the agent of the ship at the intended port of arrival.', 1),
  (369, '373', 'US Air Force', 'The aerial warfare division of the U.S. Department of Defense.', 1),
  (370, '374', 'US, Bureau of Explosives', 'A self-policing agency to promote the safe transportation of explosives and other hazardous materials on roads and railways.', 1),
  (371, '375', 'Basel Convention Secretariat', 'Agency which maintains the list and specifications of goods for control of transboundary movements of hazardous wastes and their disposal.', 1),
  (372, '376', 'PANTONE', 'Color code controlling organisation.', 1),
  (373, '377', 'IS, National Registry of Iceland', 'The national registry of Iceland, responsible for legal registration ID for persons.', 1),
  (374, '378', 'IS, Internal Revenue Directorate of Iceland', 'Tax authorities of Iceland, responsible for VAT codes and registration ID for legal entities.', 1),
  (375, '379', 'IANA (Internet Assigned Numbers Authority)', 'The Internet Assigned Numbers Authority (IANA) is responsible for the global coordination of the DNS Root, IP addressing, and other Internet protocol resources.', 1),
  (376, '380', 'Korea Customs Service', 'The customs services department of the Government of the Republic of Korea.', 1),
  (377, '381', 'Israel Tax Authority', 'The customs and taxation services department of the State of Israel.', 1),
  (378, '382', 'Israeli Ministry of Interior', 'The Ministry of the State of Israel that is responsible for interior affairs including the issue of passports / travel documents.', 1),
  (379, '383', 'FR, LUMD (Logistique Urbaine Mutualisée Durable)', 'Logistique Urbaine Mutualisée Durable, French organisation in charge of Urban Logistics.', 1),
  (380, '384', 'DE, BiPRO (Brancheninitiative Prozessoptimierung)', 'BiPRO is the German association of Insurance Companies, Brokers and Software Suppliers responsible for the development of standards for use by the insurance industry.', 1),
  (381, '385', 'JO, Jordan Ministry of Agriculture', 'The Authority for agriculture in the Hashemite Kingdom of Jordan.', 1),
  (382, '386', 'JO, Jordan Customs', 'The Customs Authority of the Hashemite Kingdom of Jordan.', 1),
  (383, '387', 'JO, Jordan Food & Drug Administration', 'The Food & Drug Administration of the Hashemite Kingdom of Jordan.', 1),
  (384, '388', 'JO, Jordan Institution for Standards and Metrology', 'The Institution for Standards and Metrology of the Hashemite Kingdom of Jordan.', 1),
  (385, '389', 'JO, Jordan Telecommunication Regulatory Commission', 'The national authority of the Hashemite Kingdom of Jordan concerned with the regulation of telecommunications.', 1),
  (386, '390', 'JO, Jordan Nuclear Regulatory Commission', 'The Nuclear Regulatory Commission of the Hashemite Kingdom of Jordan.', 1),
  (387, '391', 'JO, Jordan Ministry of Environment', 'The government department of the Hashemite Kingdom of Jordan responsible for the protection of the environment.', 1),
  (388, '392', 'Hazardous waste collector', 'Party collecting hazardous waste.', 1),
  (389, '393', 'Hazardous waste generator', 'Party generating hazardous waste.', 1),
  (390, '394', 'Marketing agent', 'Party authorized to market a product.', 1),
  (391, '395', 'BE, TELEBIB Centre', 'The TELEBIB Centre is the Belgian association of Insurance Companies, Brokers and Software Suppliers responsible for the development of standards for use by the insurance industry.', 1),
  (392, '396', 'BE, BNB', 'The Belgian National Bank, which delivers identifiers for, amongst others, Insurers and Re-insurers.', 1),
  (393, '397', 'BE, FSMA', 'The Belgian Financial Services Market Authority, which delivers identifiers for, amongst others, Intermediaries in insurance business.', 1),
  (394, '398', 'FR, PHAST', 'French association responsible for standardization, coordination and promotion of EDI and Data Exchange applications in Health and Hospital sector.', 1),
  (395, 'ZZZ', 'Mutually defined', 'A code assigned within a code list to be used on an interim basis and as defined among trading partners until a precise code can be assigned to the code list.', 1);

-- 3.1.1.7.1	Populate code_list table
INSERT INTO `code_list` (`code_list_id`, `guid`, `enum_type_guid`, `name`, `list_id`, `agency_id`, `version_id`, `definition`, `remark`, `definition_source`, `based_code_list_id`, `extensible_indicator`, `module`, `created_by`, `last_updated_by`, `creation_timestamp`, `last_update_timestamp`, `state`)
VALUES
  (1, 'oagis-id-49c1788460864e99b0872d0a6e58bddb', 'oagis-id-f63f1d0aa3c34e7cab8efee204f61cf7', 'oacl_ActionCode', 'oagis-id-49c1788460864e99b0872d0a6e58bddb', 310, '1', 'Allows the user to use any of the codes that OAGi defines or add additional values.', NULL, 'http://www.openapplications.org/oagis/10/platform/2', NULL, 1, 'Model\\Platform\\2_1\\Common\\CodeLists\\CodeLists_1.xsd', 1, 1, CURRENT_TIMESTAMP, CURRENT_TIMESTAMP, 'Published'),
  (2, 'oagis-id-a9ee4e537bde4e2ba96fa1d0aa04dba7', 'oagis-id-1cfb7a2e0cc04586a6732f3871d670ec', 'oacl_AgencyRoleCode', 'oagis-id-a9ee4e537bde4e2ba96fa1d0aa04dba7', 310, '1', 'Allows the user to use any of the codes that OAGi defines or add additional values.', NULL, 'http://www.openapplications.org/oagis/10/platform/2', NULL, 1, 'Model\\Platform\\2_1\\Common\\CodeLists\\CodeLists_1.xsd', 1, 1, CURRENT_TIMESTAMP, CURRENT_TIMESTAMP, 'Published'),
  (3, 'oagis-id-ec3ae69ddf6046f09b906caf951f4f35', 'oagis-id-ae69554cc74b4fc6a57977bb382b5f5a', 'oacl_CategoryCode', 'oagis-id-ec3ae69ddf6046f09b906caf951f4f35', 310, '1', NULL, NULL, NULL, NULL, 1, 'Model\\Platform\\2_1\\Common\\CodeLists\\CodeLists_1.xsd', 1, 1, CURRENT_TIMESTAMP, CURRENT_TIMESTAMP, 'Published'),
  (4, 'oagis-id-c6716c40af4d4f0c926b975dd5918270', 'oagis-id-a355da7ff7e444aa8b27a4d3323eba08', 'oacl_ChargeBearerCode', 'oagis-id-c6716c40af4d4f0c926b975dd5918270', 310, '1', NULL, NULL, NULL, NULL, 1, 'Model\\Platform\\2_1\\Common\\CodeLists\\CodeLists_1.xsd', 1, 1, CURRENT_TIMESTAMP, CURRENT_TIMESTAMP, 'Published'),
  (5, 'oagis-id-f0dfec16cc4d44a198e4bfbf72a37b81', 'oagis-id-dbf83a334fa84d7992a7db76d70cf5a0', 'oacl_ChargeCode', 'oagis-id-f0dfec16cc4d44a198e4bfbf72a37b81', 310, '1', NULL, NULL, NULL, NULL, 1, 'Model\\Platform\\2_1\\Common\\CodeLists\\CodeLists_1.xsd', 1, 1, CURRENT_TIMESTAMP, CURRENT_TIMESTAMP, 'Published'),
  (6, 'oagis-id-18a04d1b4f124693bc4272463e701755', 'oagis-id-d260cb0d1ce44dadbb736059bb284e72', 'oacl_ClassificationCode', 'oagis-id-18a04d1b4f124693bc4272463e701755', 310, '1', NULL, NULL, NULL, NULL, 1, 'Model\\Platform\\2_1\\Common\\CodeLists\\CodeLists_1.xsd', 1, 1, CURRENT_TIMESTAMP, CURRENT_TIMESTAMP, 'Published'),
  (7, 'oagis-id-8274b2e56a8941a6a235bb1faf227e74', NULL, 'oacl_CharacterSetCode', 'oagis-id-8274b2e56a8941a6a235bb1faf227e74', 310, '1', NULL, NULL, NULL, 66, 1, 'Model\\Platform\\2_1\\Common\\CodeLists\\CodeLists_1.xsd', 1, 1, CURRENT_TIMESTAMP, CURRENT_TIMESTAMP, 'Published'),
  (8, 'oagis-id-08040659d66c4591a1353cc431c50c4a', 'oagis-id-e7eeecddd9544535a9a89fc1276bb494', 'oacl_CheckDeliveryMethodCode', 'oagis-id-08040659d66c4591a1353cc431c50c4a', 310, '1', NULL, NULL, NULL, NULL, 1, 'Model\\Platform\\2_1\\Common\\CodeLists\\CodeLists_1.xsd', 1, 1, CURRENT_TIMESTAMP, CURRENT_TIMESTAMP, 'Published'),
  (9, 'oagis-id-25f1e4ef171045f0be4e9e6785dbbb70', 'oagis-id-b8553ba514c64ad68b49bd5f83a6ef72', 'oacl_CheckInstructionCode', 'oagis-id-25f1e4ef171045f0be4e9e6785dbbb70', 310, '1', NULL, NULL, NULL, NULL, 1, 'Model\\Platform\\2_1\\Common\\CodeLists\\CodeLists_1.xsd', 1, 1, CURRENT_TIMESTAMP, CURRENT_TIMESTAMP, 'Published'),
  (10, 'oagis-id-a19867f6ebe5426d99fe4808b11e23c4', 'oagis-id-7ec2195e70294a13bfb9414de9f14473', 'oacl_ConfirmationCode', 'oagis-id-a19867f6ebe5426d99fe4808b11e23c4', 310, '1', 'Allows the user to use any of the codes that OAGi defines or add additional values.', NULL, 'http://www.openapplications.org/oagis/10/platform/2', NULL, 1, 'Model\\Platform\\2_1\\Common\\CodeLists\\CodeLists_1.xsd', 1, 1, CURRENT_TIMESTAMP, CURRENT_TIMESTAMP, 'Published'),
  (11, 'oagis-id-6233008ff5874c15a76000e186e0130d', 'oagis-id-fc8d4b561faa47ff94fffdeb12566aea', 'oacl_ContactLocationCode', 'oagis-id-6233008ff5874c15a76000e186e0130d', 310, '1', NULL, NULL, NULL, NULL, 1, 'Model\\Platform\\2_1\\Common\\CodeLists\\CodeLists_1.xsd', 1, 1, CURRENT_TIMESTAMP, CURRENT_TIMESTAMP, 'Published'),
  (12, 'oagis-id-46dded6e75894d85a7e772090cb42c5b', 'oagis-id-64ffe9653e934bee80d9051818bf3b94', 'oacl_ControlAssertionCode', 'oagis-id-46dded6e75894d85a7e772090cb42c5b', 310, '1', NULL, NULL, NULL, NULL, 1, 'Model\\Platform\\2_1\\Common\\CodeLists\\CodeLists_1.xsd', 1, 1, CURRENT_TIMESTAMP, CURRENT_TIMESTAMP, 'Published'),
  (13, 'oagis-id-f01cb1632cbd4ae89cf1b9841c40e2f0', 'oagis-id-58a748fc51eb421a862db5fcfcf85c3b', 'oacl_ControlCode', 'oagis-id-f01cb1632cbd4ae89cf1b9841c40e2f0', 310, '1', NULL, NULL, NULL, NULL, 1, 'Model\\Platform\\2_1\\Common\\CodeLists\\CodeLists_1.xsd', 1, 1, CURRENT_TIMESTAMP, CURRENT_TIMESTAMP, 'Published'),
  (14, 'oagis-id-be54304dfda44246aa554217f5be5124', 'oagis-id-af274f44caad4162804061f2342a3715', 'oacl_ControlComponentCode', 'oagis-id-be54304dfda44246aa554217f5be5124', 310, '1', NULL, NULL, NULL, NULL, 1, 'Model\\Platform\\2_1\\Common\\CodeLists\\CodeLists_1.xsd', 1, 1, CURRENT_TIMESTAMP, CURRENT_TIMESTAMP, 'Published'),
  (15, 'oagis-id-bac4c638149847478d35fa6c377b9f13', 'oagis-id-e28b4633be8e480480706595baaa42f2', 'oacl_CountryCode', 'oagis-id-bac4c638149847478d35fa6c377b9f13', 310, '1', NULL, NULL, NULL, NULL, 1, 'Model\\Platform\\2_1\\Common\\CodeLists\\CodeLists_1.xsd', 1, 1, CURRENT_TIMESTAMP, CURRENT_TIMESTAMP, 'Published'),
  (16, 'oagis-id-d954fa8d2aef4e6d93ff9f1841bad5f6', 'oagis-id-b7e948384e9348a2b2e6ff50ddf84d5b', 'oacl_CountrySubdivisionCode', 'oagis-id-d954fa8d2aef4e6d93ff9f1841bad5f6', 310, '1', NULL, NULL, NULL, NULL, 1, 'Model\\Platform\\2_1\\Common\\CodeLists\\CodeLists_1.xsd', 1, 1, CURRENT_TIMESTAMP, CURRENT_TIMESTAMP, 'Published'),
  (17, 'oagis-id-e64591fa9a2a46009b0e1142710d8793', 'oagis-id-5482a811ea5047d38ea6082e02b076b0', 'oacl_CreditTransferCode', 'oagis-id-e64591fa9a2a46009b0e1142710d8793', 310, '1', NULL, NULL, NULL, NULL, 1, 'Model\\Platform\\2_1\\Common\\CodeLists\\CodeLists_1.xsd', 1, 1, CURRENT_TIMESTAMP, CURRENT_TIMESTAMP, 'Published'),
  (18, 'oagis-id-c4c7892ab835480895b142ca41930292', NULL, 'oacl_CurrencyCode', 'oagis-id-c4c7892ab835480895b142ca41930292', 310, '1', NULL, NULL, NULL, 68, 1, 'Model\\Platform\\2_1\\Common\\CodeLists\\CodeLists_1.xsd', 1, 1, CURRENT_TIMESTAMP, CURRENT_TIMESTAMP, 'Published'),
  (19, 'oagis-id-ed55866d4a3e4c9eb00d0928e14cbbf4', 'oagis-id-8314d4295c1b48c3864a47504e464952', 'oacl_DayOfWeekCode', 'oagis-id-ed55866d4a3e4c9eb00d0928e14cbbf4', 310, '1', NULL, NULL, NULL, NULL, 1, 'Model\\Platform\\2_1\\Common\\CodeLists\\CodeLists_1.xsd', 1, 1, CURRENT_TIMESTAMP, CURRENT_TIMESTAMP, 'Published'),
  (20, 'oagis-id-69e1317dc2f24edcb1847f34f66be977', 'oagis-id-ca797f68a80c4475a4e67713ca79db8d', 'oacl_DebitCreditCode', 'oagis-id-69e1317dc2f24edcb1847f34f66be977', 310, '1', NULL, NULL, NULL, NULL, 1, 'Model\\Platform\\2_1\\Common\\CodeLists\\CodeLists_1.xsd', 1, 1, CURRENT_TIMESTAMP, CURRENT_TIMESTAMP, 'Published'),
  (21, 'oagis-id-da0b3fdfca0d48a0aa4017c5e71eaecf', 'oagis-id-b04bbef96ed34fd1a155323a38d74cfa', 'oacl_DeliveryPointCode', 'oagis-id-da0b3fdfca0d48a0aa4017c5e71eaecf', 310, '1', NULL, NULL, NULL, NULL, 1, 'Model\\Platform\\2_1\\Common\\CodeLists\\CodeLists_1.xsd', 1, 1, CURRENT_TIMESTAMP, CURRENT_TIMESTAMP, 'Published'),
  (22, 'oagis-id-428bb44db16241faa4813f779ffff26e', 'oagis-id-9d182f28e99840318c9757dab3177019', 'oacl_EMailFormatCode', 'oagis-id-428bb44db16241faa4813f779ffff26e', 310, '1', 'Identifies the perferred format in which to send eMail.', NULL, 'http://www.openapplications.org/oagis/10/platform/2', NULL, 1, 'Model\\Platform\\2_1\\Common\\CodeLists\\CodeLists_1.xsd', 1, 1, CURRENT_TIMESTAMP, CURRENT_TIMESTAMP, 'Published'),
  (23, 'oagis-id-8deb90f1405a4a7e98caa6817b9b2ef1', 'oagis-id-10eb52c5181f419ea5f52cf501d86708', 'oacl_EngineeringActivityCode', 'oagis-id-8deb90f1405a4a7e98caa6817b9b2ef1', 310, '1', NULL, NULL, NULL, NULL, 1, 'Model\\Platform\\2_1\\Common\\CodeLists\\CodeLists_1.xsd', 1, 1, CURRENT_TIMESTAMP, CURRENT_TIMESTAMP, 'Published'),
  (24, 'oagis-id-97ffe643788648c096ea981c32c2a3dd', 'oagis-id-aa71419c1d7842819c3baaa28926393c', 'oacl_EngineeringWorkOrderCode', 'oagis-id-97ffe643788648c096ea981c32c2a3dd', 310, '1', NULL, NULL, NULL, NULL, 1, 'Model\\Platform\\2_1\\Common\\CodeLists\\CodeLists_1.xsd', 1, 1, CURRENT_TIMESTAMP, CURRENT_TIMESTAMP, 'Published'),
  (25, 'oagis-id-cc80f54e299048859c47c0046f7c7e36', 'oagis-id-482e2957e4bc4346ad1f94d2f3c56bb5', 'oacl_EngineeringWorkRequestCode', 'oagis-id-cc80f54e299048859c47c0046f7c7e36', 310, '1', NULL, NULL, NULL, NULL, 1, 'Model\\Platform\\2_1\\Common\\CodeLists\\CodeLists_1.xsd', 1, 1, CURRENT_TIMESTAMP, CURRENT_TIMESTAMP, 'Published'),
  (26, 'oagis-id-0073c51b321e42e795d1b48116a7620f', 'oagis-id-a0d4ca19498b42a1af3219d8e6dd4213', 'oacl_EngineeringWorkRequestStatusCode', 'oagis-id-0073c51b321e42e795d1b48116a7620f', 310, '1', NULL, NULL, NULL, NULL, 1, 'Model\\Platform\\2_1\\Common\\CodeLists\\CodeLists_1.xsd', 1, 1, CURRENT_TIMESTAMP, CURRENT_TIMESTAMP, 'Published'),
  (27, 'oagis-id-1dd922a4b7e348e7af93870e7ab75d4c', 'oagis-id-ff46417e01b640a78776bd03ec58fc8f', 'oacl_FinalAgentInstructionCode', 'oagis-id-1dd922a4b7e348e7af93870e7ab75d4c', 310, '1', NULL, NULL, NULL, NULL, 1, 'Model\\Platform\\2_1\\Common\\CodeLists\\CodeLists_1.xsd', 1, 1, CURRENT_TIMESTAMP, CURRENT_TIMESTAMP, 'Published'),
  (28, 'oagis-id-0da859f6357b4769aab010637c2724ad', 'oagis-id-67c5a58be44e43df854e397c0691d6d4', 'oacl_FreightTermCode', 'oagis-id-0da859f6357b4769aab010637c2724ad', 310, '1', NULL, NULL, NULL, NULL, 1, 'Model\\Platform\\2_1\\Common\\CodeLists\\CodeLists_1.xsd', 1, 1, CURRENT_TIMESTAMP, CURRENT_TIMESTAMP, 'Published'),
  (29, 'oagis-id-58bcc34f61284f4580e706506453fc3d', 'oagis-id-54bb202e31294a098faf49ba2767c4bc', 'oacl_GenderCode', 'oagis-id-58bcc34f61284f4580e706506453fc3d', 310, '1', NULL, NULL, NULL, NULL, 1, 'Model\\Platform\\2_1\\Common\\CodeLists\\CodeLists_1.xsd', 1, 1, CURRENT_TIMESTAMP, CURRENT_TIMESTAMP, 'Published'),
  (30, 'oagis-id-c9060a9151244e2d883bfabbb779a165', 'oagis-id-610f796fb0e246809299f9c8ccd5e307', 'oacl_IncotermsCode', 'oagis-id-c9060a9151244e2d883bfabbb779a165', 310, '1', NULL, NULL, NULL, NULL, 1, 'Model\\Platform\\2_1\\Common\\CodeLists\\CodeLists_1.xsd', 1, 1, CURRENT_TIMESTAMP, CURRENT_TIMESTAMP, 'Published'),
  (31, 'oagis-id-7f23d96ea25c443fbdcd5411159ff377', NULL, 'oacl_LanguageCode', 'oagis-id-7f23d96ea25c443fbdcd5411159ff377', 310, '1', NULL, NULL, NULL, 69, 1, 'Model\\Platform\\2_1\\Common\\CodeLists\\CodeLists_1.xsd', 1, 1, CURRENT_TIMESTAMP, CURRENT_TIMESTAMP, 'Published'),
  (32, 'oagis-id-608c4f0fe09d45529dfa723d5406c5a0', 'oagis-id-7414ab2c016b40439184fcd587097a2f', 'oacl_LicenseTypeCode', 'oagis-id-608c4f0fe09d45529dfa723d5406c5a0', 310, '1', NULL, NULL, NULL, NULL, 1, 'Model\\Platform\\2_1\\Common\\CodeLists\\CodeLists_1.xsd', 1, 1, CURRENT_TIMESTAMP, CURRENT_TIMESTAMP, 'Published'),
  (33, 'oagis-id-33c77e39087143f088565de1a0ebee77', 'oagis-id-2e3438031b844929a9cf868e997a32ad', 'oacl_MaritalStatusCode', 'oagis-id-33c77e39087143f088565de1a0ebee77', 310, '1', NULL, NULL, NULL, NULL, 1, 'Model\\Platform\\2_1\\Common\\CodeLists\\CodeLists_1.xsd', 1, 1, CURRENT_TIMESTAMP, CURRENT_TIMESTAMP, 'Published'),
  (34, 'oagis-id-0a1384322190497499cf2ca6b26d8934', 'oagis-id-f35c6ed188224281a8073d355b94d44f', 'oacl_MatchCode', 'oagis-id-0a1384322190497499cf2ca6b26d8934', 310, '1', NULL, NULL, NULL, NULL, 1, 'Model\\Platform\\2_1\\Common\\CodeLists\\CodeLists_1.xsd', 1, 1, CURRENT_TIMESTAMP, CURRENT_TIMESTAMP, 'Published'),
  (35, 'oagis-id-f516abfd2be844d3acf481ed8b1399c3', 'oagis-id-7c9d9573d51546f89f0b7f09566acc7a', 'oacl_MatchDocumentCode', 'oagis-id-f516abfd2be844d3acf481ed8b1399c3', 310, '1', NULL, NULL, NULL, NULL, 1, 'Model\\Platform\\2_1\\Common\\CodeLists\\CodeLists_1.xsd', 1, 1, CURRENT_TIMESTAMP, CURRENT_TIMESTAMP, 'Published'),
  (36, 'oagis-id-51ed08216606417b9b9266b464c204f7', NULL, 'oacl_MIMECode', 'oagis-id-51ed08216606417b9b9266b464c204f7', 310, '1', NULL, NULL, NULL, 67, 1, 'Model\\Platform\\2_1\\Common\\CodeLists\\CodeLists_1.xsd', 1, 1, CURRENT_TIMESTAMP, CURRENT_TIMESTAMP, 'Published'),
  (37, 'oagis-id-dbcb006c92754ed7a064ea0c8dc5940c', 'oagis-id-f0eaec1e35124594afc96b1ed82559fa', 'oacl_PartyCategoryCode', 'oagis-id-dbcb006c92754ed7a064ea0c8dc5940c', 310, '1', NULL, NULL, NULL, NULL, 1, 'Model\\Platform\\2_1\\Common\\CodeLists\\CodeLists_1.xsd', 1, 1, CURRENT_TIMESTAMP, CURRENT_TIMESTAMP, 'Published'),
  (38, 'oagis-id-9f78cba9c3b04b60877b2e0217f8c2fa', 'oagis-id-3605aaeb18704d60bd2d3f57671bfaa1', 'oacl_PartyRoleCode', 'oagis-id-9f78cba9c3b04b60877b2e0217f8c2fa', 310, '1', NULL, NULL, NULL, NULL, 1, 'Model\\Platform\\2_1\\Common\\CodeLists\\CodeLists_1.xsd', 1, 1, CURRENT_TIMESTAMP, CURRENT_TIMESTAMP, 'Published'),
  (39, 'oagis-id-7e62e27dbcc94a9d9667ddcf219e2855', 'oagis-id-6ebb4957a88d403bb99dba8bc7a8018f', 'oacl_PaymentBasisCode', 'oagis-id-7e62e27dbcc94a9d9667ddcf219e2855', 310, '1', NULL, NULL, NULL, NULL, 1, 'Model\\Platform\\2_1\\Common\\CodeLists\\CodeLists_1.xsd', 1, 1, CURRENT_TIMESTAMP, CURRENT_TIMESTAMP, 'Published'),
  (40, 'oagis-id-f6ae1fdc206843468def6e636ce34384', 'oagis-id-13c5b880367d4bd3aa50abfa3ce32b27', 'oacl_PaymentPurposeCode', 'oagis-id-f6ae1fdc206843468def6e636ce34384', 310, '1', NULL, NULL, NULL, NULL, 1, 'Model\\Platform\\2_1\\Common\\CodeLists\\CodeLists_1.xsd', 1, 1, CURRENT_TIMESTAMP, CURRENT_TIMESTAMP, 'Published'),
  (41, 'oagis-id-4c19009d16f248d9aad9deec2d4a075d', 'oagis-id-ae52455e984342199e5c9dea82f2378a', 'oacl_PaymentMethodCode', 'oagis-id-4c19009d16f248d9aad9deec2d4a075d', 310, '1', NULL, NULL, NULL, NULL, 1, 'Model\\Platform\\2_1\\Common\\CodeLists\\CodeLists_1.xsd', 1, 1, CURRENT_TIMESTAMP, CURRENT_TIMESTAMP, 'Published'),
  (42, 'oagis-id-985a704ce00b4f8791f436f638d85ea1', 'oagis-id-6d8ec6bef55048bba69cfad67771a195', 'oacl_PaymentSchemeCode', 'oagis-id-985a704ce00b4f8791f436f638d85ea1', 310, '1', NULL, NULL, NULL, NULL, 1, 'Model\\Platform\\2_1\\Common\\CodeLists\\CodeLists_1.xsd', 1, 1, CURRENT_TIMESTAMP, CURRENT_TIMESTAMP, 'Published'),
  (43, 'oagis-id-b9d13739f3fc4fbfa790ebd62972bcfd', 'oagis-id-0400aa29d86742bc84546d30a6bc6f5a', 'oacl_PaymentTermCode', 'oagis-id-b9d13739f3fc4fbfa790ebd62972bcfd', 310, '1', NULL, NULL, NULL, NULL, 1, 'Model\\Platform\\2_1\\Common\\CodeLists\\CodeLists_1.xsd', 1, 1, CURRENT_TIMESTAMP, CURRENT_TIMESTAMP, 'Published'),
  (44, 'oagis-id-1bb1a4c4d6784b558be0f40d43404424', 'oagis-id-87ad6a845d3349528d261df0517bf2aa', 'oacl_ProcessCategoryCode', 'oagis-id-1bb1a4c4d6784b558be0f40d43404424', 310, '1', NULL, NULL, NULL, NULL, 1, 'Model\\Platform\\2_1\\Common\\CodeLists\\CodeLists_1.xsd', 1, 1, CURRENT_TIMESTAMP, CURRENT_TIMESTAMP, 'Published'),
  (45, 'oagis-id-bb1cc4dc481a477fa2674e52e3a90cfb', 'oagis-id-c398ee4caace4d398d80156f8362af00', 'oacl_ProcessConfirmationCode', 'oagis-id-bb1cc4dc481a477fa2674e52e3a90cfb', 310, '1', 'Allows the user to use any of the codes that OAGi defines or add additional values.', NULL, 'http://www.openapplications.org/oagis/10/platform/2', NULL, 1, 'Model\\Platform\\2_1\\Common\\CodeLists\\CodeLists_1.xsd', 1, 1, CURRENT_TIMESTAMP, CURRENT_TIMESTAMP, 'Published'),
  (46, 'oagis-id-60dde524708b4b7db304686fd159d2cb', 'oagis-id-a5e28051f66c4cd2849f3ef9288a57b4', 'oacl_ReasonCode', 'oagis-id-60dde524708b4b7db304686fd159d2cb', 310, '1', NULL, NULL, NULL, NULL, 1, 'Model\\Platform\\2_1\\Common\\CodeLists\\CodeLists_1.xsd', 1, 1, CURRENT_TIMESTAMP, CURRENT_TIMESTAMP, 'Published'),
  (47, 'oagis-id-472dbebea6be484b9a9e3a90612b96ce', 'oagis-id-5b37f382148b4d64bffe7407d921ea9a', 'oacl_RecurrencePatternCode', 'oagis-id-472dbebea6be484b9a9e3a90612b96ce', 310, '1', NULL, NULL, NULL, NULL, 1, 'Model\\Platform\\2_1\\Common\\CodeLists\\CodeLists_1.xsd', 1, 1, CURRENT_TIMESTAMP, CURRENT_TIMESTAMP, 'Published'),
  (48, 'oagis-id-c04686cc6c254869b51ea7ff39d860e5', 'oagis-id-3bef37aca5e448d0a5dd2812c3be1b58', 'oacl_RemitLocationMethodCode', 'oagis-id-c04686cc6c254869b51ea7ff39d860e5', 310, '1', NULL, NULL, NULL, NULL, 1, 'Model\\Platform\\2_1\\Common\\CodeLists\\CodeLists_1.xsd', 1, 1, CURRENT_TIMESTAMP, CURRENT_TIMESTAMP, 'Published'),
  (49, 'oagis-id-02d26533df40477583a3fea53f90e0e8', 'oagis-id-00f33231374b490bbc0b4838209fa50d', 'oacl_ResourceTypeCode', 'oagis-id-02d26533df40477583a3fea53f90e0e8', 310, '1', 'Allows the user to use any of the codes that OAGi defines or add additional values.', NULL, 'http://www.openapplications.org/oagis/10/platform/2', NULL, 1, 'Model\\Platform\\2_1\\Common\\CodeLists\\CodeLists_1.xsd', 1, 1, CURRENT_TIMESTAMP, CURRENT_TIMESTAMP, 'Published'),
  (50, 'oagis-id-ecd22496e9d245e09a3851e71fe3ee18', 'oagis-id-fd277fa2c7c74b2db8a98d6bacdd6cb5', 'oacl_ResponseActionCode', 'oagis-id-ecd22496e9d245e09a3851e71fe3ee18', 310, '1', 'Allows the user to use any of the codes that OAGi defines or add additional values.', NULL, 'http://www.openapplications.org/oagis/10/platform/2', NULL, 1, 'Model\\Platform\\2_1\\Common\\CodeLists\\CodeLists_1.xsd', 1, 1, CURRENT_TIMESTAMP, CURRENT_TIMESTAMP, 'Published'),
  (51, 'oagis-id-73c93d58425945a0a0a6abfe4cf53274', 'oagis-id-3be828e40dbb4386873ff1db0e38efc2', 'oacl_ResponseCode', 'oagis-id-73c93d58425945a0a0a6abfe4cf53274', 310, '1', 'Allows the user to use any of the codes that OAGi defines or add additional values.', NULL, 'http://www.openapplications.org/oagis/10/platform/2', NULL, 1, 'Model\\Platform\\2_1\\Common\\CodeLists\\CodeLists_1.xsd', 1, 1, CURRENT_TIMESTAMP, CURRENT_TIMESTAMP, 'Published'),
  (52, 'oagis-id-ba592aa0ac6e4b75a4079327b9e988c4', 'oagis-id-4f337a2efc5c409b9af300a8a359ce89', 'oacl_RiskCode', 'oagis-id-ba592aa0ac6e4b75a4079327b9e988c4', 310, '1', NULL, NULL, NULL, NULL, 1, 'Model\\Platform\\2_1\\Common\\CodeLists\\CodeLists_1.xsd', 1, 1, CURRENT_TIMESTAMP, CURRENT_TIMESTAMP, 'Published'),
  (53, 'oagis-id-4ecd86e940f44dc7bc53eee193cc2fb6', 'oagis-id-85c9478b650b454cb1b787b2f73c5bd3', 'oacl_SalesActivityCode', 'oagis-id-4ecd86e940f44dc7bc53eee193cc2fb6', 310, '1', NULL, NULL, NULL, NULL, 1, 'Model\\Platform\\2_1\\Common\\CodeLists\\CodeLists_1.xsd', 1, 1, CURRENT_TIMESTAMP, CURRENT_TIMESTAMP, 'Published'),
  (54, 'oagis-id-902eea339f974afb94840f4aef4e1d8f', 'oagis-id-ca9c8d90e3c44affa4d629e7f27b10cf', 'oacl_SalesTaskCode', 'oagis-id-902eea339f974afb94840f4aef4e1d8f', 310, '1', 'List of SalesTasks.', NULL, 'http://www.openapplications.org/oagis/10/platform/2', NULL, 1, 'Model\\Platform\\2_1\\Common\\CodeLists\\CodeLists_1.xsd', 1, 1, CURRENT_TIMESTAMP, CURRENT_TIMESTAMP, 'Published'),
  (55, 'oagis-id-5d83970fc7a14264960da8e6c9fca3e4', 'oagis-id-757cc95940474bdb8cd363e747481562', 'oacl_StateCode', 'oagis-id-5d83970fc7a14264960da8e6c9fca3e4', 310, '1', NULL, NULL, NULL, NULL, 1, 'Model\\Platform\\2_1\\Common\\CodeLists\\CodeLists_1.xsd', 1, 1, CURRENT_TIMESTAMP, CURRENT_TIMESTAMP, 'Published'),
  (56, 'oagis-id-9aa6992a44c349b5b9a2ab7dbc51e939', 'oagis-id-ecd5459a46b64a18a8e231007a66c2ef', 'oacl_SystemEnvironmentCode', 'oagis-id-9aa6992a44c349b5b9a2ab7dbc51e939', 310, '1', NULL, NULL, NULL, NULL, 1, 'Model\\Platform\\2_1\\Common\\CodeLists\\CodeLists_1.xsd', 1, 1, CURRENT_TIMESTAMP, CURRENT_TIMESTAMP, 'Published'),
  (57, 'oagis-id-9aa6992a44c349b5b9a2ab7dbc51e945', NULL, 'oacl_TimeZoneCode', 'oagis-id-9aa6992a44c349b5b9a2ab7dbc51e945', 310, '1', NULL, NULL, NULL, 70, 1, 'Model\\Platform\\2_1\\Common\\CodeLists\\CodeLists_1.xsd', 1, 1, CURRENT_TIMESTAMP, CURRENT_TIMESTAMP, 'Published'),
  (58, 'oagis-id-19df69be3a5b4080a693730044647de3', 'oagis-id-df190df7a6324876a806c1dba81abc17', 'oacl_TaxCode', 'oagis-id-19df69be3a5b4080a693730044647de3', 310, '1', NULL, NULL, NULL, NULL, 1, 'Model\\Platform\\2_1\\Common\\CodeLists\\CodeLists_1.xsd', 1, 1, CURRENT_TIMESTAMP, CURRENT_TIMESTAMP, 'Published'),
  (59, 'oagis-id-a1aef967e9644d8f92024d518b2adc09', 'oagis-id-8fe94a19fa2f4efbab618ac7acd8f094', 'oacl_TransferCode', 'oagis-id-a1aef967e9644d8f92024d518b2adc09', 310, '1', NULL, NULL, NULL, NULL, 1, 'Model\\Platform\\2_1\\Common\\CodeLists\\CodeLists_1.xsd', 1, 1, CURRENT_TIMESTAMP, CURRENT_TIMESTAMP, 'Published'),
  (60, 'oagis-id-832d7dc7e6fb4020afd7edc99bb16742', NULL, 'oacl_UnitCode', 'oagis-id-832d7dc7e6fb4020afd7edc99bb16742', 310, '1', NULL, NULL, NULL, 71, 1, 'Model\\Platform\\2_1\\Common\\CodeLists\\CodeLists_1.xsd', 1, 1, CURRENT_TIMESTAMP, CURRENT_TIMESTAMP, 'Published'),
  (61, 'oagis-id-b7e16bb124eb4ddbb86d4861383fe372', NULL, 'clm6ConditionTypeCode1_ConditionTypeCode', 'oagis-id-b7e16bb124eb4ddbb86d4861383fe372', 310, '1', NULL, NULL, NULL, NULL, 1, 'Model\\Platform\\2_1\\Common\\CodeLists\\CodeList_ConditionTypeCode_1.xsd', 1, 1, CURRENT_TIMESTAMP, CURRENT_TIMESTAMP, 'Published'),
  (62, 'oagis-id-e58cd86fc54b442a9b9bd10d20ebd79b', NULL, 'clm6ConstraintTypeCode1_ConstraintTypeCode', 'oagis-id-e58cd86fc54b442a9b9bd10d20ebd79b', 310, '1', NULL, NULL, NULL, NULL, 1, 'Model\\Platform\\2_1\\Common\\CodeLists\\CodeList_ConstraintTypeCode_1.xsd', 1, 1, CURRENT_TIMESTAMP, CURRENT_TIMESTAMP, 'Published'),
  (63, 'oagis-id-46fc137ae5b44dde9ab25724a2abec86', NULL, 'clm6DateFormatCode1_DateFormatCode', 'oagis-id-46fc137ae5b44dde9ab25724a2abec86', 310, '1', NULL, NULL, NULL, NULL, 1, 'Model\\Platform\\2_1\\Common\\CodeLists\\CodeList_DateFormatCode_1.xsd', 1, 1, CURRENT_TIMESTAMP, CURRENT_TIMESTAMP, 'Published'),
  (64, 'oagis-id-0b7cbca16b6741b58fb6920861ddd433', NULL, 'clm6DateTimeFormatCode1_DateTimeFormatCode', 'oagis-id-0b7cbca16b6741b58fb6920861ddd433', 310, '1', NULL, NULL, NULL, NULL, 1, 'Model\\Platform\\2_1\\Common\\CodeLists\\CodeList_DateTimeFormatCode_1.xsd', 1, 1, CURRENT_TIMESTAMP, CURRENT_TIMESTAMP, 'Published'),
  (65, 'oagis-id-98f48609a5154608bd5673aea57784da', NULL, 'clm6TimeFormatCode1_TimeFormatCode', 'oagis-id-98f48609a5154608bd5673aea57784da', 310, '1', NULL, NULL, NULL, NULL, 1, 'Model\\Platform\\2_1\\Common\\CodeLists\\CodeList_TimeFormatCode_1.xsd', 1, 1, CURRENT_TIMESTAMP, CURRENT_TIMESTAMP, 'Published'),
  (66, 'oagis-id-369bb5cf4149492e84fb5b070a98a12b', NULL, 'clmIANACharacterSetCode20070514_CharacterSetCode', 'oagis-id-369bb5cf4149492e84fb5b070a98a12b', 375, '20070514', NULL, NULL, NULL, NULL, 1, 'Model\\Platform\\2_1\\Common\\CodeLists\\CodeList_CharacterSetCode_IANA_20070514.xsd', 1, 1, CURRENT_TIMESTAMP, CURRENT_TIMESTAMP, 'Published'),
  (67, 'oagis-id-efcfccd8fff24243a86b8f0d432db37a', NULL, 'clmIANAMIMEMediaType20090304_MIMEMediaTypeCode', 'oagis-id-efcfccd8fff24243a86b8f0d432db37a', 375, '20090304', NULL, NULL, NULL, NULL, 1, 'Model\\Platform\\2_1\\Common\\CodeLists\\CodeList_MIMEMediaTypeCode_IANA_7_04.xsd', 1, 1, CURRENT_TIMESTAMP, CURRENT_TIMESTAMP, 'Published'),
  (68, 'oagis-id-b219e03523e04d1fb3379d37001c8f0c', NULL, 'clm542173A20090305_ISO3AlphaCurrencyCode', 'oagis-id-b219e03523e04d1fb3379d37001c8f0c', 5, '20090305', NULL, NULL, NULL, NULL, 1, 'Model\\Platform\\2_1\\Common\\CodeLists\\CodeList_CurrencyCode_ISO_7_04.xsd', 1, 1, CURRENT_TIMESTAMP, CURRENT_TIMESTAMP, 'Published'),
  (69, 'oagis-id-c5e8ac8c44894e54a147a870136da686', NULL, 'clm56392A20081107_LanguageCode', 'oagis-id-c5e8ac8c44894e54a147a870136da686', 5, '20081107', NULL, NULL, NULL, NULL, 1, 'Model\\Platform\\2_1\\Common\\CodeLists\\CodeList_LanguageCode_ISO_7_04.xsd', 1, 1, CURRENT_TIMESTAMP, CURRENT_TIMESTAMP, 'Published'),
  (70, 'oagis-id-44ec8e62b49c44a997637034a5be4f2e', NULL, 'clm6TimeZoneCode1_TimeZoneCode', 'oagis-id-44ec8e62b49c44a997637034a5be4f2e', 5, '1', NULL, NULL, NULL, NULL, 1, 'Model\\Platform\\2_1\\Common\\CodeLists\\CodeList_TimeZoneCode_1.xsd', 1, 1, CURRENT_TIMESTAMP, CURRENT_TIMESTAMP, 'Published'),
  (71, 'oagis-id-cbb8c3e6d3bb40428f8efd8639c8e222', NULL, 'clm6Recommendation205_MeasurementUnitCommonCode', 'oagis-id-cbb8c3e6d3bb40428f8efd8639c8e222', 6, '5', NULL, NULL, NULL, NULL, 1, 'Model\\Platform\\2_1\\Common\\CodeLists\\CodeList_UnitCode_UNECE_7_04.xsd', 1, 1, CURRENT_TIMESTAMP, CURRENT_TIMESTAMP, 'Published');

-- 3.1.1.7.2	Populate code_list_value table
INSERT INTO `code_list_value` (`code_list_value_id`, `code_list_id`, `value`, `name`, `definition`, `definition_source`, `used_indicator`, `locked_indicator`, `extension_Indicator`)
VALUES
  (1, 1, 'Add', 'Add', NULL, NULL, 1, 0, 0),
  (2, 1, 'Change', 'Change', NULL, NULL, 1, 0, 0),
  (3, 1, 'Delete', 'Delete', NULL, NULL, 1, 0, 0),
  (4, 1, 'Replace', 'Replace', NULL, NULL, 1, 0, 0),
  (5, 1, 'UpSert', 'UpSert', NULL, NULL, 1, 0, 0),
  (6, 1, 'Accepted', 'Accepted', NULL, NULL, 1, 0, 0),
  (7, 1, 'Modified', 'Modified', NULL, NULL, 1, 0, 0),
  (8, 1, 'Rejected', 'Rejected', NULL, NULL, 1, 0, 0),
  (9, 2, 'Customer', 'Customer', NULL, NULL, 1, 0, 0),
  (10, 2, 'Supplier', 'Supplier', NULL, NULL, 1, 0, 0),
  (11, 2, 'Manufacturer', 'Manufacturer', NULL, NULL, 1, 0, 0),
  (12, 2, 'Broker', 'Broker', NULL, NULL, 1, 0, 0),
  (13, 2, 'Carrier', 'Carrier', NULL, NULL, 1, 0, 0),
  (14, 4, 'OUR', 'OUR', 'All transaction charges are to be borne by the debtor.', 'http://www.openapplications.org/oagis/10/platform/2', 1, 0, 0),
  (15, 4, 'BEN', 'BEN', 'All transaction charges are to be borne by the creditor.', 'http://www.openapplications.org/oagis/10/platform/2', 1, 0, 0),
  (16, 4, 'SHA', 'SHA', 'Transaction charges on the Sender\'s side are to be borne by the ordering customer. Transaction charges on the Receiver\'s side are to be\nborne by the beneficiary customer.', 'http://www.openapplications.org/oagis/10/platform/2', 1, 0, 0),
  (17, 8, 'MLDB', 'MLDB', 'Mail to Debitor', 'http://www.openapplications.org/oagis/10/platform/2', 1, 0, 0),
  (18, 8, 'MLCD', 'MLCD', 'Mail to Creditor', 'http://www.openapplications.org/oagis/10/platform/2', 1, 0, 0),
  (19, 8, 'MLFA', 'MLFA', 'Mail to Final agent', 'http://www.openapplications.org/oagis/10/platform/2', 1, 0, 0),
  (20, 8, 'CRDB', 'CRDB', 'Courier to debtor', 'http://www.openapplications.org/oagis/10/platform/2', 1, 0, 0),
  (21, 8, 'CRCD', 'CRCD', 'Courier to creditor', 'http://www.openapplications.org/oagis/10/platform/2', 1, 0, 0),
  (22, 8, 'CRFA', 'CRFA', 'Courier to final agent', 'http://www.openapplications.org/oagis/10/platform/2', 1, 0, 0),
  (23, 8, 'PUDB', 'PUDB', 'Pickup by debtor', 'http://www.openapplications.org/oagis/10/platform/2', 1, 0, 0),
  (24, 8, 'PUCD', 'PUCD', 'Pickup by creditor', 'http://www.openapplications.org/oagis/10/platform/2', 1, 0, 0),
  (25, 8, 'PUFA', 'PUFA', 'Pickup by final agent', 'http://www.openapplications.org/oagis/10/platform/2', 1, 0, 0),
  (26, 8, 'RGDB', 'RGDB', 'Registered mail to debtor', 'http://www.openapplications.org/oagis/10/platform/2', 1, 0, 0),
  (27, 8, 'RGCD', 'RGCD', 'Registered mail to creditor', 'http://www.openapplications.org/oagis/10/platform/2', 1, 0, 0),
  (28, 8, 'RGFA', 'RGFA', 'Registered mail to final agent', 'http://www.openapplications.org/oagis/10/platform/2', 1, 0, 0),
  (29, 9, 'CCHQ', 'CCHQ', NULL, NULL, 1, 0, 0),
  (30, 9, 'CCCH', 'CCCH', NULL, NULL, 1, 0, 0),
  (31, 9, 'BCHQ', 'BCHQ', NULL, NULL, 1, 0, 0),
  (32, 9, 'DFFT', 'DFFT', NULL, NULL, 1, 0, 0),
  (33, 9, 'ELDR', 'ELDR', NULL, NULL, 1, 0, 0),
  (34, 10, 'Always', 'Always', NULL, NULL, 1, 0, 0),
  (35, 10, 'OnError', 'OnError', NULL, NULL, 1, 0, 0),
  (36, 10, 'OnModification', 'OnModification', NULL, NULL, 1, 0, 0),
  (37, 10, 'OnRejection', 'OnRejection', NULL, NULL, 1, 0, 0),
  (38, 10, 'Never', 'Never', NULL, NULL, 1, 0, 0),
  (39, 11, 'Home', 'Home', NULL, NULL, 1, 0, 0),
  (40, 11, 'Work', 'Work', NULL, NULL, 1, 0, 0),
  (41, 12, 'Completeness', 'Completeness', NULL, NULL, 1, 0, 0),
  (42, 12, 'Existence or Occurance', 'Existence or Occurance', NULL, NULL, 1, 0, 0),
  (43, 12, 'Presentation and Disclosure', 'Presentation and Disclosure', NULL, NULL, 1, 0, 0),
  (44, 12, 'Rights and Obligations', 'Rights and Obligations', NULL, NULL, 1, 0, 0),
  (45, 12, 'Valuation or Measurement', 'Valuation or Measurement', NULL, NULL, 1, 0, 0),
  (46, 13, 'Trigger', 'Trigger', NULL, NULL, 1, 0, 0),
  (47, 13, 'Workflow', 'Workflow', NULL, NULL, 1, 0, 0),
  (48, 13, 'Measurement', 'Measurement', NULL, NULL, 1, 0, 0),
  (49, 14, 'Risk Assessment', 'Risk Assessment', NULL, NULL, 1, 0, 0),
  (50, 14, 'Monitoring', 'Monitoring', NULL, NULL, 1, 0, 0),
  (51, 14, 'Control Environment', 'Control Environment', NULL, NULL, 1, 0, 0),
  (52, 14, 'Control Activities', 'Control Activities', NULL, NULL, 1, 0, 0),
  (53, 14, 'Information and Communication', 'Information and Communication', NULL, NULL, 1, 0, 0),
  (54, 17, 'CASH', 'CASH', 'Cash management transfer.', 'http://www.openapplications.org/oagis/10/platform/2', 1, 0, 0),
  (55, 17, 'CORT', 'CORT', 'Payment made in settlement of a trade', 'http://www.openapplications.org/oagis/10/platform/2', 1, 0, 0),
  (56, 17, 'DIVI', 'DIVI', 'Dividend.', 'http://www.openapplications.org/oagis/10/platform/2', 1, 0, 0),
  (57, 17, 'GOVT', 'GOVT', 'Government payment.', 'http://www.openapplications.org/oagis/10/platform/2', 1, 0, 0),
  (58, 17, 'HEDG', 'HEDG', 'Hedging', 'http://www.openapplications.org/oagis/10/platform/2', 1, 0, 0),
  (59, 17, 'INTC', 'INTC', 'Intra-company payment', 'http://www.openapplications.org/oagis/10/platform/2', 1, 0, 0),
  (60, 17, 'INTE', 'INTE', 'Interest', 'http://www.openapplications.org/oagis/10/platform/2', 1, 0, 0),
  (61, 17, 'LOAN', 'LOAN', 'Loan. Transfer of loan to borrower.', 'http://www.openapplications.org/oagis/10/platform/2', 1, 0, 0),
  (62, 17, 'PENS', 'PENS', 'Pension payment', 'http://www.openapplications.org/oagis/10/platform/2', 1, 0, 0),
  (63, 17, 'SALA', 'SALA', 'Salary payment', 'http://www.openapplications.org/oagis/10/platform/2', 1, 0, 0),
  (64, 17, 'SECU', 'SECU', 'Securities.', 'http://www.openapplications.org/oagis/10/platform/2', 1, 0, 0),
  (65, 17, 'SSBE', 'SSBE', 'Social security benefit. Payment made by government to support individuals.', 'http://www.openapplications.org/oagis/10/platform/2', 1, 0, 0),
  (66, 17, 'SUPP', 'SUPP', 'Supplier payment', 'http://www.openapplications.org/oagis/10/platform/2', 1, 0, 0),
  (67, 17, 'TAXS', 'TAXS', 'Tax payment', 'http://www.openapplications.org/oagis/10/platform/2', 1, 0, 0),
  (68, 17, 'TRAD', 'TRAD', 'Trade.', 'http://www.openapplications.org/oagis/10/platform/2', 1, 0, 0),
  (69, 17, 'TREA', 'TREA', 'Treasury payment', 'http://www.openapplications.org/oagis/10/platform/2', 1, 0, 0),
  (70, 17, 'VATX', 'VATX', 'Value added Tax payment', 'http://www.openapplications.org/oagis/10/platform/2', 1, 0, 0),
  (71, 19, 'Sunday', 'Sunday', NULL, NULL, 1, 0, 0),
  (72, 19, 'Monday', 'Monday', NULL, NULL, 1, 0, 0),
  (73, 19, 'Tuesday', 'Tuesday', NULL, NULL, 1, 0, 0),
  (74, 19, 'Wednesday', 'Wednesday', NULL, NULL, 1, 0, 0),
  (75, 19, 'Thursday', 'Thursday', NULL, NULL, 1, 0, 0),
  (76, 19, 'Friday', 'Friday', NULL, NULL, 1, 0, 0),
  (77, 19, 'Saturday', 'Saturday', NULL, NULL, 1, 0, 0),
  (78, 20, 'Debit', 'Debit', NULL, NULL, 1, 0, 0),
  (79, 20, 'Credit', 'Credit', NULL, NULL, 1, 0, 0),
  (80, 22, 'HTML', 'HTML', NULL, NULL, 1, 0, 0),
  (81, 22, 'Rich Text', 'Rich Text', NULL, NULL, 1, 0, 0),
  (82, 22, 'Plain Text', 'Plain Text', NULL, NULL, 1, 0, 0),
  (83, 23, 'amendment', 'amendment', 'An activity to add information to product data', 'http://www.openapplications.org/oagis/10/platform/2', 1, 0, 0),
  (84, 23, 'analysis', 'analysis', 'An activity to determine the behavior of an element under certain physical circumstances', 'http://www.openapplications.org/oagis/10/platform/2', 1, 0, 0),
  (85, 23, 'cancellation', 'cancellation', 'An activity to delete an element from the bill of material or to cancel he whole bill of material', 'http://www.openapplications.org/oagis/10/platform/2', 1, 0, 0),
  (86, 23, 'deliveryChange', 'deliveryChange', 'An actity to change the delivery schedule of an element', 'http://www.openapplications.org/oagis/10/platform/2', 1, 0, 0),
  (87, 23, 'designChange', 'designChange', 'An activity to change the design of an item or an assembly; this might include changes to the geometry or to the properties of the object', 'http://www.openapplications.org/oagis/10/platform/2', 1, 0, 0),
  (88, 23, 'design', 'design', 'An activity concerning the development of a design of an item', 'http://www.openapplications.org/oagis/10/platform/2', 1, 0, 0),
  (89, 23, 'mockUpCreation', 'mockUpCreation', 'An activity to create an experimental model or replica of an item', 'http://www.openapplications.org/oagis/10/platform/2', 1, 0, 0),
  (90, 23, 'protoypeBuilding', 'protoypeBuilding', 'An activity to manufacture a preliminary version of an item', 'http://www.openapplications.org/oagis/10/platform/2', 1, 0, 0),
  (91, 23, 'rectification', 'rectification', 'An activity to correct the data, documentation or structure associated wih an item', 'http://www.openapplications.org/oagis/10/platform/2', 1, 0, 0),
  (92, 23, 'restructuring', 'restructuring', 'An activity to create an new structure or position within a bill of material without changin the data associated with the items in the bill of material', 'http://www.openapplications.org/oagis/10/platform/2', 1, 0, 0),
  (93, 23, 'sparePartCreation', 'sparePartCreation', 'An activity to design a spare part or to classify an item as a spare part', 'http://www.openapplications.org/oagis/10/platform/2', 1, 0, 0),
  (94, 23, 'stopNotice', 'stopNotice', 'An activity to stop the manufacturing process of an item', 'http://www.openapplications.org/oagis/10/platform/2', 1, 0, 0),
  (95, 23, 'testing', 'testing', 'An activity to test an item', 'http://www.openapplications.org/oagis/10/platform/2', 1, 0, 0),
  (96, 24, 'designDeviationPermit', 'designDeviationPermit', 'An authorization for a deviation from the approved design data', 'http://www.openapplications.org/oagis/10/platform/2', 1, 0, 0),
  (97, 24, 'designRelease', 'designRelease', 'An auhorization for the design of a product or of an item or o create a bill of material', 'http://www.openapplications.org/oagis/10/platform/2', 1, 0, 0),
  (98, 24, 'managementResolution', 'managementResolution', 'An authorization by a committee, such as the board of directos, to design or change an item', 'http://www.openapplications.org/oagis/10/platform/2', 1, 0, 0),
  (99, 24, 'manufacturingRelease', 'manufacturingRelease', 'An authorization for the manufacturing process of a product or of an item', 'http://www.openapplications.org/oagis/10/platform/2', 1, 0, 0),
  (100, 24, 'productionDeviationPermit', 'productionDeviationPermit', 'An authorization for a deviation from the approved manufacturing process', 'http://www.openapplications.org/oagis/10/platform/2', 1, 0, 0),
  (101, 25, 'ChangeOfStandard', 'ChangeOfStandard', 'A request to translate a change to a standard into action', 'http://www.openapplications.org/oagis/10/platform/2', 1, 0, 0),
  (102, 25, 'CostReduction', 'CostReduction', 'A request aimed at reducing the engineering and manufacturing costs of an item', 'http://www.openapplications.org/oagis/10/platform/2', 1, 0, 0),
  (103, 25, 'CustomerRejection', 'CustomerRejection', 'A request resulting from a rejection by a customer', 'http://www.openapplications.org/oagis/10/platform/2', 1, 0, 0),
  (104, 25, 'CustomerRequest', 'CustomerRequest', 'A request for an activity that is necessary to solve the request of a customer', 'http://www.openapplications.org/oagis/10/platform/2', 1, 0, 0),
  (105, 25, 'DurabilityImprovement', 'DurabilityImprovement', 'A request aimed at extending the life time of an item', 'http://www.openapplications.org/oagis/10/platform/2', 1, 0, 0),
  (106, 25, 'GovernmentRegulation', 'GovernmentRegulation', 'A request resulting from legal requirements', 'http://www.openapplications.org/oagis/10/platform/2', 1, 0, 0),
  (107, 25, 'ProcurementAlignment', 'ProcurementAlignment', NULL, NULL, 1, 0, 0),
  (108, 25, 'ProductionAlignment', 'ProductionAlignment', NULL, NULL, 1, 0, 0),
  (109, 25, 'ProductionRelief', 'ProductionRelief', NULL, NULL, 1, 0, 0),
  (110, 25, 'ProductionRequirement', 'ProductionRequirement', NULL, NULL, 1, 0, 0),
  (111, 25, 'QualityImprovement', 'QualityImprovement', NULL, NULL, 1, 0, 0),
  (112, 25, 'SecuriyReason', 'SecuriyReason', NULL, NULL, 1, 0, 0),
  (113, 25, 'Standardization', 'Standardization', NULL, NULL, 1, 0, 0),
  (114, 25, 'SupplierRequest', 'SupplierRequest', NULL, NULL, 1, 0, 0),
  (115, 25, 'TechnicalImprovement', 'TechnicalImprovement', NULL, NULL, 1, 0, 0),
  (116, 25, 'ToolImprovement', 'ToolImprovement', NULL, NULL, 1, 0, 0),
  (117, 26, 'inWork', 'inWork', NULL, NULL, 1, 0, 0),
  (118, 26, 'issued', 'issued', NULL, NULL, 1, 0, 0),
  (119, 27, 'CHQB', 'CHQB', 'Pay creditor only by check. The creditor\'s account number must not be specified.', 'http://www.openapplications.org/oagis/10/platform/2', 1, 0, 0),
  (120, 27, 'HOLD', 'HOLD', 'Hold cash for creditor. Creditor will call; pay upon identification.', 'http://www.openapplications.org/oagis/10/platform/2', 1, 0, 0),
  (121, 27, 'PHOB', 'PHOB', 'Please advise/contact beneficiary/claimant by phone.', 'http://www.openapplications.org/oagis/10/platform/2', 1, 0, 0),
  (122, 27, 'TELB', 'TELB', 'Please advise/contact beneficiary/claimant by the most efficient means of telecommunication.', 'http://www.openapplications.org/oagis/10/platform/2', 1, 0, 0),
  (123, 29, 'Male', 'Male', NULL, NULL, 1, 0, 0),
  (124, 29, 'Female', 'Female', NULL, NULL, 1, 0, 0),
  (125, 29, 'Unknown', 'Unknown', NULL, NULL, 1, 0, 0),
  (126, 32, 'Import', 'Import', NULL, NULL, 1, 0, 0),
  (127, 32, 'Export', 'Export', NULL, NULL, 1, 0, 0),
  (128, 33, 'Divorced', 'Divorced', NULL, NULL, 1, 0, 0),
  (129, 33, 'Married', 'Married', NULL, NULL, 1, 0, 0),
  (130, 33, 'NeverMarried', 'NeverMarried', NULL, NULL, 1, 0, 0),
  (131, 33, 'Separated', 'Separated', NULL, NULL, 1, 0, 0),
  (132, 33, 'SignificantOther', 'SignificantOther', NULL, NULL, 1, 0, 0),
  (133, 33, 'Widowed', 'Widowed', NULL, NULL, 1, 0, 0),
  (134, 33, 'Unknown', 'Unknown', NULL, NULL, 1, 0, 0),
  (135, 34, '2', '2', NULL, NULL, 1, 0, 0),
  (136, 34, '3', '3', NULL, NULL, 1, 0, 0),
  (137, 34, '4', '4', NULL, NULL, 1, 0, 0),
  (138, 35, 'Invoice', 'Invoice', NULL, NULL, 1, 0, 0),
  (139, 35, 'Purchase Order', 'Purchase Order', NULL, NULL, 1, 0, 0),
  (140, 35, 'Receipt', 'Receipt', NULL, NULL, 1, 0, 0),
  (141, 35, 'Inspection', 'Inspection', NULL, NULL, 1, 0, 0),
  (142, 37, 'Organization', 'Organization', NULL, NULL, 1, 0, 0),
  (143, 37, 'Individual', 'Individual', NULL, NULL, 1, 0, 0),
  (144, 39, 'InvoiceDate', 'InvoiceDate', NULL, NULL, 1, 0, 0),
  (145, 39, 'ShippingDate', 'ShippingDate', NULL, NULL, 1, 0, 0),
  (146, 39, 'DeliveryDate', 'DeliveryDate', NULL, NULL, 1, 0, 0),
  (147, 39, 'PurchaseOrderDate', 'PurchaseOrderDate', NULL, NULL, 1, 0, 0),
  (148, 39, 'ReceiptOfGoodsDate', 'ReceiptOfGoodsDate', NULL, NULL, 1, 0, 0),
  (149, 39, 'AcceptanceOfGoodsDate', 'AcceptanceOfGoodsDate', NULL, NULL, 1, 0, 0),
  (150, 39, 'AcceptanceOfOrderDate', 'AcceptanceOfOrderDate', NULL, NULL, 1, 0, 0),
  (151, 40, 'ADVA', 'ADVA', NULL, NULL, 1, 0, 0),
  (152, 40, 'AGRT', 'AGRT', NULL, NULL, 1, 0, 0),
  (153, 40, 'ALMY', 'ALMY', NULL, NULL, 1, 0, 0),
  (154, 40, 'BECH', 'BECH', NULL, NULL, 1, 0, 0),
  (155, 40, 'BENE', 'BENE', NULL, NULL, 1, 0, 0),
  (156, 40, 'BONU', 'BONU', NULL, NULL, 1, 0, 0),
  (157, 40, 'CASH', 'CASH', NULL, NULL, 1, 0, 0),
  (158, 40, 'CBFF', 'CBFF', NULL, NULL, 1, 0, 0),
  (159, 40, 'CHAR', 'CHAR', NULL, NULL, 1, 0, 0),
  (160, 40, 'CMDT', 'CMDT', NULL, NULL, 1, 0, 0),
  (161, 40, 'COLL', 'COLL', NULL, NULL, 1, 0, 0),
  (162, 40, 'COMC', 'COMC', NULL, NULL, 1, 0, 0),
  (163, 40, 'COMM', 'COMM', NULL, NULL, 1, 0, 0),
  (164, 40, 'CONS', 'CONS', NULL, NULL, 1, 0, 0),
  (165, 40, 'COST', 'COST', NULL, NULL, 1, 0, 0),
  (166, 40, 'CPYR', 'CPYR', NULL, NULL, 1, 0, 0),
  (167, 40, 'DBTC', 'DBTC', NULL, NULL, 1, 0, 0),
  (168, 40, 'DIVI', 'DIVI', NULL, NULL, 1, 0, 0),
  (169, 40, 'FREX', 'FREX', NULL, NULL, 1, 0, 0),
  (170, 40, 'GDDS', 'GDDS', NULL, NULL, 1, 0, 0),
  (171, 40, 'GOVT', 'GOVT', NULL, NULL, 1, 0, 0),
  (172, 40, 'HEDG', 'HEDG', NULL, NULL, 1, 0, 0),
  (173, 40, 'IHRP', 'IHRP', NULL, NULL, 1, 0, 0),
  (174, 40, 'INSU', 'INSU', NULL, NULL, 1, 0, 0),
  (175, 40, 'INTC', 'INTC', NULL, NULL, 1, 0, 0),
  (176, 40, 'INTE', 'INTE', NULL, NULL, 1, 0, 0),
  (177, 40, 'LICF', 'LICF', NULL, NULL, 1, 0, 0),
  (178, 40, 'LOAN', 'LOAN', NULL, NULL, 1, 0, 0),
  (179, 40, 'LOAR', 'LOAR', NULL, NULL, 1, 0, 0),
  (180, 40, 'NETT', 'NETT', NULL, NULL, 1, 0, 0),
  (181, 40, 'PAYR', 'PAYR', NULL, NULL, 1, 0, 0),
  (182, 40, 'PENS', 'PENS', NULL, NULL, 1, 0, 0),
  (183, 40, 'REFU', 'REFU', NULL, NULL, 1, 0, 0),
  (184, 40, 'RENT', 'RENT', NULL, NULL, 1, 0, 0),
  (185, 40, 'ROYA', 'ROYA', NULL, NULL, 1, 0, 0),
  (186, 40, 'SALA', 'SALA', NULL, NULL, 1, 0, 0),
  (187, 40, 'SCVE', 'SCVE', NULL, NULL, 1, 0, 0),
  (188, 40, 'SECU', 'SECU', NULL, NULL, 1, 0, 0),
  (189, 40, 'SSBE', 'SSBE', NULL, NULL, 1, 0, 0),
  (190, 40, 'SUBS', 'SUBS', NULL, NULL, 1, 0, 0),
  (191, 40, 'TAXS', 'TAXS', NULL, NULL, 1, 0, 0),
  (192, 40, 'TREA', 'TREA', NULL, NULL, 1, 0, 0),
  (193, 40, 'VATX', 'VATX', NULL, NULL, 1, 0, 0),
  (194, 40, 'VENP', 'VENP', NULL, NULL, 1, 0, 0),
  (195, 41, 'Cash', 'Cash', NULL, NULL, 1, 0, 0),
  (196, 41, 'Check', 'Check', NULL, NULL, 1, 0, 0),
  (197, 41, 'CreditCard', 'CreditCard', NULL, NULL, 1, 0, 0),
  (198, 41, 'DebitCard', 'DebitCard', NULL, NULL, 1, 0, 0),
  (199, 41, 'ElectronicFundsTransfer', 'ElectronicFundsTransfer', NULL, NULL, 1, 0, 0),
  (200, 41, 'ProcurementCard', 'ProcurementCard', NULL, NULL, 1, 0, 0),
  (201, 41, 'BankDraft', 'BankDraft', NULL, NULL, 1, 0, 0),
  (202, 41, 'PurchaseOrder', 'PurchaseOrder', NULL, NULL, 1, 0, 0),
  (203, 41, 'CreditTransfer', 'CreditTransfer', NULL, NULL, 1, 0, 0),
  (204, 42, 'ACH', 'ACH', 'Payment has to be executed through an Automated Clearing House', 'http://www.openapplications.org/oagis/10/platform/2', 1, 0, 0),
  (205, 42, 'RTGS', 'RTGS', 'Payment has to be executed through Real time gross settlement system.', 'http://www.openapplications.org/oagis/10/platform/2', 1, 0, 0),
  (206, 42, 'Fednet', 'Fednet', 'Payment has to be executed through FedNet', 'http://www.openapplications.org/oagis/10/platform/2', 1, 0, 0),
  (207, 42, 'CHIPS', 'CHIPS', 'Payment has to be executed through CHIPS.', 'http://www.openapplications.org/oagis/10/platform/2', 1, 0, 0),
  (208, 43, 'Net20', 'Net20', NULL, NULL, 1, 0, 0),
  (209, 43, 'Net30', 'Net30', NULL, NULL, 1, 0, 0),
  (210, 43, 'Net45', 'Net45', NULL, NULL, 1, 0, 0),
  (211, 43, 'Net60', 'Net60', NULL, NULL, 1, 0, 0),
  (212, 43, '10Percent30', '10Percent30', NULL, NULL, 1, 0, 0),
  (213, 44, 'Routine', 'Routine', NULL, NULL, 1, 0, 0),
  (214, 44, 'Non-Routine', 'Non-Routine', NULL, NULL, 1, 0, 0),
  (215, 44, 'Estimating', 'Estimating', NULL, NULL, 1, 0, 0),
  (216, 45, 'OnReceipt', 'OnReceipt', NULL, NULL, 1, 0, 0),
  (217, 45, 'OnValidation', 'OnValidation', NULL, NULL, 1, 0, 0),
  (218, 45, 'OnCompletion', 'OnCompletion', NULL, NULL, 1, 0, 0),
  (219, 45, 'OnAll', 'OnAll', NULL, NULL, 1, 0, 0),
  (220, 47, 'Daily', 'Daily', NULL, NULL, 1, 0, 0),
  (221, 47, 'Weekly', 'Weekly', NULL, NULL, 1, 0, 0),
  (222, 47, 'Monthly', 'Monthly', NULL, NULL, 1, 0, 0),
  (223, 47, 'Yearly', 'Yearly', NULL, NULL, 1, 0, 0),
  (224, 48, 'FAX', 'FAX', 'Remittance advice information needs to be faxed.', 'http://www.openapplications.org/oagis/10/platform/2', 1, 0, 0),
  (225, 48, 'EDI', 'EDI', 'Remittance advice information needs to be sent through Electronic Data Interchange.', 'http://www.openapplications.org/oagis/10/platform/2', 1, 0, 0),
  (226, 48, 'URI', 'URI', 'Remittance advice information needs to be sent to a Uniform Resource Identifier (URI). URI is a compact string of characters that uniquely identify an abstract or physical resource. URI\'s are the super-set of identifiers, such as URLs, email addresses, ftp sites, etc, and as such, provide the syntax for all of the identification schemes.', 'http://www.openapplications.org/oagis/10/platform/2', 1, 0, 0),
  (227, 48, 'EML', 'EML', NULL, NULL, 1, 0, 0),
  (228, 48, 'PST', 'PST', NULL, NULL, 1, 0, 0),
  (229, 50, 'Accepted', 'Accepted', NULL, NULL, 1, 0, 0),
  (230, 50, 'Modified', 'Modified', NULL, NULL, 1, 0, 0),
  (231, 50, 'Rejected', 'Rejected', NULL, NULL, 1, 0, 0),
  (232, 51, 'Always', 'Always', NULL, NULL, 1, 0, 0),
  (233, 51, 'OnError', 'OnError', NULL, NULL, 1, 0, 0),
  (234, 51, 'OnModification', 'OnModification', NULL, NULL, 1, 0, 0),
  (235, 51, 'OnRejection', 'OnRejection', NULL, NULL, 1, 0, 0),
  (236, 51, 'Never', 'Never', NULL, NULL, 1, 0, 0),
  (237, 52, 'Compliance with applicable laws and regulations', 'Compliance with applicable laws and regulations', NULL, NULL, 1, 0, 0),
  (238, 52, 'Effectiveness and efficiency of operations', 'Effectiveness and efficiency of operations', NULL, NULL, 1, 0, 0),
  (239, 52, 'Reliability of Financial Statements', 'Reliability of Financial Statements', NULL, NULL, 1, 0, 0),
  (240, 53, 'LiteratureRequest', 'LiteratureRequest', NULL, NULL, 1, 0, 0),
  (241, 53, 'NewLead', 'NewLead', NULL, NULL, 1, 0, 0),
  (242, 53, 'DeadContent', 'DeadContent', NULL, NULL, 1, 0, 0),
  (243, 53, 'TrafficReport', 'TrafficReport', NULL, NULL, 1, 0, 0),
  (244, 53, 'Sold', 'Sold', NULL, NULL, 1, 0, 0),
  (245, 53, 'EMail', 'EMail', NULL, NULL, 1, 0, 0),
  (246, 53, 'Letter', 'Letter', NULL, NULL, 1, 0, 0),
  (247, 53, 'Fax', 'Fax', NULL, NULL, 1, 0, 0),
  (248, 54, 'Meeting', 'Meeting', NULL, NULL, 1, 0, 0),
  (249, 54, 'ConferenceCall', 'ConferenceCall', NULL, NULL, 1, 0, 0),
  (250, 54, 'FollowUp', 'FollowUp', NULL, NULL, 1, 0, 0),
  (251, 54, 'EMail', 'EMail', NULL, NULL, 1, 0, 0),
  (252, 56, 'Production', 'Production', NULL, NULL, 1, 0, 0),
  (253, 56, 'Test', 'Test', NULL, NULL, 1, 0, 0),
  (254, 59, 'Complete', 'Complete', NULL, NULL, 1, 0, 0),
  (255, 59, 'Return', 'Return', NULL, NULL, 1, 0, 0),
  (256, 61, 'PRE', 'PRE', 'Precondition\n						A precondition to an operation is a restriction that must be true at the moment that the operation is going to be executed', 'http://www.openapplications.org/oagis/10', 1, 0, 0),
  (257, 61, 'POST', 'POST', 'Postcondition\n						A postcondition to an operation is a restriction that must be true at the moment that the operation has just ended its execution', 'http://www.openapplications.org/oagis/10', 1, 0, 0),
  (258, 61, 'INV', 'INV', 'Invariant\n						An invariant is a constraint that states a condition that must always be met by all instances of the class, type, or interface. An invariant is described using an expression that evaluates to true if the invariant is met. Invariants must be true all the time.', 'http://www.openapplications.org/oagis/10', 1, 0, 0),
  (259, 62, 'UNS', 'UNS', 'Unstructured\n						An unstructured constraint is expressed in plain text without any formalism other than the grammar of the language in which it is expressed', 'http://www.openapplications.org/oagis/10', 1, 0, 0),
  (260, 62, 'OCL', 'OCL', 'OCL\n						The Object Constraint Language is a declarative language for describing rules that apply to Unified Modeling Language (UML) models', 'http://www.openapplications.org/oagis/10', 1, 0, 0),
  (261, 62, 'SBVR', 'SBVR', 'Semantics of Business Vocabulary and Business Rules\n						The Semantics of Business Vocabulary and Business Rules (SBVR) is a formal and detailed natural language declarative description of a complex entity that is an integral part of the OMG Model Driven Architecture (MDA)', 'http://www.openapplications.org/oagis/10', 1, 0, 0),
  (262, 62, 'XSRE', 'XSRE', 'XML Schema Regular Expression\n						XML Schema Regular Expression is used to formally define the pattern facet in a W3C XML Schema Definition Language Schema', 'http://www.openapplications.org/oagis/10', 1, 0, 0),
  (263, 62, 'ECL', 'ECL', 'Eclipse\n						The Eclipse language is a constraint logic programming system that implements an open source programming language', 'http://www.openapplications.org/oagis/10', 1, 0, 0),
  (264, 62, 'CHIP', 'CHIP', 'Constraint Handling in Prolog\n						The Constraint Handling in Prolog (CHIP) language is used to tell an object what to do', 'http://www.openapplications.org/oagis/10', 1, 0, 0),
  (265, 62, 'CAT', 'CAT', 'Catalysis\n						Catalysis is an approach for the systematic business-driven development of component-based systems based on the Unified Modeling Language', 'http://www.openapplications.org/oagis/10', 1, 0, 0),
  (266, 62, 'BON', 'BON', 'Business Object Notation\n						Business Object Notation is a method and graphical notation for high-level object oriented analysis and design', 'http://www.openapplications.org/oagis/10', 1, 0, 0),
  (267, 62, 'NCL', 'NCL', 'Natural Constraint Language\n						The Natural Constraint Language is a description language with mathematical logic as syntax', 'http://www.openapplications.org/oagis/10', 1, 0, 0),
  (268, 62, 'PERL', 'PERL', 'Perl\n						Scripting program language', 'http://www.openapplications.org/oagis/10', 1, 0, 0),
  (269, 62, 'SCR', 'SCR', 'Schematron\n						XML Schematron', 'http://www.openapplications.org/oagis/10', 1, 0, 0),
  (270, 63, 'YYYY-MM-DD', 'YYYY-MM-DD', 'Gregorian Date\n						ISO 8601 Date extended format: YYYY-MM-DD', 'http://www.openapplications.org/oagis/10', 1, 0, 0),
  (271, 63, 'YYYY-MM', 'YYYY-MM', 'Year and Month\n						ISO 8601 Date extended format: YYYY-MM', 'http://www.openapplications.org/oagis/10', 1, 0, 0),
  (272, 63, 'YYYY', 'YYYY', 'Year\n						ISO 8601 Date extended format: YYYY', 'http://www.openapplications.org/oagis/10', 1, 0, 0),
  (273, 63, 'YY', 'YY', 'Century\n						ISO 8601 Date extended format: YY', 'http://www.openapplications.org/oagis/10', 1, 0, 0),
  (274, 63, '--MM-DD', '--MM-DD', 'Month and Day\n						ISO 8601 Date extended format: --MM-DD', 'http://www.openapplications.org/oagis/10', 1, 0, 0),
  (275, 63, '--MM--', '--MM--', 'Month\n						ISO 8601 Date extended format: --MM--', 'http://www.openapplications.org/oagis/10', 1, 0, 0),
  (276, 63, '---DD', '---DD', 'Day of Month\n						ISO 8601 Date extended format: ---DD', 'http://www.openapplications.org/oagis/10', 1, 0, 0),
  (277, 63, 'YYYY-DDD', 'YYYY-DDD', 'Ordinal Date\n						ISO 8601 Date extended format: YYYY-DDD', 'http://www.openapplications.org/oagis/10', 1, 0, 0),
  (278, 63, '-DDD', '-DDD', 'Day of Year\n						ISO 8601 Date extended format: -DDD', 'http://www.openapplications.org/oagis/10', 1, 0, 0),
  (279, 63, 'YYYY-Www-D', 'YYYY-Www-D', 'Week Date\n						ISO 8601 Date extended format: YYYY-Www-D', 'http://www.openapplications.org/oagis/10', 1, 0, 0),
  (280, 63, '-Www-D', '-Www-D', 'Week and Day\n						ISO 8601 Date extended format: -Www-D', 'http://www.openapplications.org/oagis/10', 1, 0, 0),
  (281, 63, 'YYYY-Www', 'YYYY-Www', 'Year and Week\n						ISO 8601 Date extended format: YYYY-Www', 'http://www.openapplications.org/oagis/10', 1, 0, 0),
  (282, 63, '-Www', '-Www', 'Week\n						ISO 8601 Date extended format: -Www', 'http://www.openapplications.org/oagis/10', 1, 0, 0),
  (283, 63, '-W-D', '-W-D', 'Day of Week\n						ISO 8601 Date extended format: -W-D', 'http://www.openapplications.org/oagis/10', 1, 0, 0),
  (284, 64, 'YYYY-MM-DDThh:mm:ss', 'YYYY-MM-DDThh:mm:ss', 'Local Date and Time\n						ISO 8601 Date and Time extended format: YYYY-MM-DDThh:mm:ss with optional fraction of second allowed (YYYY-MM-DDThh:mm:ss,ss)', 'http://www.openapplications.org/oagis/10', 1, 0, 0),
  (285, 64, 'YYYY-MM-DDThh:mm:ss+hh:mm', 'YYYY-MM-DDThh:mm:ss+hh:mm', 'Date and Time with UTC Offset\n						ISO 8601 Date and Time extended format: YYYY-MM-DDThh:mm:ss+hh:mm with optional fraction of second allowed (YYYY-MM-DDThh:mm:ss,ss+hh:mm)', 'http://www.openapplications.org/oagis/10', 1, 0, 0),
  (286, 64, 'YYYY-MM-DDThh:mm:ssZ', 'YYYY-MM-DDThh:mm:ssZ', 'UTC Date and Time\n						ISO 8601 Date and Time extended format: YYYY-MM-DDThh:mm:ssZ with optional fraction of second allowed (YYYY-MM-DDThh:mm:ss,ssZ)', 'http://www.openapplications.org/oagis/10', 1, 0, 0),
  (287, 64, 'YYYY-MM-DDThh:mm', 'YYYY-MM-DDThh:mm', 'Local Date and Hour and Minute\n						ISO 8601 Date and Time extended format: YYYY-MM-DDThh:mm', 'http://www.openapplications.org/oagis/10', 1, 0, 0),
  (288, 64, 'YYYY-MM-DDThh:mmZ', 'YYYY-MM-DDThh:mmZ', 'UTC Date and Hour and Minute\n						ISO 8601 Date and Time extended format: YYYY-MM-DDThh:mmZ', 'http://www.openapplications.org/oagis/10', 1, 0, 0),
  (289, 64, 'YYYY-MM-DDThh:mm+hh:mm', 'YYYY-MM-DDThh:mm+hh:mm', 'Date and Hour and Minute with UTC offset\n						ISO 8601 Date and Time extended format: YYYY-MM-DDThh:mm+hh:mm', 'http://www.openapplications.org/oagis/10', 1, 0, 0),
  (290, 64, 'YYYY-MM-DDThh', 'YYYY-MM-DDThh', 'Local Date and Hour\n						ISO 8601 Date and Time extended format: YYYY-MM-DDThh', 'http://www.openapplications.org/oagis/10', 1, 0, 0),
  (291, 64, 'YYYY-MM-DDThhZ', 'YYYY-MM-DDThhZ', 'UTC Date and Hour\n						ISO 8601 Date and Time extended format: YYYY-MM-DDThhZ', 'http://www.openapplications.org/oagis/10', 1, 0, 0),
  (292, 64, 'YYYY-MM-DDThh+hh:mm', 'YYYY-MM-DDThh+hh:mm', 'Date and Hour with UTC offset\n						ISO 8601 Date and Time extended format: YYYY-MM-DDThh+hh:mm', 'http://www.openapplications.org/oagis/10', 1, 0, 0),
  (293, 64, 'YYYY-MM-DD', 'YYYY-MM-DD', 'Calendar Date\n						ISO 8601 Date and Time extended format: YYYY-MM-DD', 'http://www.openapplications.org/oagis/10', 1, 0, 0),
  (294, 64, '--MM-DDThh:mm:ss', '--MM-DDThh:mm:ss', 'Local Month and Day and Time\n						ISO 8601 Date and Time extended format: --MM-DDThh:mm:ss with optional fraction of second allowed --MM-DDThh:mm:ss,ss)', 'http://www.openapplications.org/oagis/10', 1, 0, 0),
  (295, 64, '--MM-DDThh:mm:ss+hh:mm', '--MM-DDThh:mm:ss+hh:mm', 'Month and Day and Time with UTC Offset\n						ISO 8601 Date and Time extended format: --MM-DDThh:mm:ss+hh:mm with optional fraction of second allowed (--MM-DDThh:mm:ss,ss+hh:mm)', 'http://www.openapplications.org/oagis/10', 1, 0, 0),
  (296, 64, '--MM-DDThh:mm:ssZ', '--MM-DDThh:mm:ssZ', 'UTC Month and Day and Time\n						ISO 8601 Date and Time extended format: --MM-DDThh:mm:ssZ with optional fraction of second allowed (--MM-DDThh:mm:ss,ssZ)', 'http://www.openapplications.org/oagis/10', 1, 0, 0),
  (297, 64, '--MM-DDThh:mm', '--MM-DDThh:mm', 'Local Month and Day and Hour and Minute\n						ISO 8601 Date and Time extended format: --MM-DDThh:mm', 'http://www.openapplications.org/oagis/10', 1, 0, 0),
  (298, 64, '--MM-DDThh:mmZ', '--MM-DDThh:mmZ', 'UTC Month and Day and Hour and Minute\n						ISO 8601 Date and Time extended format: --MM-DDThh:mmZ', 'http://www.openapplications.org/oagis/10', 1, 0, 0),
  (299, 64, '--MM-DDThh:mm+hh:mm', '--MM-DDThh:mm+hh:mm', 'Month and Day and Hour and Minute with UTC offset\n						ISO 8601 Date and Time extended format: --MM-DDThh:mm+hh:mm', 'http://www.openapplications.org/oagis/10', 1, 0, 0),
  (300, 64, '--MM-DDThh', '--MM-DDThh', 'Local Month and Day and Hour\n						ISO 8601 Date and Time extended format: --MM-DDThh', 'http://www.openapplications.org/oagis/10', 1, 0, 0),
  (301, 64, '--MM-DDThhZ', '--MM-DDThhZ', 'UTC Month and Day and Hour\n						ISO 8601 Date and Time extended format: --MM-DDThhZ', 'http://www.openapplications.org/oagis/10', 1, 0, 0),
  (302, 64, '--MM-DDThh+hh:mm', '--MM-DDThh+hh:mm', 'Month and Day and Hour with UTC offset\n						ISO 8601 Date and Time extended format: --MM-DDThh+hh:mm', 'http://www.openapplications.org/oagis/10', 1, 0, 0),
  (303, 64, '--MM-DD', '--MM-DD', 'Month and Day\n						ISO 8601 Date and Time extended format: --MM-DD', 'http://www.openapplications.org/oagis/10', 1, 0, 0),
  (304, 64, '---DDThh:mm:ss', '---DDThh:mm:ss', 'Local Day of Month and Time\n						ISO 8601 Date and Time extended format: ---DDThh:mm:ss with optional fraction of second allowed ---DDThh:mm:ss,ss)', 'http://www.openapplications.org/oagis/10', 1, 0, 0),
  (305, 64, '---DDThh:mm:ss+hh:mm', '---DDThh:mm:ss+hh:mm', 'Day of Month and Time with UTC Offset\n						ISO 8601 Date and Time extended format: ---DDThh:mm:ss+hh:mm with optional fraction of second allowed (---DDThh:mm:ss,ss+hh:mm)', 'http://www.openapplications.org/oagis/10', 1, 0, 0),
  (306, 64, '---DDThh:mm:ssZ', '---DDThh:mm:ssZ', 'UTC Day of Month and Time\n						ISO 8601 Date and Time extended format: ---DDThh:mm:ssZ with optional fraction of second allowed (---DDThh:mm:ss,ssZ)', 'http://www.openapplications.org/oagis/10', 1, 0, 0),
  (307, 64, '---DDThh:mm', '---DDThh:mm', 'Local Day of Month and Hour and Minute\n						ISO 8601 Date and Time extended format: ---DDThh:mm', 'http://www.openapplications.org/oagis/10', 1, 0, 0),
  (308, 64, '---DDThh:mmZ', '---DDThh:mmZ', 'UTC Day of Month and Hour and Minute\n						ISO 8601 Date and Time extended format: ---DDThh:mmZ', 'http://www.openapplications.org/oagis/10', 1, 0, 0),
  (309, 64, '---DDThh:mm+hh:mm', '---DDThh:mm+hh:mm', 'Day of Month and Hour and Minute with UTC offset\n						ISO 8601 Date and Time extended format: ---DDThh:mm+hh:mm', 'http://www.openapplications.org/oagis/10', 1, 0, 0),
  (310, 64, '---DDThh', '---DDThh', 'Local Day of Month and Hour\n						ISO 8601 Date and Time extended format: --MM-DDThh', 'http://www.openapplications.org/oagis/10', 1, 0, 0),
  (311, 64, '---DDThhZ', '---DDThhZ', 'UTC Day of Month and Hour\n						ISO 8601 Date and Time extended format: ---DDThhZ', 'http://www.openapplications.org/oagis/10', 1, 0, 0),
  (312, 64, '---DDThh+hh:mm', '---DDThh+hh:mm', 'Day of Month and Hour with UTC offset\n						ISO 8601 Date and Time extended format: ---DDThh+hh:mm', 'http://www.openapplications.org/oagis/10', 1, 0, 0),
  (313, 64, '---DD', '---DD', 'Day of Month\n						ISO 8601 Date and Time extended format: --MM-DD', 'http://www.openapplications.org/oagis/10', 1, 0, 0),
  (314, 64, 'YYYY-DDDThh:mm:ss', 'YYYY-DDDThh:mm:ss', 'Local Ordinal Date and Time\n						ISO 8601 Date and Time extended format: YYYY-DDDThh:mm:ss with optional fraction of second allowed (YYYY-DDDThh:mm:ss,ss)', 'http://www.openapplications.org/oagis/10', 1, 0, 0),
  (315, 64, 'YYYY-DDDThh:mm:ss+hh:mm', 'YYYY-DDDThh:mm:ss+hh:mm', 'Ordinal Date and Time with UTC Offset\n						ISO 8601 Date and Time extended format: YYYY-DDDThh:mm:ss+hh:mm with optional fraction of second allowed (YYYY-DDDThh:mm:ss,ss+hh:mm)', 'http://www.openapplications.org/oagis/10', 1, 0, 0),
  (316, 64, 'YYYY-DDDThh:mm:ssZ', 'YYYY-DDDThh:mm:ssZ', 'UTC Ordinal Date and Time\n						ISO 8601 Date and Time extended format: YYYY-DDDThh:mm:ssZ with optional fraction of second allowed (YYYY-DDDThh:mm:ss,ssZ)', 'http://www.openapplications.org/oagis/10', 1, 0, 0),
  (317, 64, 'YYYY-DDDThh:mm', 'YYYY-DDDThh:mm', 'Local Ordinal Date and Hour and Minute\n						ISO 8601 Date and Time extended format: YYYY-DDDThh:mm', 'http://www.openapplications.org/oagis/10', 1, 0, 0),
  (318, 64, 'YYYY-DDDThh:mmZ', 'YYYY-DDDThh:mmZ', 'UTC Ordinal Date and Hour and Minute\n						ISO 8601 Date and Time extended format: YYYY-DDDThh:mmZ', 'http://www.openapplications.org/oagis/10', 1, 0, 0),
  (319, 64, 'YYYY-DDDThh:mm+hh:mm', 'YYYY-DDDThh:mm+hh:mm', 'Ordinal Date and Hour and Minute with UTC offset\n						ISO 8601 Date and Time extended format: YYYY-DDDThh:mm+hh:mm', 'http://www.openapplications.org/oagis/10', 1, 0, 0),
  (320, 64, 'YYYY-DDDThh', 'YYYY-DDDThh', 'Local Ordinal Date and Hour\n						ISO 8601 Date and Time extended format: YYYY-DDDThh', 'http://www.openapplications.org/oagis/10', 1, 0, 0),
  (321, 64, 'YYYY-DDDThhZ', 'YYYY-DDDThhZ', 'UTC Ordinal Date and Hour\n						ISO 8601 Date and Time extended format: YYYY-DDDThhZ', 'http://www.openapplications.org/oagis/10', 1, 0, 0),
  (322, 64, 'YYYY-DDDThh+hh:mm', 'YYYY-DDDThh+hh:mm', 'Ordinal Date and Hour with UTC offset\n						ISO 8601 Date and Time extended format: YYYY-DDDThh+hh:mm', 'http://www.openapplications.org/oagis/10', 1, 0, 0),
  (323, 64, 'YYYY-DDD', 'YYYY-DDD', 'Ordinal Date\n						ISO 8601 Date and Time extended format: YYYY-DDD', 'http://www.openapplications.org/oagis/10', 1, 0, 0),
  (324, 64, '-DDDThh:mm:ss', '-DDDThh:mm:ss', 'Local Day of Year and Time\n						ISO 8601 Date and Time extended format: -DDDThh:mm:ss with optional fraction of second allowed (YYYY-DDDThh:mm:ss,ss)', 'http://www.openapplications.org/oagis/10', 1, 0, 0),
  (325, 64, '-DDDThh:mm:ss+hh:mm', '-DDDThh:mm:ss+hh:mm', 'Day of Year and Time with UTC Offset\n						ISO 8601 Date and Time extended format: -DDDThh:mm:ss+hh:mm with optional fraction of second allowed (YYYY-DDDThh:mm:ss,ss+hh:mm)', 'http://www.openapplications.org/oagis/10', 1, 0, 0),
  (326, 64, '-DDDThh:mm:ssZ', '-DDDThh:mm:ssZ', 'UTC Day of Year and Time\n						ISO 8601 Date and Time extended format: -DDDThh:mm:ssZ with optional fraction of second allowed (YYYY-DDDThh:mm:ss,ssZ)', 'http://www.openapplications.org/oagis/10', 1, 0, 0),
  (327, 64, '-DDDThh:mm', '-DDDThh:mm', 'Local Day of Year and Hour and Minute\n						ISO 8601 Date and Time extended format: -DDDThh:mm', 'http://www.openapplications.org/oagis/10', 1, 0, 0),
  (328, 64, '-DDDThh:mmZ', '-DDDThh:mmZ', 'UTC Day of Year and Hour and Minute\n						ISO 8601 Date and Time extended format: -DDDThh:mmZ', 'http://www.openapplications.org/oagis/10', 1, 0, 0),
  (329, 64, '-DDDThh:mm+hh:mm', '-DDDThh:mm+hh:mm', 'Day of Year and Hour and Minute with UTC offset\n						ISO 8601 Date and Time extended format: -DDDThh:mm+hh:mm', 'http://www.openapplications.org/oagis/10', 1, 0, 0),
  (330, 64, '-DDDThh', '-DDDThh', 'Local Day of Year and Hour\n						ISO 8601 Date and Time extended format: -DDDThh', 'http://www.openapplications.org/oagis/10', 1, 0, 0),
  (331, 64, '-DDDThhZ', '-DDDThhZ', 'UTC Day of Year and Hour\n						ISO 8601 Date and Time extended format: -DDDThhZ', 'http://www.openapplications.org/oagis/10', 1, 0, 0),
  (332, 64, '-DDDThh+hh:mm', '-DDDThh+hh:mm', 'Day of Year and Hour with UTC offset\n						ISO 8601 Date and Time extended format: -DDDThh+hh:mm', 'http://www.openapplications.org/oagis/10', 1, 0, 0),
  (333, 64, '-DDD', '-DDD', 'Day of Year\n						ISO 8601 Date and Time extended format: -DDD', 'http://www.openapplications.org/oagis/10', 1, 0, 0),
  (334, 64, 'YYYY-Www-DThh:mm:ss', 'YYYY-Www-DThh:mm:ss', 'Local Week Date and Time\n						ISO 8601 Date and Time extended format: YYYY-Www-DThh:mm:ss with optional fraction of second allowed (YYYY-Www-DThh:mm:ss,ss)', 'http://www.openapplications.org/oagis/10', 1, 0, 0),
  (335, 64, 'YYYY-Www-DThh:mm:ss+hh:mm', 'YYYY-Www-DThh:mm:ss+hh:mm', 'Week Date and Time with UTC Offset\n						ISO 8601 Date and Time extended format: YYYY-Www-DThh:mm:ss+hh:mm with optional fraction of second allowed (YYYY-Www-DThh:mm:ss,ss+hh:mm)', 'http://www.openapplications.org/oagis/10', 1, 0, 0),
  (336, 64, 'YYYY-Www-DThh:mm:ssZ', 'YYYY-Www-DThh:mm:ssZ', 'UTC Week Date and Time\n						ISO 8601 Date and Time extended format: YYYY-Www-DThh:mm:ssZ with optional fraction of second allowed (YYYY-Www-DThh:mm:ss,ssZ)', 'http://www.openapplications.org/oagis/10', 1, 0, 0),
  (337, 64, 'YYYY-Www-DThh:mm', 'YYYY-Www-DThh:mm', 'Local Week Date and Hour and Minute\n						ISO 8601 Date and Time extended format: YYYY-Www-DThh:mm', 'http://www.openapplications.org/oagis/10', 1, 0, 0),
  (338, 64, 'YYYY-Www-DThh:mmZ', 'YYYY-Www-DThh:mmZ', 'UTC Week Date and Hour and Minute\n						ISO 8601 Date and Time extended format: YYYY-Www-DThh:mmZ', 'http://www.openapplications.org/oagis/10', 1, 0, 0),
  (339, 64, 'YYYY-Www-DThh:mm+hh:mm', 'YYYY-Www-DThh:mm+hh:mm', 'Week Date and Hour and Minute withUTC offset\n						ISO 8601 Date and Time extended format: YYYY-Www-DThh:mm+hh:mm', 'http://www.openapplications.org/oagis/10', 1, 0, 0),
  (340, 64, 'YYYY-Www-DThh', 'YYYY-Www-DThh', 'Local Week Date and Hour\n						ISO 8601 Date and Time extended format: YYYY-Www-DThh', 'http://www.openapplications.org/oagis/10', 1, 0, 0),
  (341, 64, 'YYYY-Www-DThhZ', 'YYYY-Www-DThhZ', 'UTC Week Date and Hour\n						ISO 8601 Date and Time extended format: YYYY-Www-DThhZ', 'http://www.openapplications.org/oagis/10', 1, 0, 0),
  (342, 64, 'YYYY-Www-DThh+hh:mm', 'YYYY-Www-DThh+hh:mm', 'Week Date and Hour withUTC offset\n						ISO 8601 Date and Time extended format: YYYY-Www-DThh+hh:mm', 'http://www.openapplications.org/oagis/10', 1, 0, 0),
  (343, 64, 'YYYY-Www-D', 'YYYY-Www-D', 'Week Date\n						ISO 8601 Date and Time extended format: YYYY-Www-D', 'http://www.openapplications.org/oagis/10', 1, 0, 0),
  (344, 64, '-Www-DThh:mm:ss', '-Www-DThh:mm:ss', 'Local Week and Day and Time\n						ISO 8601 Date and Time extended format: -Www-DThh:mm:ss with optional fraction of second allowed (-Www-DThh:mm:ss,ss)', 'http://www.openapplications.org/oagis/10', 1, 0, 0),
  (345, 64, '-Www-DThh:mm:ss+hh:mm', '-Www-DThh:mm:ss+hh:mm', 'Week and Day and Time with UTC Offset\n						ISO 8601 Date and Time extended format: -Www-DThh:mm:ss+hh:mm with optional fraction of second allowed (-Www-DThh:mm:ss,ss+hh:mm)', 'http://www.openapplications.org/oagis/10', 1, 0, 0),
  (346, 64, '-Www-DThh:mm:ssZ', '-Www-DThh:mm:ssZ', 'UTC Week and Day and Time\n						ISO 8601 Date and Time extended format: -Www-DThh:mm:ssZ with optional fraction of second allowed (-Www-DThh:mm:ss,ssZ)', 'http://www.openapplications.org/oagis/10', 1, 0, 0),
  (347, 64, '-Www-DThh:mm', '-Www-DThh:mm', 'Local Week and Day and Hour and Minute\n						ISO 8601 Date and Time extended format: -Www-DThh:mm', 'http://www.openapplications.org/oagis/10', 1, 0, 0),
  (348, 64, '-Www-DThh:mmZ', '-Www-DThh:mmZ', 'UTC Week and Day and Hour and Minute\n						ISO 8601 Date and Time extended format: -Www-DThh:mmZ', 'http://www.openapplications.org/oagis/10', 1, 0, 0),
  (349, 64, '-Www-DThh:mm+hh:mm', '-Www-DThh:mm+hh:mm', 'Week and Day and Hour and Minute with UTC offset\n						ISO 8601 Date and Time extended format: -Www-DThh:mm+hh:mm', 'http://www.openapplications.org/oagis/10', 1, 0, 0),
  (350, 64, '-Www-DThh', '-Www-DThh', 'Local Week and Day and Hour\n						ISO 8601 Date and Time extended format: -Www-DThh', 'http://www.openapplications.org/oagis/10', 1, 0, 0),
  (351, 64, '-Www-DThhZ', '-Www-DThhZ', 'UTC Week and Day and Hour\n						ISO 8601 Date and Time extended format: -Www-DThhZ', 'http://www.openapplications.org/oagis/10', 1, 0, 0),
  (352, 64, '-Www-DThh+hh:mm', '-Www-DThh+hh:mm', 'Week and Day and Hourwith UTC offset\n						ISO 8601 Date and Time extended format: -Www-DThh+hh:mm', 'http://www.openapplications.org/oagis/10', 1, 0, 0),
  (353, 64, '-Www-D', '-Www-D', 'Week and Day\n						ISO 8601 Date and Time extended format: -Www-D', 'http://www.openapplications.org/oagis/10', 1, 0, 0),
  (354, 64, '-W-DThh:mm:ss', '-W-DThh:mm:ss', 'Local Day of Week and Time\n						ISO 8601 Date and Time extended format: -W-DThh:mm:ss with optional fraction of second allowed (-W-DThh:mm:ss,ss)', 'http://www.openapplications.org/oagis/10', 1, 0, 0),
  (355, 64, '-W-DThh:mm:ss+hh:mm', '-W-DThh:mm:ss+hh:mm', 'Day of Week and Time with UTC Offset\n						ISO 8601 Date and Time extended format: -W-DThh:mm:ss+hh:mm with optional fraction of second allowed (-W-DThh:mm:ss,ss+hh:mm)', 'http://www.openapplications.org/oagis/10', 1, 0, 0),
  (356, 64, '-W-DThh:mm:ssZ', '-W-DThh:mm:ssZ', 'UTC Day of Week and Time\n						ISO 8601 Date and Time extended format: -W-DThh:mm:ssZ with optional fraction of second allowed (-W-DThh:mm:ss,ssZ)', 'http://www.openapplications.org/oagis/10', 1, 0, 0),
  (357, 64, '-W-DThh:mm', '-W-DThh:mm', 'Local Day of Week and Hour and Minute\n						ISO 8601 Date and Time extended format: -W-DThh:mm', 'http://www.openapplications.org/oagis/10', 1, 0, 0),
  (358, 64, '-W-DThh:mmZ', '-W-DThh:mmZ', 'UTC Day of Week and Hour and Minute\n						ISO 8601 Date and Time extended format: -W-DThh:mmZ', 'http://www.openapplications.org/oagis/10', 1, 0, 0),
  (359, 64, '-W-DThh:mm+hh:mm', '-W-DThh:mm+hh:mm', 'Day of Week and Hour and Minute with UTC offset\n						ISO 8601 Date and Time extended format: -W-DThh:mm+hh:mm', 'http://www.openapplications.org/oagis/10', 1, 0, 0),
  (360, 64, '-W-DThh', '-W-DThh', 'Local Day of Week and Hour\n						ISO 8601 Date and Time extended format: -W-DThh', 'http://www.openapplications.org/oagis/10', 1, 0, 0),
  (361, 64, '-W-DThhZ', '-W-DThhZ', 'UTC Day of Week and Hour\n						ISO 8601 Date and Time extended format: -W-DThhZ', 'http://www.openapplications.org/oagis/10', 1, 0, 0),
  (362, 64, '-W-DThh+hh:mm', '-W-DThh+hh:mm', 'Day of Week and Hour with UTC offset\n						ISO 8601 Date and Time extended format: -W-DThh+hh:mm', 'http://www.openapplications.org/oagis/10', 1, 0, 0),
  (363, 64, '-W-D', '-W-D', 'Day of Week\n						ISO 8601 Date and Time extended format: -W-D', 'http://www.openapplications.org/oagis/10', 1, 0, 0),
  (364, 65, 'hh:mm:ss', 'hh:mm:ss', 'Local Time\n						ISO 8601 Time extended format: hh:mm:ss with optional fraction of second allowed (hh:mm:ss,ss)', 'http://www.openapplications.org/oagis/10', 1, 0, 0),
  (365, 65, 'hh:mm:ss+hh:mm', 'hh:mm:ss+hh:mm', 'Time with UTC Offset\n						ISO 8601 Time extended format: hh:mm:ss+hh:mm with optional fraction of second allowed (hh:mm:ss,ss+hh:mm)', 'http://www.openapplications.org/oagis/10', 1, 0, 0),
  (366, 65, 'hh:mm:ssZ', 'hh:mm:ssZ', 'UTC Time\n						ISO 8601 Time extended format: hh:mm:ssZ with optional fraction of second allowed (hh:mm:ss,ssZ)', 'http://www.openapplications.org/oagis/10', 1, 0, 0),
  (367, 65, 'hh:mm', 'hh:mm', 'Local Hour and Minute\n						ISO 8601 Time extended format: hh:mm', 'http://www.openapplications.org/oagis/10', 1, 0, 0),
  (368, 65, 'hh:mmZ', 'hh:mmZ', 'UTC Hour and Minute\n						ISO 8601 Time extended format: hh:mmZ', 'http://www.openapplications.org/oagis/10', 1, 0, 0),
  (369, 65, 'hh:mm+hh:mm', 'hh:mm+hh:mm', 'Hour and Minute with UTC offset\n						ISO 8601 Time extended format: hh:mm+hh:mm', 'http://www.openapplications.org/oagis/10', 1, 0, 0),
  (370, 65, 'hh', 'hh', 'Local Hour\n						ISO 8601 Time extended format: hh', 'http://www.openapplications.org/oagis/10', 1, 0, 0),
  (371, 65, 'hhZ', 'hhZ', 'UTC Hour\n						ISO 8601 Time extended format: hhZ', 'http://www.openapplications.org/oagis/10', 1, 0, 0),
  (372, 65, 'hh+hh:mm', 'hh+hh:mm', 'Hour with UTC offset\n						ISO 8601 Time extended format: hh+hh:mm', 'http://www.openapplications.org/oagis/10', 1, 0, 0),
  (373, 65, '-mm:ss', '-mm:ss', 'Minute and Second\n						ISO 8601 Time extended format: -mm:ss', 'http://www.openapplications.org/oagis/10', 1, 0, 0),
  (374, 65, '-mm', '-mm', 'Minute\n						ISO 8601 Time extended format: -mm', 'http://www.openapplications.org/oagis/10', 1, 0, 0),
  (375, 65, '--ss', '--ss', 'Second\n						ISO 8601 Time extended format: --ss', 'http://www.openapplications.org/oagis/10', 1, 0, 0),
  (376, 66, '3', '3', 'ANSI_X3.4-1968\n						RFC1345,KXS2', 'http://www.openapplications.org/oagis/10', 1, 0, 0),
  (377, 66, '4', '4', 'ISO_8859-1:1987\n						RFC1345,KXS2', 'http://www.openapplications.org/oagis/10', 1, 0, 0),
  (378, 66, '5', '5', 'ISO_8859-2:1987\n						RFC1345,KXS2', 'http://www.openapplications.org/oagis/10', 1, 0, 0),
  (379, 66, '6', '6', 'ISO_8859-3:1988\n						RFC1345,KXS2', 'http://www.openapplications.org/oagis/10', 1, 0, 0),
  (380, 66, '7', '7', 'ISO_8859-4:1988\n						RFC1345,KXS2', 'http://www.openapplications.org/oagis/10', 1, 0, 0),
  (381, 66, '8', '8', 'ISO_8859-5:1988\n						RFC1345,KXS2', 'http://www.openapplications.org/oagis/10', 1, 0, 0),
  (382, 66, '9', '9', 'ISO_8859-6:1987\n						RFC1345,KXS2', 'http://www.openapplications.org/oagis/10', 1, 0, 0),
  (383, 66, '10', '10', 'ISO_8859-7:1987\n						RFC1947,RFC1345,KXS2', 'http://www.openapplications.org/oagis/10', 1, 0, 0),
  (384, 66, '11', '11', 'ISO_8859-8:1988\n						RFC1345,KXS2', 'http://www.openapplications.org/oagis/10', 1, 0, 0),
  (385, 66, '12', '12', 'ISO_8859-9:1989\n						RFC1345,KXS2', 'http://www.openapplications.org/oagis/10', 1, 0, 0),
  (386, 66, '13', '13', 'ISO-8859-10\n						RFC1345,KXS2', 'http://www.openapplications.org/oagis/10', 1, 0, 0),
  (387, 66, '14', '14', 'ISO_6937-2-add\n						RFC1345,KXS2', 'http://www.openapplications.org/oagis/10', 1, 0, 0),
  (388, 66, '15', '15', 'JIS_X0201\n						RFC1345,KXS2', 'http://www.openapplications.org/oagis/10', 1, 0, 0),
  (389, 66, '16', '16', 'JIS_Encoding', 'http://www.openapplications.org/oagis/10', 1, 0, 0),
  (390, 66, '17', '17', 'Shift_JIS', 'http://www.openapplications.org/oagis/10', 1, 0, 0),
  (391, 66, '18', '18', 'Extended_UNIX_Code_Packed_Format_for_Japanese', 'http://www.openapplications.org/oagis/10', 1, 0, 0),
  (392, 66, '19', '19', 'Extended_UNIX_Code_Fixed_Width_for_Japanese', 'http://www.openapplications.org/oagis/10', 1, 0, 0),
  (393, 66, '20', '20', 'BS_4730 \n						RFC1345,KXS2', 'http://www.openapplications.org/oagis/10', 1, 0, 0),
  (394, 66, '21', '21', 'SEN_850200_C\n						RFC1345,KXS2', 'http://www.openapplications.org/oagis/10', 1, 0, 0),
  (395, 66, '22', '22', 'IT\n						RFC1345,KXS2', 'http://www.openapplications.org/oagis/10', 1, 0, 0),
  (396, 66, '23', '23', 'ES\n						RFC1345,KXS2', 'http://www.openapplications.org/oagis/10', 1, 0, 0),
  (397, 66, '24', '24', 'DIN_66003 \n						RFC1345,KXS2', 'http://www.openapplications.org/oagis/10', 1, 0, 0),
  (398, 66, '25', '25', 'NS_4551-1 \n						RFC1345,KXS2', 'http://www.openapplications.org/oagis/10', 1, 0, 0),
  (399, 66, '26', '26', 'NF_Z_62-010\n						RFC1345,KXS2', 'http://www.openapplications.org/oagis/10', 1, 0, 0),
  (400, 66, '27', '27', 'ISO-10646-UTF-1', 'http://www.openapplications.org/oagis/10', 1, 0, 0),
  (401, 66, '28', '28', 'ISO_646.basic:1983\n						RFC1345,KXS2', 'http://www.openapplications.org/oagis/10', 1, 0, 0),
  (402, 66, '29', '29', 'INVARIANT \n						RFC1345,KXS2', 'http://www.openapplications.org/oagis/10', 1, 0, 0),
  (403, 66, '30', '30', 'ISO_646.irv:1983\n						RFC1345,KXS2', 'http://www.openapplications.org/oagis/10', 1, 0, 0),
  (404, 66, '31', '31', 'NATS-SEFI \n						RFC1345,KXS2', 'http://www.openapplications.org/oagis/10', 1, 0, 0),
  (405, 66, '32', '32', 'NATS-SEFI-ADD \n						RFC1345,KXS2', 'http://www.openapplications.org/oagis/10', 1, 0, 0),
  (406, 66, '33', '33', 'NATS-DANO \n						RFC1345,KXS2', 'http://www.openapplications.org/oagis/10', 1, 0, 0),
  (407, 66, '34', '34', 'NATS-DANO-ADD \n						RFC1345,KXS2', 'http://www.openapplications.org/oagis/10', 1, 0, 0),
  (408, 66, '35', '35', 'SEN_850200_B\n						RFC1345,KXS2', 'http://www.openapplications.org/oagis/10', 1, 0, 0),
  (409, 66, '36', '36', 'KS_C_5601-1987\n						RFC1345,KXS2', 'http://www.openapplications.org/oagis/10', 1, 0, 0),
  (410, 66, '37', '37', 'ISO-2022-KR(preferred MIME name)\n						RFC1557,Choi', 'http://www.openapplications.org/oagis/10', 1, 0, 0),
  (411, 66, '38', '38', 'EUC-KR(preferred MIME name) \n						RFC1557,Choi', 'http://www.openapplications.org/oagis/10', 1, 0, 0),
  (412, 66, '39', '39', 'ISO-2022-JP(preferred MIME name) \n						RFC1468,Murai', 'http://www.openapplications.org/oagis/10', 1, 0, 0),
  (413, 66, '40', '40', 'ISO-2022-JP-2(preferred MIME name)\n						RFC1554,Ohta', 'http://www.openapplications.org/oagis/10', 1, 0, 0),
  (414, 66, '41', '41', 'JIS_C6220-1969-jp \n						RFC1345,KXS2', 'http://www.openapplications.org/oagis/10', 1, 0, 0),
  (415, 66, '42', '42', 'JIS_C6220-1969-ro \n						RFC1345,KXS2', 'http://www.openapplications.org/oagis/10', 1, 0, 0),
  (416, 66, '43', '43', 'PT\n						RFC1345,KXS2', 'http://www.openapplications.org/oagis/10', 1, 0, 0),
  (417, 66, '44', '44', 'greek7-old\n						RFC1345,KXS2', 'http://www.openapplications.org/oagis/10', 1, 0, 0),
  (418, 66, '45', '45', 'latin-greek \n						RFC1345,KXS2', 'http://www.openapplications.org/oagis/10', 1, 0, 0),
  (419, 66, '46', '46', 'NF_Z_62-010_(1973)\n						RFC1345,KXS2', 'http://www.openapplications.org/oagis/10', 1, 0, 0),
  (420, 66, '47', '47', 'Latin-greek-1 \n						RFC1345,KXS2', 'http://www.openapplications.org/oagis/10', 1, 0, 0),
  (421, 66, '48', '48', 'ISO_5427\n						RFC1345,KXS2', 'http://www.openapplications.org/oagis/10', 1, 0, 0),
  (422, 66, '49', '49', 'JIS_C6226-1978\n						RFC1345,KXS2', 'http://www.openapplications.org/oagis/10', 1, 0, 0),
  (423, 66, '50', '50', 'BS_viewdata \n						RFC1345,KXS2', 'http://www.openapplications.org/oagis/10', 1, 0, 0),
  (424, 66, '51', '51', 'INIS\n						RFC1345,KXS2', 'http://www.openapplications.org/oagis/10', 1, 0, 0),
  (425, 66, '52', '52', 'INIS-8\n						RFC1345,KXS2', 'http://www.openapplications.org/oagis/10', 1, 0, 0),
  (426, 66, '53', '53', 'INIS-cyrillic \n						RFC1345,KXS2', 'http://www.openapplications.org/oagis/10', 1, 0, 0),
  (427, 66, '54', '54', 'ISO_5427:1981 \n						RFC1345,KXS2', 'http://www.openapplications.org/oagis/10', 1, 0, 0),
  (428, 66, '55', '55', 'ISO_5428:1980 \n						RFC1345,KXS2', 'http://www.openapplications.org/oagis/10', 1, 0, 0),
  (429, 66, '56', '56', 'GB_1988-80\n						RFC1345,KXS2', 'http://www.openapplications.org/oagis/10', 1, 0, 0),
  (430, 66, '57', '57', 'GB_2312-80\n						RFC1345,KXS2', 'http://www.openapplications.org/oagis/10', 1, 0, 0),
  (431, 66, '58', '58', 'NS_4551-2\n						RFC1345,KXS2', 'http://www.openapplications.org/oagis/10', 1, 0, 0),
  (432, 66, '59', '59', 'videotex-suppl \n						RFC1345,KXS2', 'http://www.openapplications.org/oagis/10', 1, 0, 0),
  (433, 66, '60', '60', 'PT2\n						RFC1345,KXS2', 'http://www.openapplications.org/oagis/10', 1, 0, 0),
  (434, 66, '61', '61', 'ES2\n						RFC1345,KXS2', 'http://www.openapplications.org/oagis/10', 1, 0, 0),
  (435, 66, '62', '62', 'MSZ_7795.3 \n						RFC1345,KXS2', 'http://www.openapplications.org/oagis/10', 1, 0, 0),
  (436, 66, '63', '63', 'JIS_C6226-1983 \n						RFC1345,KXS2', 'http://www.openapplications.org/oagis/10', 1, 0, 0),
  (437, 66, '64', '64', 'greek7 \n						RFC1345,KXS2', 'http://www.openapplications.org/oagis/10', 1, 0, 0),
  (438, 66, '65', '65', 'ASMO_449 \n						RFC1345,KXS2', 'http://www.openapplications.org/oagis/10', 1, 0, 0),
  (439, 66, '66', '66', 'iso-ir-90\n						RFC1345,KXS2', 'http://www.openapplications.org/oagis/10', 1, 0, 0),
  (440, 66, '67', '67', 'JIS_C6229-1984-a \n						RFC1345,KXS2', 'http://www.openapplications.org/oagis/10', 1, 0, 0),
  (441, 66, '68', '68', 'JIS_C6229-1984-b \n						RFC1345,KXS2', 'http://www.openapplications.org/oagis/10', 1, 0, 0),
  (442, 66, '69', '69', 'JIS_C6229-1984-b-add \n						RFC1345,KXS2', 'http://www.openapplications.org/oagis/10', 1, 0, 0),
  (443, 66, '70', '70', 'JIS_C6229-1984-hand\n						RFC1345,KXS2', 'http://www.openapplications.org/oagis/10', 1, 0, 0),
  (444, 66, '71', '71', 'JIS_C6229-1984-hand-add\n						RFC1345,KXS2', 'http://www.openapplications.org/oagis/10', 1, 0, 0),
  (445, 66, '72', '72', 'JIS_C6229-1984-kana\n						RFC1345,KXS2', 'http://www.openapplications.org/oagis/10', 1, 0, 0),
  (446, 66, '73', '73', 'ISO_2033-1983\n						RFC1345,KXS2', 'http://www.openapplications.org/oagis/10', 1, 0, 0),
  (447, 66, '74', '74', 'ANSI_X3.110-1983 \n						RFC1345,KXS2', 'http://www.openapplications.org/oagis/10', 1, 0, 0),
  (448, 66, '75', '75', 'T.61-7bit\n						RFC1345,KXS2', 'http://www.openapplications.org/oagis/10', 1, 0, 0),
  (449, 66, '76', '76', 'T.61-8bit\n						RFC1345,KXS2', 'http://www.openapplications.org/oagis/10', 1, 0, 0),
  (450, 66, '77', '77', 'ECMA-cyrillic', 'http://www.openapplications.org/oagis/10', 1, 0, 0),
  (451, 66, '78', '78', 'CSA_Z243.4-1985-1\n						RFC1345,KXS2', 'http://www.openapplications.org/oagis/10', 1, 0, 0),
  (452, 66, '79', '79', 'CSA_Z243.4-1985-2\n						RFC1345,KXS2', 'http://www.openapplications.org/oagis/10', 1, 0, 0),
  (453, 66, '80', '80', 'CSA_Z243.4-1985-gr \n						RFC1345,KXS2', 'http://www.openapplications.org/oagis/10', 1, 0, 0),
  (454, 66, '81', '81', 'ISO_8859-6-E \n						RFC1556,IANA', 'http://www.openapplications.org/oagis/10', 1, 0, 0),
  (455, 66, '82', '82', 'ISO_8859-6-I \n						RFC1556,IANA', 'http://www.openapplications.org/oagis/10', 1, 0, 0),
  (456, 66, '83', '83', 'T.101-G2\n						RFC1345,KXS2', 'http://www.openapplications.org/oagis/10', 1, 0, 0),
  (457, 66, '84', '84', 'ISO_8859-8-E\n						RFC1556,Nussbacher', 'http://www.openapplications.org/oagis/10', 1, 0, 0),
  (458, 66, '85', '85', 'ISO_8859-8-I\n						RFC1556,Nussbacher', 'http://www.openapplications.org/oagis/10', 1, 0, 0),
  (459, 66, '86', '86', 'CSN_369103\n						RFC1345,KXS2', 'http://www.openapplications.org/oagis/10', 1, 0, 0),
  (460, 66, '87', '87', 'JUS_I.B1.002\n						RFC1345,KXS2', 'http://www.openapplications.org/oagis/10', 1, 0, 0),
  (461, 66, '88', '88', 'IEC_P27-1 \n						RFC1345,KXS2', 'http://www.openapplications.org/oagis/10', 1, 0, 0),
  (462, 66, '89', '89', 'JUS_I.B1.003-serb\n						RFC1345,KXS2', 'http://www.openapplications.org/oagis/10', 1, 0, 0),
  (463, 66, '90', '90', 'JUS_I.B1.003-mac\n						RFC1345,KXS2', 'http://www.openapplications.org/oagis/10', 1, 0, 0),
  (464, 66, '91', '91', 'greek-ccitt \n						RFC1345,KXS2', 'http://www.openapplications.org/oagis/10', 1, 0, 0),
  (465, 66, '92', '92', 'NC_NC00-10:81 \n						RFC1345,KXS2', 'http://www.openapplications.org/oagis/10', 1, 0, 0),
  (466, 66, '93', '93', 'ISO_6937-2-25 \n						RFC1345,KXS2', 'http://www.openapplications.org/oagis/10', 1, 0, 0),
  (467, 66, '94', '94', 'GOST_19768-74 \n						RFC1345,KXS2', 'http://www.openapplications.org/oagis/10', 1, 0, 0),
  (468, 66, '95', '95', 'ISO_8859-supp \n						RFC1345,KXS2', 'http://www.openapplications.org/oagis/10', 1, 0, 0),
  (469, 66, '96', '96', 'ISO_10367-box \n						RFC1345,KXS2', 'http://www.openapplications.org/oagis/10', 1, 0, 0),
  (470, 66, '97', '97', 'latin-lap \n						RFC1345,KXS2', 'http://www.openapplications.org/oagis/10', 1, 0, 0),
  (471, 66, '98', '98', 'JIS_X0212-1990\n						RFC1345,KXS2', 'http://www.openapplications.org/oagis/10', 1, 0, 0),
  (472, 66, '99', '99', 'DS_2089 \n						RFC1345,KXS2', 'http://www.openapplications.org/oagis/10', 1, 0, 0),
  (473, 66, '100', '100', 'us-dk \n						RFC1345,KXS2', 'http://www.openapplications.org/oagis/10', 1, 0, 0),
  (474, 66, '101', '101', 'dk-us \n						RFC1345,KXS2', 'http://www.openapplications.org/oagis/10', 1, 0, 0),
  (475, 66, '102', '102', 'KSC5636 \n						RFC1345,KXS2', 'http://www.openapplications.org/oagis/10', 1, 0, 0),
  (476, 66, '103', '103', 'UNICODE-1-1-UTF-7\n						RFC1642', 'http://www.openapplications.org/oagis/10', 1, 0, 0),
  (477, 66, '104', '104', 'ISO-2022-CN\n						RFC1922', 'http://www.openapplications.org/oagis/10', 1, 0, 0),
  (478, 66, '105', '105', 'ISO-2022-CN-EXT\n						RFC1922', 'http://www.openapplications.org/oagis/10', 1, 0, 0),
  (479, 66, '106', '106', 'UTF-8\n						RFC3629', 'http://www.openapplications.org/oagis/10', 1, 0, 0),
  (480, 66, '109', '109', 'ISO-8859-13', 'http://www.openapplications.org/oagis/10', 1, 0, 0),
  (481, 66, '110', '110', 'ISO-8859-14', 'http://www.openapplications.org/oagis/10', 1, 0, 0),
  (482, 66, '111', '111', 'ISO-8859-15', 'http://www.openapplications.org/oagis/10', 1, 0, 0),
  (483, 66, '112', '112', 'ISO-8859-16', 'http://www.openapplications.org/oagis/10', 1, 0, 0),
  (484, 66, '113', '113', 'GBK', 'http://www.openapplications.org/oagis/10', 1, 0, 0),
  (485, 66, '114', '114', 'GB18030', 'http://www.openapplications.org/oagis/10', 1, 0, 0),
  (486, 66, '115', '115', 'OSD_EBCDIC_DF04_15', 'http://www.openapplications.org/oagis/10', 1, 0, 0),
  (487, 66, '116', '116', 'OSD_EBCDIC_DF03_IRV', 'http://www.openapplications.org/oagis/10', 1, 0, 0),
  (488, 66, '117', '117', 'OSD_EBCDIC_DF04_1', 'http://www.openapplications.org/oagis/10', 1, 0, 0),
  (489, 66, '118', '118', 'ISO-11548-1', 'http://www.openapplications.org/oagis/10', 1, 0, 0),
  (490, 66, '119', '119', 'KZ-1048', 'http://www.openapplications.org/oagis/10', 1, 0, 0),
  (491, 66, '1000', '1000', 'ISO-10646-UCS-2', 'http://www.openapplications.org/oagis/10', 1, 0, 0),
  (492, 66, '1001', '1001', 'ISO-10646-UCS-4', 'http://www.openapplications.org/oagis/10', 1, 0, 0),
  (493, 66, '1002', '1002', 'ISO-10646-UCS-Basic', 'http://www.openapplications.org/oagis/10', 1, 0, 0),
  (494, 66, '1003', '1003', 'ISO-10646-Unicode-Latin1', 'http://www.openapplications.org/oagis/10', 1, 0, 0),
  (495, 66, '1004', '1004', 'ISO-10646-J-1', 'http://www.openapplications.org/oagis/10', 1, 0, 0),
  (496, 66, '1005', '1005', 'ISO-Unicode-IBM-1261', 'http://www.openapplications.org/oagis/10', 1, 0, 0),
  (497, 66, '1006', '1006', 'ISO-Unicode-IBM-1268', 'http://www.openapplications.org/oagis/10', 1, 0, 0),
  (498, 66, '1007', '1007', 'ISO-Unicode-IBM-1276', 'http://www.openapplications.org/oagis/10', 1, 0, 0),
  (499, 66, '1008', '1008', 'ISO-Unicode-IBM-1264', 'http://www.openapplications.org/oagis/10', 1, 0, 0),
  (500, 66, '1009', '1009', 'ISO-Unicode-IBM-1265', 'http://www.openapplications.org/oagis/10', 1, 0, 0),
  (501, 66, '1010', '1010', 'UNICODE-1-1\n						RFC1641', 'http://www.openapplications.org/oagis/10', 1, 0, 0),
  (502, 66, '1011', '1011', 'SCSU', 'http://www.openapplications.org/oagis/10', 1, 0, 0),
  (503, 66, '1012', '1012', 'UTF-7\n						RFC2152', 'http://www.openapplications.org/oagis/10', 1, 0, 0),
  (504, 66, '1013', '1013', 'UTF-16BE\n						RFC2781', 'http://www.openapplications.org/oagis/10', 1, 0, 0),
  (505, 66, '1014', '1014', 'UTF-16LE\n						RFC2781', 'http://www.openapplications.org/oagis/10', 1, 0, 0),
  (506, 66, '1015', '1015', 'UTF-16\n						RFC2781', 'http://www.openapplications.org/oagis/10', 1, 0, 0),
  (507, 66, '1016', '1016', 'CESU-8', 'http://www.openapplications.org/oagis/10', 1, 0, 0),
  (508, 66, '1017', '1017', 'UTF-32', 'http://www.openapplications.org/oagis/10', 1, 0, 0),
  (509, 66, '1018', '1018', 'UTF-32BE', 'http://www.openapplications.org/oagis/10', 1, 0, 0),
  (510, 66, '1019', '1019', 'UTF-32LE', 'http://www.openapplications.org/oagis/10', 1, 0, 0),
  (511, 66, '1020', '1020', 'BOCU-1', 'http://www.openapplications.org/oagis/10', 1, 0, 0),
  (512, 66, '2000', '2000', 'ISO-8859-1-Windows-3.0-Latin-1\n						HP-PCL5', 'http://www.openapplications.org/oagis/10', 1, 0, 0),
  (513, 66, '2001', '2001', 'ISO-8859-1-Windows-3.1-Latin-1 \n						HP-PCL5', 'http://www.openapplications.org/oagis/10', 1, 0, 0),
  (514, 66, '2002', '2002', 'ISO-8859-2-Windows-Latin-2 \n						HP-PCL5', 'http://www.openapplications.org/oagis/10', 1, 0, 0),
  (515, 66, '2003', '2003', 'ISO-8859-9-Windows-Latin-5 \n						HP-PCL5', 'http://www.openapplications.org/oagis/10', 1, 0, 0),
  (516, 66, '2004', '2004', 'hp-roman8\n						HP-PCL5,RFC1345,KXS2', 'http://www.openapplications.org/oagis/10', 1, 0, 0),
  (517, 66, '2005', '2005', 'Adobe-Standard-Encoding', 'http://www.openapplications.org/oagis/10', 1, 0, 0),
  (518, 66, '2006', '2006', 'Ventura-US \n						HP-PCL5', 'http://www.openapplications.org/oagis/10', 1, 0, 0),
  (519, 66, '2007', '2007', 'Ventura-International\n						HP-PCL5', 'http://www.openapplications.org/oagis/10', 1, 0, 0),
  (520, 66, '2008', '2008', 'DEC-MCS \n						RFC1345,KXS2', 'http://www.openapplications.org/oagis/10', 1, 0, 0),
  (521, 66, '2009', '2009', 'IBM850\n						RFC1345,KXS2', 'http://www.openapplications.org/oagis/10', 1, 0, 0),
  (522, 66, '2013', '2013', 'PC8-Danish-Norwegian\n						HP-PCL5', 'http://www.openapplications.org/oagis/10', 1, 0, 0),
  (523, 66, '2013', '2013', 'PC8-Danish-Norwegian\n						HP-PCL5', 'http://www.openapplications.org/oagis/10', 1, 0, 0),
  (524, 66, '2014', '2014', 'PC8-Turkish\n						HP-PCL5', 'http://www.openapplications.org/oagis/10', 1, 0, 0),
  (525, 66, '2015', '2015', 'IBM-Symbols \n						IBM-CIDT', 'http://www.openapplications.org/oagis/10', 1, 0, 0),
  (526, 66, '2016', '2016', 'IBM-Thai\n						IBM-CIDT', 'http://www.openapplications.org/oagis/10', 1, 0, 0),
  (527, 66, '2017', '2017', 'HP-Legal\n						HP-PCL5', 'http://www.openapplications.org/oagis/10', 1, 0, 0),
  (528, 66, '2018', '2018', 'HP-Pi-font\n						HP-PCL5', 'http://www.openapplications.org/oagis/10', 1, 0, 0),
  (529, 66, '2019', '2019', 'HP-Math8\n						HP-PCL5', 'http://www.openapplications.org/oagis/10', 1, 0, 0),
  (530, 66, '2020', '2020', 'Adobe-Symbol-Encoding', 'http://www.openapplications.org/oagis/10', 1, 0, 0),
  (531, 66, '2021', '2021', 'HP-DeskTop\n						HP-PCL5', 'http://www.openapplications.org/oagis/10', 1, 0, 0),
  (532, 66, '2022', '2022', 'Ventura-Math\n						HP-PCL5', 'http://www.openapplications.org/oagis/10', 1, 0, 0),
  (533, 66, '2023', '2023', 'Microsoft-Publishing\n						HP-PCL5', 'http://www.openapplications.org/oagis/10', 1, 0, 0),
  (534, 66, '2024', '2024', 'Windows-31J', 'http://www.openapplications.org/oagis/10', 1, 0, 0),
  (535, 66, '2025', '2025', 'GB2312', 'http://www.openapplications.org/oagis/10', 1, 0, 0),
  (536, 66, '2026', '2026', 'Big5', 'http://www.openapplications.org/oagis/10', 1, 0, 0),
  (537, 66, '2027', '2027', 'macintosh \n						RFC1345,KXS2', 'http://www.openapplications.org/oagis/10', 1, 0, 0),
  (538, 66, '2028', '2028', 'IBM037\n						RFC1345,KXS2', 'http://www.openapplications.org/oagis/10', 1, 0, 0),
  (539, 66, '2029', '2029', 'IBM038\n						RFC1345,KXS2', 'http://www.openapplications.org/oagis/10', 1, 0, 0),
  (540, 66, '2030', '2030', 'IBM273\n						RFC1345,KXS2', 'http://www.openapplications.org/oagis/10', 1, 0, 0),
  (541, 66, '2031', '2031', 'IBM274\n						RFC1345,KXS2', 'http://www.openapplications.org/oagis/10', 1, 0, 0),
  (542, 66, '2032', '2032', 'IBM275\n						RFC1345,KXS2', 'http://www.openapplications.org/oagis/10', 1, 0, 0),
  (543, 66, '2033', '2033', 'IBM277\n						RFC1345,KXS2', 'http://www.openapplications.org/oagis/10', 1, 0, 0),
  (544, 66, '2034', '2034', 'IBM278\n						RFC1345,KXS2', 'http://www.openapplications.org/oagis/10', 1, 0, 0),
  (545, 66, '2035', '2035', 'IBM280\n						RFC1345,KXS2', 'http://www.openapplications.org/oagis/10', 1, 0, 0),
  (546, 66, '2036', '2036', 'IBM281\n						RFC1345,KXS2', 'http://www.openapplications.org/oagis/10', 1, 0, 0),
  (547, 66, '2037', '2037', 'IBM284\n						RFC1345,KXS2', 'http://www.openapplications.org/oagis/10', 1, 0, 0),
  (548, 66, '2038', '2038', 'IBM285\n						RFC1345,KXS2', 'http://www.openapplications.org/oagis/10', 1, 0, 0),
  (549, 66, '2039', '2039', 'IBM290\n						RFC1345,KXS2', 'http://www.openapplications.org/oagis/10', 1, 0, 0),
  (550, 66, '2040', '2040', 'IBM297\n						RFC1345,KXS2', 'http://www.openapplications.org/oagis/10', 1, 0, 0),
  (551, 66, '2041', '2041', 'IBM420\n						RFC1345,KXS2', 'http://www.openapplications.org/oagis/10', 1, 0, 0),
  (552, 66, '2042', '2042', 'IBM423\n						RFC1345,KXS2', 'http://www.openapplications.org/oagis/10', 1, 0, 0),
  (553, 66, '2043', '2043', 'IBM424\n						RFC1345,KXS2', 'http://www.openapplications.org/oagis/10', 1, 0, 0),
  (554, 66, '2011', '2011', 'IBM437\n						RFC1345,KXS2', 'http://www.openapplications.org/oagis/10', 1, 0, 0),
  (555, 66, '2044', '2044', 'IBM500\n						RFC1345,KXS2', 'http://www.openapplications.org/oagis/10', 1, 0, 0),
  (556, 66, '2045', '2045', 'IBM851\n						RFC1345,KXS2', 'http://www.openapplications.org/oagis/10', 1, 0, 0),
  (557, 66, '2010', '2010', 'IBM852\n						RFC1345,KXS2', 'http://www.openapplications.org/oagis/10', 1, 0, 0),
  (558, 66, '2046', '2046', 'IBM855\n						RFC1345,KXS2', 'http://www.openapplications.org/oagis/10', 1, 0, 0),
  (559, 66, '2047', '2047', 'IBM857\n						RFC1345,KXS2', 'http://www.openapplications.org/oagis/10', 1, 0, 0),
  (560, 66, '2048', '2048', 'IBM860\n						RFC1345,KXS2', 'http://www.openapplications.org/oagis/10', 1, 0, 0),
  (561, 66, '2049', '2049', 'IBM861\n						RFC1345,KXS2', 'http://www.openapplications.org/oagis/10', 1, 0, 0),
  (562, 66, '2050', '2050', 'IBM863\n						RFC1345,KXS2', 'http://www.openapplications.org/oagis/10', 1, 0, 0),
  (563, 66, '2051', '2051', 'IBM864\n						RFC1345,KXS2', 'http://www.openapplications.org/oagis/10', 1, 0, 0),
  (564, 66, '2052', '2052', 'IBM865\n						RFC1345,KXS2', 'http://www.openapplications.org/oagis/10', 1, 0, 0),
  (565, 66, '2053', '2053', 'IBM868\n						RFC1345,KXS2', 'http://www.openapplications.org/oagis/10', 1, 0, 0),
  (566, 66, '2054', '2054', 'IBM869\n						RFC1345,KXS2', 'http://www.openapplications.org/oagis/10', 1, 0, 0),
  (567, 66, '2055', '2055', 'IBM870\n						RFC1345,KXS2', 'http://www.openapplications.org/oagis/10', 1, 0, 0),
  (568, 66, '2056', '2056', 'IBM871\n						RFC1345,KXS2', 'http://www.openapplications.org/oagis/10', 1, 0, 0),
  (569, 66, '2057', '2057', 'IBM880\n						RFC1345,KXS2', 'http://www.openapplications.org/oagis/10', 1, 0, 0),
  (570, 66, '2058', '2058', 'IBM891\n						RFC1345,KXS2', 'http://www.openapplications.org/oagis/10', 1, 0, 0),
  (571, 66, '2059', '2059', 'IBM903\n						RFC1345,KXS2', 'http://www.openapplications.org/oagis/10', 1, 0, 0),
  (572, 66, '2060', '2060', 'IBM904\n						RFC1345,KXS2', 'http://www.openapplications.org/oagis/10', 1, 0, 0),
  (573, 66, '2061', '2061', 'IBM905\n						RFC1345,KXS2', 'http://www.openapplications.org/oagis/10', 1, 0, 0),
  (574, 66, '2062', '2062', 'IBM918\n						RFC1345,KXS2', 'http://www.openapplications.org/oagis/10', 1, 0, 0),
  (575, 66, '2063', '2063', 'IBM1026 \n						RFC1345,KXS2', 'http://www.openapplications.org/oagis/10', 1, 0, 0),
  (576, 66, '2064', '2064', 'EBCDIC-AT-DE\n						RFC1345,KXS2', 'http://www.openapplications.org/oagis/10', 1, 0, 0),
  (577, 66, '2065', '2065', 'EBCDIC-AT-DE-A\n						RFC1345,KXS2', 'http://www.openapplications.org/oagis/10', 1, 0, 0),
  (578, 66, '2066', '2066', 'EBCDIC-CA-FR\n						RFC1345,KXS2', 'http://www.openapplications.org/oagis/10', 1, 0, 0),
  (579, 66, '2067', '2067', 'EBCDIC-DK-NO\n						RFC1345,KXS2', 'http://www.openapplications.org/oagis/10', 1, 0, 0),
  (580, 66, '2068', '2068', 'EBCDIC-DK-NO-A\n						RFC1345,KXS2', 'http://www.openapplications.org/oagis/10', 1, 0, 0),
  (581, 66, '2069', '2069', 'EBCDIC-FI-SE\n						RFC1345,KXS2', 'http://www.openapplications.org/oagis/10', 1, 0, 0),
  (582, 66, '2070', '2070', 'EBCDIC-FI-SE-A\n						RFC1345,KXS2', 'http://www.openapplications.org/oagis/10', 1, 0, 0),
  (583, 66, '2071', '2071', 'EBCDIC-FR \n						RFC1345,KXS2', 'http://www.openapplications.org/oagis/10', 1, 0, 0),
  (584, 66, '2072', '2072', 'EBCDIC-IT \n						RFC1345,KXS2', 'http://www.openapplications.org/oagis/10', 1, 0, 0),
  (585, 66, '2073', '2073', 'EBCDIC-PT \n						RFC1345,KXS2', 'http://www.openapplications.org/oagis/10', 1, 0, 0),
  (586, 66, '2074', '2074', 'EBCDIC-ES \n						RFC1345,KXS2', 'http://www.openapplications.org/oagis/10', 1, 0, 0),
  (587, 66, '2075', '2075', 'EBCDIC-ES-A \n						RFC1345,KXS2', 'http://www.openapplications.org/oagis/10', 1, 0, 0),
  (588, 66, '2076', '2076', 'EBCDIC-ES-S \n						RFC1345,KXS2', 'http://www.openapplications.org/oagis/10', 1, 0, 0),
  (589, 66, '2077', '2077', 'EBCDIC-UK \n						RFC1345,KXS2', 'http://www.openapplications.org/oagis/10', 1, 0, 0),
  (590, 66, '2078', '2078', 'EBCDIC-US \n						RFC1345,KXS2', 'http://www.openapplications.org/oagis/10', 1, 0, 0),
  (591, 66, '2079', '2079', 'UNKNOWN-8BIT \n						RFC1428', 'http://www.openapplications.org/oagis/10', 1, 0, 0),
  (592, 66, '2080', '2080', 'MNEMONIC\n						RFC1345,KXS2', 'http://www.openapplications.org/oagis/10', 1, 0, 0),
  (593, 66, '2081', '2081', 'MNEM\n						RFC1345,KXS2', 'http://www.openapplications.org/oagis/10', 1, 0, 0),
  (594, 66, '2082', '2082', 'VISCII \n						RFC1456', 'http://www.openapplications.org/oagis/10', 1, 0, 0),
  (595, 66, '2083', '2083', 'VIQR \n						RFC1456', 'http://www.openapplications.org/oagis/10', 1, 0, 0),
  (596, 66, '2084', '2084', 'KOI8-R\n						RFC1489', 'http://www.openapplications.org/oagis/10', 1, 0, 0),
  (597, 66, '2085', '2085', 'HZ-GB-2312\n						RFC1842, RFC1843', 'http://www.openapplications.org/oagis/10', 1, 0, 0),
  (598, 66, '2086', '2086', 'IBM866', 'http://www.openapplications.org/oagis/10', 1, 0, 0),
  (599, 66, '2087', '2087', 'IBM775\n						HP-PCL5', 'http://www.openapplications.org/oagis/10', 1, 0, 0),
  (600, 66, '2088', '2088', 'KOI8-U\n						RFC2319', 'http://www.openapplications.org/oagis/10', 1, 0, 0),
  (601, 66, '2089', '2089', 'IBM00858', 'http://www.openapplications.org/oagis/10', 1, 0, 0),
  (602, 66, '2090', '2090', 'IBM00924', 'http://www.openapplications.org/oagis/10', 1, 0, 0),
  (603, 66, '2091', '2091', 'IBM01140', 'http://www.openapplications.org/oagis/10', 1, 0, 0),
  (604, 66, '2092', '2092', 'IBM01141', 'http://www.openapplications.org/oagis/10', 1, 0, 0),
  (605, 66, '2093', '2093', 'IBM01142', 'http://www.openapplications.org/oagis/10', 1, 0, 0),
  (606, 66, '2094', '2094', 'IBM01143', 'http://www.openapplications.org/oagis/10', 1, 0, 0),
  (607, 66, '2095', '2095', 'IBM01144', 'http://www.openapplications.org/oagis/10', 1, 0, 0),
  (608, 66, '2096', '2096', 'IBM01145', 'http://www.openapplications.org/oagis/10', 1, 0, 0),
  (609, 66, '2097', '2097', 'IBM01146', 'http://www.openapplications.org/oagis/10', 1, 0, 0),
  (610, 66, '2098', '2098', 'IBM01147', 'http://www.openapplications.org/oagis/10', 1, 0, 0),
  (611, 66, '2099', '2099', 'IBM01148', 'http://www.openapplications.org/oagis/10', 1, 0, 0),
  (612, 66, '2100', '2100', 'IBM01149', 'http://www.openapplications.org/oagis/10', 1, 0, 0),
  (613, 66, '2101', '2101', 'Big5-HKSCS', 'http://www.openapplications.org/oagis/10', 1, 0, 0),
  (614, 66, '2102', '2102', 'IBM1047', 'http://www.openapplications.org/oagis/10', 1, 0, 0),
  (615, 66, '2103', '2103', 'PTCP154', 'http://www.openapplications.org/oagis/10', 1, 0, 0),
  (616, 66, '2104', '2104', 'Amiga-1251', 'http://www.openapplications.org/oagis/10', 1, 0, 0),
  (617, 66, '2105', '2105', 'KOI7-switched', 'http://www.openapplications.org/oagis/10', 1, 0, 0),
  (618, 66, '2106', '2106', 'BRF', 'http://www.openapplications.org/oagis/10', 1, 0, 0),
  (619, 66, '2107', '2107', 'TSCII', 'http://www.openapplications.org/oagis/10', 1, 0, 0),
  (620, 66, '2250', '2250', 'windows-1250', 'http://www.openapplications.org/oagis/10', 1, 0, 0),
  (621, 66, '2251', '2251', 'windows-1251', 'http://www.openapplications.org/oagis/10', 1, 0, 0),
  (622, 66, '2252', '2252', 'windows-1252', 'http://www.openapplications.org/oagis/10', 1, 0, 0),
  (623, 66, '2253', '2253', 'windows-1253', 'http://www.openapplications.org/oagis/10', 1, 0, 0),
  (624, 66, '2254', '2254', 'windows-1254', 'http://www.openapplications.org/oagis/10', 1, 0, 0),
  (625, 66, '2255', '2255', 'windows-1255', 'http://www.openapplications.org/oagis/10', 1, 0, 0),
  (626, 66, '2256', '2256', 'windows-1256', 'http://www.openapplications.org/oagis/10', 1, 0, 0),
  (627, 66, '2257', '2257', 'windows-1257', 'http://www.openapplications.org/oagis/10', 1, 0, 0),
  (628, 66, '2258', '2258', 'windows-1258', 'http://www.openapplications.org/oagis/10', 1, 0, 0),
  (629, 66, '2259', '2259', 'TIS-620', 'http://www.openapplications.org/oagis/10', 1, 0, 0),
  (630, 68, 'AED', 'AED', 'Dirham', 'http://www.openapplications.org/oagis/10/platform/2', 1, 0, 0),
  (631, 68, 'AFN', 'AFN', 'Afghani', 'http://www.openapplications.org/oagis/10/platform/2', 1, 0, 0),
  (632, 68, 'ALL', 'ALL', 'Lek', 'http://www.openapplications.org/oagis/10/platform/2', 1, 0, 0),
  (633, 68, 'AMD', 'AMD', 'Dram', 'http://www.openapplications.org/oagis/10/platform/2', 1, 0, 0),
  (634, 68, 'ANG', 'ANG', 'Netherlands Antillian Guilder', 'http://www.openapplications.org/oagis/10/platform/2', 1, 0, 0),
  (635, 68, 'AOA', 'AOA', 'Kwanza', 'http://www.openapplications.org/oagis/10/platform/2', 1, 0, 0),
  (636, 68, 'ARS', 'ARS', 'Argentine Peso', 'http://www.openapplications.org/oagis/10/platform/2', 1, 0, 0),
  (637, 68, 'AUD', 'AUD', 'Australian Dollar', 'http://www.openapplications.org/oagis/10/platform/2', 1, 0, 0),
  (638, 68, 'AWG', 'AWG', 'Aruban Guilder', 'http://www.openapplications.org/oagis/10/platform/2', 1, 0, 0),
  (639, 68, 'AZM', 'AZM', 'Azerbaijanian Manat', 'http://www.openapplications.org/oagis/10/platform/2', 1, 0, 0),
  (640, 68, 'BAM', 'BAM', 'Convertible Mark', 'http://www.openapplications.org/oagis/10/platform/2', 1, 0, 0),
  (641, 68, 'BBD', 'BBD', 'Barbados Dollar', 'http://www.openapplications.org/oagis/10/platform/2', 1, 0, 0),
  (642, 68, 'BDT', 'BDT', 'Taka', 'http://www.openapplications.org/oagis/10/platform/2', 1, 0, 0),
  (643, 68, 'BGN', 'BGN', 'Bulgarian Lev', 'http://www.openapplications.org/oagis/10/platform/2', 1, 0, 0),
  (644, 68, 'BHD', 'BHD', 'Bahraini Dinar', 'http://www.openapplications.org/oagis/10/platform/2', 1, 0, 0),
  (645, 68, 'BIF', 'BIF', 'Burundi Franc', 'http://www.openapplications.org/oagis/10/platform/2', 1, 0, 0),
  (646, 68, 'BMD', 'BMD', 'Bermudian Dollar (customarily: Bermuda Dollar)', 'http://www.openapplications.org/oagis/10/platform/2', 1, 0, 0),
  (647, 68, 'BND', 'BND', 'Brunei Dollar', 'http://www.openapplications.org/oagis/10/platform/2', 1, 0, 0),
  (648, 68, 'BOB', 'BOB', 'Boliviano', 'http://www.openapplications.org/oagis/10/platform/2', 1, 0, 0),
  (649, 68, 'BRL', 'BRL', 'Brazilian Real', 'http://www.openapplications.org/oagis/10/platform/2', 1, 0, 0),
  (650, 68, 'BSD', 'BSD', 'Bahamian Dollar', 'http://www.openapplications.org/oagis/10/platform/2', 1, 0, 0),
  (651, 68, 'BTN', 'BTN', 'Ngultrum', 'http://www.openapplications.org/oagis/10/platform/2', 1, 0, 0),
  (652, 68, 'BWP', 'BWP', 'Pula', 'http://www.openapplications.org/oagis/10/platform/2', 1, 0, 0),
  (653, 68, 'BYR', 'BYR', 'Belarussian Ruble', 'http://www.openapplications.org/oagis/10/platform/2', 1, 0, 0),
  (654, 68, 'BZD', 'BZD', 'Belize Dollar', 'http://www.openapplications.org/oagis/10/platform/2', 1, 0, 0),
  (655, 68, 'CAD', 'CAD', 'Canadian Dollar', 'http://www.openapplications.org/oagis/10/platform/2', 1, 0, 0),
  (656, 68, 'CDF', 'CDF', 'Franc Congolais', 'http://www.openapplications.org/oagis/10/platform/2', 1, 0, 0),
  (657, 68, 'CHF', 'CHF', 'Swiss Franc', 'http://www.openapplications.org/oagis/10/platform/2', 1, 0, 0),
  (658, 68, 'CLP', 'CLP', 'Chilean Peso', 'http://www.openapplications.org/oagis/10/platform/2', 1, 0, 0),
  (659, 68, 'CNY', 'CNY', 'Yuan Renminbi', 'http://www.openapplications.org/oagis/10/platform/2', 1, 0, 0),
  (660, 68, 'COP', 'COP', 'Colombian Peso', 'http://www.openapplications.org/oagis/10/platform/2', 1, 0, 0),
  (661, 68, 'CRC', 'CRC', 'Costa Rican Colon', 'http://www.openapplications.org/oagis/10/platform/2', 1, 0, 0),
  (662, 68, 'CUP', 'CUP', 'Cuban Peso', 'http://www.openapplications.org/oagis/10/platform/2', 1, 0, 0),
  (663, 68, 'CVE', 'CVE', 'Cape Verde Escudo', 'http://www.openapplications.org/oagis/10/platform/2', 1, 0, 0),
  (664, 68, 'CYP', 'CYP', 'Cyprus Pound', 'http://www.openapplications.org/oagis/10/platform/2', 1, 0, 0),
  (665, 68, 'CZK', 'CZK', 'Czech Koruna', 'http://www.openapplications.org/oagis/10/platform/2', 1, 0, 0),
  (666, 68, 'DJF', 'DJF', 'Djibouti Franc', 'http://www.openapplications.org/oagis/10/platform/2', 1, 0, 0),
  (667, 68, 'DKK', 'DKK', 'Danish Krone', 'http://www.openapplications.org/oagis/10/platform/2', 1, 0, 0),
  (668, 68, 'DOP', 'DOP', 'Dominican Peso', 'http://www.openapplications.org/oagis/10/platform/2', 1, 0, 0),
  (669, 68, 'DZD', 'DZD', 'Algerian Dinar', 'http://www.openapplications.org/oagis/10/platform/2', 1, 0, 0),
  (670, 68, 'EEK', 'EEK', 'Kroon', 'http://www.openapplications.org/oagis/10/platform/2', 1, 0, 0),
  (671, 68, 'EGP', 'EGP', 'Egyptian Pound', 'http://www.openapplications.org/oagis/10/platform/2', 1, 0, 0),
  (672, 68, 'ERN', 'ERN', 'Nakfa', 'http://www.openapplications.org/oagis/10/platform/2', 1, 0, 0),
  (673, 68, 'ETB', 'ETB', 'Ethopian Birr', 'http://www.openapplications.org/oagis/10/platform/2', 1, 0, 0),
  (674, 68, 'EUR', 'EUR', 'Euro', 'http://www.openapplications.org/oagis/10/platform/2', 1, 0, 0),
  (675, 68, 'FJD', 'FJD', 'Fiji Dollar', 'http://www.openapplications.org/oagis/10/platform/2', 1, 0, 0),
  (676, 68, 'FKP', 'FKP', 'Falkland Islands Pound', 'http://www.openapplications.org/oagis/10/platform/2', 1, 0, 0),
  (677, 68, 'GBP', 'GBP', 'Pound Sterling', 'http://www.openapplications.org/oagis/10/platform/2', 1, 0, 0),
  (678, 68, 'GEL', 'GEL', 'Lari', 'http://www.openapplications.org/oagis/10/platform/2', 1, 0, 0),
  (679, 68, 'GHC', 'GHC', 'Cedi', 'http://www.openapplications.org/oagis/10/platform/2', 1, 0, 0),
  (680, 68, 'GIP', 'GIP', 'Gibraltar Pound', 'http://www.openapplications.org/oagis/10/platform/2', 1, 0, 0),
  (681, 68, 'GMD', 'GMD', 'Dalasi', 'http://www.openapplications.org/oagis/10/platform/2', 1, 0, 0),
  (682, 68, 'GNF', 'GNF', 'Guinea Franc', 'http://www.openapplications.org/oagis/10/platform/2', 1, 0, 0),
  (683, 68, 'GTQ', 'GTQ', 'Quetzal', 'http://www.openapplications.org/oagis/10/platform/2', 1, 0, 0),
  (684, 68, 'GYD', 'GYD', 'Guyana Dollar', 'http://www.openapplications.org/oagis/10/platform/2', 1, 0, 0),
  (685, 68, 'HKD', 'HKD', 'Honk Kong Dollar', 'http://www.openapplications.org/oagis/10/platform/2', 1, 0, 0),
  (686, 68, 'HNL', 'HNL', 'Lempira', 'http://www.openapplications.org/oagis/10/platform/2', 1, 0, 0),
  (687, 68, 'HRK', 'HRK', 'Kuna', 'http://www.openapplications.org/oagis/10/platform/2', 1, 0, 0),
  (688, 68, 'HTG', 'HTG', 'Gourde', 'http://www.openapplications.org/oagis/10/platform/2', 1, 0, 0),
  (689, 68, 'HUF', 'HUF', 'Forint', 'http://www.openapplications.org/oagis/10/platform/2', 1, 0, 0),
  (690, 68, 'IDR', 'IDR', 'Rupiah', 'http://www.openapplications.org/oagis/10/platform/2', 1, 0, 0),
  (691, 68, 'ILS', 'ILS', 'New Israeli Sheqel', 'http://www.openapplications.org/oagis/10/platform/2', 1, 0, 0),
  (692, 68, 'INR', 'INR', 'Indian Rupee', 'http://www.openapplications.org/oagis/10/platform/2', 1, 0, 0),
  (693, 68, 'IQD', 'IQD', 'Iraqi Dinar', 'http://www.openapplications.org/oagis/10/platform/2', 1, 0, 0),
  (694, 68, 'IRR', 'IRR', 'Iranian Rial', 'http://www.openapplications.org/oagis/10/platform/2', 1, 0, 0),
  (695, 68, 'ISK', 'ISK', 'Iceland Krona', 'http://www.openapplications.org/oagis/10/platform/2', 1, 0, 0),
  (696, 68, 'JMD', 'JMD', 'Jamaican Dollar', 'http://www.openapplications.org/oagis/10/platform/2', 1, 0, 0),
  (697, 68, 'JOD', 'JOD', 'Jordanian Dinar', 'http://www.openapplications.org/oagis/10/platform/2', 1, 0, 0),
  (698, 68, 'JPY', 'JPY', 'Yen', 'http://www.openapplications.org/oagis/10/platform/2', 1, 0, 0),
  (699, 68, 'KES', 'KES', 'Kenyan Shilling', 'http://www.openapplications.org/oagis/10/platform/2', 1, 0, 0),
  (700, 68, 'KGS', 'KGS', 'Som', 'http://www.openapplications.org/oagis/10/platform/2', 1, 0, 0),
  (701, 68, 'KHR', 'KHR', 'Riel', 'http://www.openapplications.org/oagis/10/platform/2', 1, 0, 0),
  (702, 68, 'KMF', 'KMF', 'Comoro Franc', 'http://www.openapplications.org/oagis/10/platform/2', 1, 0, 0),
  (703, 68, 'KPW', 'KPW', 'North Korean Won', 'http://www.openapplications.org/oagis/10/platform/2', 1, 0, 0),
  (704, 68, 'KRW', 'KRW', 'Won', 'http://www.openapplications.org/oagis/10/platform/2', 1, 0, 0),
  (705, 68, 'KWD', 'KWD', 'Kuwaiti Dinar', 'http://www.openapplications.org/oagis/10/platform/2', 1, 0, 0),
  (706, 68, 'KYD', 'KYD', 'Cayman Islands Dollar', 'http://www.openapplications.org/oagis/10/platform/2', 1, 0, 0),
  (707, 68, 'KZT', 'KZT', 'Tenge', 'http://www.openapplications.org/oagis/10/platform/2', 1, 0, 0),
  (708, 68, 'LAK', 'LAK', 'Kip', 'http://www.openapplications.org/oagis/10/platform/2', 1, 0, 0),
  (709, 68, 'LBP', 'LBP', 'Lebanese Pound', 'http://www.openapplications.org/oagis/10/platform/2', 1, 0, 0),
  (710, 68, 'LKR', 'LKR', 'Sri Lanka Rupee', 'http://www.openapplications.org/oagis/10/platform/2', 1, 0, 0),
  (711, 68, 'LRD', 'LRD', 'Liberian Dollar', 'http://www.openapplications.org/oagis/10/platform/2', 1, 0, 0),
  (712, 68, 'LSL', 'LSL', 'Loti', 'http://www.openapplications.org/oagis/10/platform/2', 1, 0, 0),
  (713, 68, 'LTL', 'LTL', 'Lithuanian Litas', 'http://www.openapplications.org/oagis/10/platform/2', 1, 0, 0),
  (714, 68, 'LVL', 'LVL', 'Latvian Lats', 'http://www.openapplications.org/oagis/10/platform/2', 1, 0, 0),
  (715, 68, 'LYD', 'LYD', 'Libyan Dinar', 'http://www.openapplications.org/oagis/10/platform/2', 1, 0, 0),
  (716, 68, 'MAD', 'MAD', 'Morrocan Dirham', 'http://www.openapplications.org/oagis/10/platform/2', 1, 0, 0),
  (717, 68, 'MDL', 'MDL', 'Moldovan Leu', 'http://www.openapplications.org/oagis/10/platform/2', 1, 0, 0),
  (718, 68, 'MGF', 'MGF', 'Malagasy Franc', 'http://www.openapplications.org/oagis/10/platform/2', 1, 0, 0),
  (719, 68, 'MKD', 'MKD', 'Denar', 'http://www.openapplications.org/oagis/10/platform/2', 1, 0, 0),
  (720, 68, 'MMK', 'MMK', 'Kyat', 'http://www.openapplications.org/oagis/10/platform/2', 1, 0, 0),
  (721, 68, 'MNT', 'MNT', 'Tugrik', 'http://www.openapplications.org/oagis/10/platform/2', 1, 0, 0),
  (722, 68, 'MOP', 'MOP', 'Pataca', 'http://www.openapplications.org/oagis/10/platform/2', 1, 0, 0),
  (723, 68, 'MRO', 'MRO', 'Ouguiya', 'http://www.openapplications.org/oagis/10/platform/2', 1, 0, 0),
  (724, 68, 'MTL', 'MTL', 'Maltese Lira', 'http://www.openapplications.org/oagis/10/platform/2', 1, 0, 0),
  (725, 68, 'MUR', 'MUR', 'Mauritius Rupee', 'http://www.openapplications.org/oagis/10/platform/2', 1, 0, 0),
  (726, 68, 'MVR', 'MVR', 'Rufiyaa', 'http://www.openapplications.org/oagis/10/platform/2', 1, 0, 0),
  (727, 68, 'MWK', 'MWK', 'Kwacha', 'http://www.openapplications.org/oagis/10/platform/2', 1, 0, 0),
  (728, 68, 'MXN', 'MXN', 'Mexican Peso', 'http://www.openapplications.org/oagis/10/platform/2', 1, 0, 0),
  (729, 68, 'MYR', 'MYR', 'Malaysian Ringgit', 'http://www.openapplications.org/oagis/10/platform/2', 1, 0, 0),
  (730, 68, 'MZM', 'MZM', 'Metical', 'http://www.openapplications.org/oagis/10/platform/2', 1, 0, 0),
  (731, 68, 'NAD', 'NAD', 'Namibia Dollar', 'http://www.openapplications.org/oagis/10/platform/2', 1, 0, 0),
  (732, 68, 'NGN', 'NGN', 'Naira', 'http://www.openapplications.org/oagis/10/platform/2', 1, 0, 0),
  (733, 68, 'NIO', 'NIO', 'Cordoba Oro', 'http://www.openapplications.org/oagis/10/platform/2', 1, 0, 0),
  (734, 68, 'NOK', 'NOK', 'Norwegian Krone', 'http://www.openapplications.org/oagis/10/platform/2', 1, 0, 0),
  (735, 68, 'NPR', 'NPR', 'Nepalese Rupee', 'http://www.openapplications.org/oagis/10/platform/2', 1, 0, 0),
  (736, 68, 'NZD', 'NZD', 'New Zealand Dollar', 'http://www.openapplications.org/oagis/10/platform/2', 1, 0, 0),
  (737, 68, 'OMR', 'OMR', 'Rial Omani', 'http://www.openapplications.org/oagis/10/platform/2', 1, 0, 0),
  (738, 68, 'PAB', 'PAB', 'Balboa', 'http://www.openapplications.org/oagis/10/platform/2', 1, 0, 0),
  (739, 68, 'PEN', 'PEN', 'Nuevo Sol', 'http://www.openapplications.org/oagis/10/platform/2', 1, 0, 0),
  (740, 68, 'PGK', 'PGK', 'Kina', 'http://www.openapplications.org/oagis/10/platform/2', 1, 0, 0),
  (741, 68, 'PHP', 'PHP', 'Philippine Peso', 'http://www.openapplications.org/oagis/10/platform/2', 1, 0, 0),
  (742, 68, 'PKR', 'PKR', 'Pakistan Rupee', 'http://www.openapplications.org/oagis/10/platform/2', 1, 0, 0),
  (743, 68, 'PLN', 'PLN', 'Zloty', 'http://www.openapplications.org/oagis/10/platform/2', 1, 0, 0),
  (744, 68, 'PYG', 'PYG', 'Guarani', 'http://www.openapplications.org/oagis/10/platform/2', 1, 0, 0),
  (745, 68, 'QAR', 'QAR', 'Qatari Rial', 'http://www.openapplications.org/oagis/10/platform/2', 1, 0, 0),
  (746, 68, 'ROL', 'ROL', 'Leu', 'http://www.openapplications.org/oagis/10/platform/2', 1, 0, 0),
  (747, 68, 'RON', 'RON', 'New Leu', 'http://www.openapplications.org/oagis/10/platform/2', 1, 0, 0),
  (748, 68, 'RUB', 'RUB', 'Russian Ruble', 'http://www.openapplications.org/oagis/10/platform/2', 1, 0, 0),
  (749, 68, 'RWF', 'RWF', 'Rwanda Franc', 'http://www.openapplications.org/oagis/10/platform/2', 1, 0, 0),
  (750, 68, 'SAR', 'SAR', 'Saudi Riyal', 'http://www.openapplications.org/oagis/10/platform/2', 1, 0, 0),
  (751, 68, 'SBD', 'SBD', 'Solomon Islands Dollar', 'http://www.openapplications.org/oagis/10/platform/2', 1, 0, 0),
  (752, 68, 'SCR', 'SCR', 'Seychelles Rupee', 'http://www.openapplications.org/oagis/10/platform/2', 1, 0, 0),
  (753, 68, 'SDD', 'SDD', 'Sudanese Dinar', 'http://www.openapplications.org/oagis/10/platform/2', 1, 0, 0),
  (754, 68, 'SEK', 'SEK', 'Swedish Krona', 'http://www.openapplications.org/oagis/10/platform/2', 1, 0, 0),
  (755, 68, 'SGD', 'SGD', 'Singapore Dollar', 'http://www.openapplications.org/oagis/10/platform/2', 1, 0, 0),
  (756, 68, 'SHP', 'SHP', 'St. Helena Pound', 'http://www.openapplications.org/oagis/10/platform/2', 1, 0, 0),
  (757, 68, 'SIT', 'SIT', 'Tolar', 'http://www.openapplications.org/oagis/10/platform/2', 1, 0, 0),
  (758, 68, 'SKK', 'SKK', 'Slovak Koruna', 'http://www.openapplications.org/oagis/10/platform/2', 1, 0, 0),
  (759, 68, 'SLL', 'SLL', 'Leone', 'http://www.openapplications.org/oagis/10/platform/2', 1, 0, 0),
  (760, 68, 'SOS', 'SOS', 'Somali Shilling', 'http://www.openapplications.org/oagis/10/platform/2', 1, 0, 0),
  (761, 68, 'SRG', 'SRG', 'Suriname Guilder', 'http://www.openapplications.org/oagis/10/platform/2', 1, 0, 0),
  (762, 68, 'STD', 'STD', 'Dobra', 'http://www.openapplications.org/oagis/10/platform/2', 1, 0, 0),
  (763, 68, 'SVC', 'SVC', 'El Salvador Colon', 'http://www.openapplications.org/oagis/10/platform/2', 1, 0, 0),
  (764, 68, 'SYP', 'SYP', 'Syrian Pound', 'http://www.openapplications.org/oagis/10/platform/2', 1, 0, 0),
  (765, 68, 'SZL', 'SZL', 'Lilangeni', 'http://www.openapplications.org/oagis/10/platform/2', 1, 0, 0),
  (766, 68, 'THB', 'THB', 'Baht', 'http://www.openapplications.org/oagis/10/platform/2', 1, 0, 0),
  (767, 68, 'TJS', 'TJS', 'Somoni', 'http://www.openapplications.org/oagis/10/platform/2', 1, 0, 0),
  (768, 68, 'TMM', 'TMM', 'Manat', 'http://www.openapplications.org/oagis/10/platform/2', 1, 0, 0),
  (769, 68, 'TND', 'TND', 'Tunisian Dinar', 'http://www.openapplications.org/oagis/10/platform/2', 1, 0, 0),
  (770, 68, 'TOP', 'TOP', 'Pa\'anga', 'http://www.openapplications.org/oagis/10/platform/2', 1, 0, 0),
  (771, 68, 'TRL', 'TRL', 'Turkish Lira', 'http://www.openapplications.org/oagis/10/platform/2', 1, 0, 0),
  (772, 68, 'TRY', 'TRY', 'Turkish Lira', 'http://www.openapplications.org/oagis/10/platform/2', 1, 0, 0),
  (773, 68, 'TTD', 'TTD', 'Trinidad and Tobago Dollar', 'http://www.openapplications.org/oagis/10/platform/2', 1, 0, 0),
  (774, 68, 'TWD', 'TWD', 'New Taiwan Dollar', 'http://www.openapplications.org/oagis/10/platform/2', 1, 0, 0),
  (775, 68, 'TZS', 'TZS', 'Tanzanian Shilling', 'http://www.openapplications.org/oagis/10/platform/2', 1, 0, 0),
  (776, 68, 'UAH', 'UAH', 'Hryvnia', 'http://www.openapplications.org/oagis/10/platform/2', 1, 0, 0),
  (777, 68, 'UGX', 'UGX', 'Uganda Shilling', 'http://www.openapplications.org/oagis/10/platform/2', 1, 0, 0),
  (778, 68, 'USD', 'USD', 'US Dollar', 'http://www.openapplications.org/oagis/10/platform/2', 1, 0, 0),
  (779, 68, 'UYU', 'UYU', 'Peso Uruguayo', 'http://www.openapplications.org/oagis/10/platform/2', 1, 0, 0),
  (780, 68, 'UZS', 'UZS', 'Uzbekistan Sum', 'http://www.openapplications.org/oagis/10/platform/2', 1, 0, 0),
  (781, 68, 'VEB', 'VEB', 'Bolivar', 'http://www.openapplications.org/oagis/10/platform/2', 1, 0, 0),
  (782, 68, 'VEF', 'VEF', 'Bolivar Fuerte', 'http://www.openapplications.org/oagis/10/platform/2', 1, 0, 0),
  (783, 68, 'VND', 'VND', 'Dong', 'http://www.openapplications.org/oagis/10/platform/2', 1, 0, 0),
  (784, 68, 'VUV', 'VUV', 'Vatu', 'http://www.openapplications.org/oagis/10/platform/2', 1, 0, 0),
  (785, 68, 'WST', 'WST', 'Tala', 'http://www.openapplications.org/oagis/10/platform/2', 1, 0, 0),
  (786, 68, 'XAF', 'XAF', 'CFA Franc', 'http://www.openapplications.org/oagis/10/platform/2', 1, 0, 0),
  (787, 68, 'XAG', 'XAG', 'Silver', 'http://www.openapplications.org/oagis/10/platform/2', 1, 0, 0),
  (788, 68, 'XAU', 'XAU', 'Gold', 'http://www.openapplications.org/oagis/10/platform/2', 1, 0, 0),
  (789, 68, 'XCD', 'XCD', 'East Carribean Dollar', 'http://www.openapplications.org/oagis/10/platform/2', 1, 0, 0),
  (790, 68, 'XDR', 'XDR', 'SDR', 'http://www.openapplications.org/oagis/10/platform/2', 1, 0, 0),
  (791, 68, 'XOF', 'XOF', 'CFA Franc', 'http://www.openapplications.org/oagis/10/platform/2', 1, 0, 0),
  (792, 68, 'XPD', 'XPD', 'Palladium', 'http://www.openapplications.org/oagis/10/platform/2', 1, 0, 0),
  (793, 68, 'XPF', 'XPF', 'CFP Franc', 'http://www.openapplications.org/oagis/10/platform/2', 1, 0, 0),
  (794, 68, 'XPT', 'XPT', 'Platinum', 'http://www.openapplications.org/oagis/10/platform/2', 1, 0, 0),
  (795, 68, 'YER', 'YER', 'Yemeni Rial', 'http://www.openapplications.org/oagis/10/platform/2', 1, 0, 0),
  (796, 68, 'YUM', 'YUM', 'New Dinar', 'http://www.openapplications.org/oagis/10/platform/2', 1, 0, 0),
  (797, 68, 'ZAR', 'ZAR', 'Rand', 'http://www.openapplications.org/oagis/10/platform/2', 1, 0, 0),
  (798, 68, 'ZMK', 'ZMK', 'Kwacha', 'http://www.openapplications.org/oagis/10/platform/2', 1, 0, 0),
  (799, 68, 'ZWD', 'ZWD', 'Zimbabwe Dollar', 'http://www.openapplications.org/oagis/10/platform/2', 1, 0, 0),
  (800, 70, 'M0100', 'M0100', 'UTC+01:00', 'http://www.openapplications.org/oagis/10', 1, 0, 0),
  (801, 70, 'M0100EU', 'M0100EU', 'Azores', 'http://www.openapplications.org/oagis/10', 1, 0, 0),
  (802, 70, 'M0200', 'M0200', 'UTC-02:00', 'http://www.openapplications.org/oagis/10', 1, 0, 0),
  (803, 70, 'M0300', 'M0300', 'UTC-03:00', 'http://www.openapplications.org/oagis/10', 1, 0, 0),
  (804, 70, 'M0300BR', 'M0300BR', 'Brazil East', 'http://www.openapplications.org/oagis/10', 1, 0, 0),
  (805, 70, 'M0300GL', 'M0300GL', 'Greenland', 'http://www.openapplications.org/oagis/10', 1, 0, 0),
  (806, 70, 'M0300US', 'M0300US', 'St Pierre and Miquelon', 'http://www.openapplications.org/oagis/10', 1, 0, 0),
  (807, 70, 'M0330US', 'M0330US', 'Newfoundland', 'http://www.openapplications.org/oagis/10', 1, 0, 0),
  (808, 70, 'M0400', 'M0400', 'UTC-04:00', 'http://www.openapplications.org/oagis/10', 1, 0, 0),
  (809, 70, 'M0400BR', 'M0400BR', 'Brazil West', 'http://www.openapplications.org/oagis/10', 1, 0, 0),
  (810, 70, 'M0400CL', 'M0400CL', 'Chile', 'http://www.openapplications.org/oagis/10', 1, 0, 0),
  (811, 70, 'M0400GL', 'M0400GL', 'Western Greenland', 'http://www.openapplications.org/oagis/10', 1, 0, 0),
  (812, 70, 'M0400PY', 'M0400PY', 'Paraguay', 'http://www.openapplications.org/oagis/10', 1, 0, 0),
  (813, 70, 'M0400US', 'M0400US', 'Atlantic Time (Halifax)', 'http://www.openapplications.org/oagis/10', 1, 0, 0),
  (814, 70, 'M0500', 'M0500', 'UTC-05:00', 'http://www.openapplications.org/oagis/10', 1, 0, 0),
  (815, 70, 'M0500BR', 'M0500BR', 'Brazil Andes', 'http://www.openapplications.org/oagis/10', 1, 0, 0),
  (816, 70, 'M0500CU', 'M0500CU', 'Cuba', 'http://www.openapplications.org/oagis/10', 1, 0, 0),
  (817, 70, 'M0500US', 'M0500US', 'Eastern Time (New York)', 'http://www.openapplications.org/oagis/10', 1, 0, 0),
  (818, 70, 'M0600', 'M0600', 'UTC-06:00', 'http://www.openapplications.org/oagis/10', 1, 0, 0),
  (819, 70, 'M0600CL', 'M0600CL', 'Chile Easter Island', 'http://www.openapplications.org/oagis/10', 1, 0, 0),
  (820, 70, 'M0600US', 'M0600US', 'Central Time (Dallas)', 'http://www.openapplications.org/oagis/10', 1, 0, 0),
  (821, 70, 'M0700', 'M0700', 'UTC-07:00', 'http://www.openapplications.org/oagis/10', 1, 0, 0),
  (822, 70, 'M0700US', 'M0700US', 'Mountain Time (Denver)', 'http://www.openapplications.org/oagis/10', 1, 0, 0),
  (823, 70, 'M0800', 'M0800', 'UTC-08:00', 'http://www.openapplications.org/oagis/10', 1, 0, 0),
  (824, 70, 'M0800US', 'M0800US', 'Pacific Time (Los Angeles)', 'http://www.openapplications.org/oagis/10', 1, 0, 0),
  (825, 70, 'M0830', 'M0830', 'UTC-08:30', 'http://www.openapplications.org/oagis/10', 1, 0, 0),
  (826, 70, 'M0900', 'M0900', 'UTC-09:00', 'http://www.openapplications.org/oagis/10', 1, 0, 0),
  (827, 70, 'M0900US', 'M0900US', 'Alaska (Anchorage)', 'http://www.openapplications.org/oagis/10', 1, 0, 0),
  (828, 70, 'M1000', 'M1000', 'UTC-10:00', 'http://www.openapplications.org/oagis/10', 1, 0, 0),
  (829, 70, 'M1000US', 'M1000US', 'Hawaii / Alaska (Aleutian)', 'http://www.openapplications.org/oagis/10', 1, 0, 0),
  (830, 70, 'M1100', 'M1100', 'UTC-11:00', 'http://www.openapplications.org/oagis/10', 1, 0, 0),
  (831, 70, 'M1200', 'M1200', 'UTC-12:00', 'http://www.openapplications.org/oagis/10', 1, 0, 0),
  (832, 70, 'P0000', 'P0000', 'UTC', 'http://www.openapplications.org/oagis/10', 1, 0, 0),
  (833, 70, 'P0000EU', 'P0000EU', 'Western Europe', 'http://www.openapplications.org/oagis/10', 1, 0, 0),
  (834, 70, 'P0100', 'P0100', 'UTC+01:00', 'http://www.openapplications.org/oagis/10', 1, 0, 0),
  (835, 70, 'P0100EU', 'P0100EU', 'Central Europe', 'http://www.openapplications.org/oagis/10', 1, 0, 0),
  (836, 70, 'P0100NA', 'P0100NA', 'Namibia', 'http://www.openapplications.org/oagis/10', 1, 0, 0),
  (837, 70, 'P0200', 'P0200', 'UTC+02:00', 'http://www.openapplications.org/oagis/10', 1, 0, 0),
  (838, 70, 'P0200EG', 'P0200EG', 'Egypt', 'http://www.openapplications.org/oagis/10', 1, 0, 0),
  (839, 70, 'P0200EU', 'P0200EU', 'Eastern Europe', 'http://www.openapplications.org/oagis/10', 1, 0, 0),
  (840, 70, 'P0200IL', 'P0200IL', 'Israel', 'http://www.openapplications.org/oagis/10', 1, 0, 0),
  (841, 70, 'P0200JO', 'P0200JO', 'Jordan', 'http://www.openapplications.org/oagis/10', 1, 0, 0),
  (842, 70, 'P0200SY', 'P0200SY', 'Syria', 'http://www.openapplications.org/oagis/10', 1, 0, 0),
  (843, 70, 'P0300', 'P0300', 'UTC+03:00', 'http://www.openapplications.org/oagis/10', 1, 0, 0),
  (844, 70, 'P0300EU', 'P0300EU', 'Russia (Moscow)', 'http://www.openapplications.org/oagis/10', 1, 0, 0),
  (845, 70, 'P0300IQ', 'P0300IQ', 'Iraq', 'http://www.openapplications.org/oagis/10', 1, 0, 0),
  (846, 70, 'P0330IR', 'P0330IR', 'Iran', 'http://www.openapplications.org/oagis/10', 1, 0, 0),
  (847, 70, 'P0400', 'P0400', 'UTC+04:00', 'http://www.openapplications.org/oagis/10', 1, 0, 0),
  (848, 70, 'P0400EU', 'P0400EU', 'Russia (UTC+04)', 'http://www.openapplications.org/oagis/10', 1, 0, 0),
  (849, 70, 'P0430', 'P0430', 'UTC+04:30', 'http://www.openapplications.org/oagis/10', 1, 0, 0),
  (850, 70, 'P0500', 'P0500', 'UTC+05:00', 'http://www.openapplications.org/oagis/10', 1, 0, 0),
  (851, 70, 'P0500EU', 'P0500EU', 'Russia (UTC+05)', 'http://www.openapplications.org/oagis/10', 1, 0, 0),
  (852, 70, 'P0530', 'P0530', 'UTC+05:30', 'http://www.openapplications.org/oagis/10', 1, 0, 0),
  (853, 70, 'P0545', 'P0545', 'UTC+05:45', 'http://www.openapplications.org/oagis/10', 1, 0, 0),
  (854, 70, 'P0600', 'P0600', 'UTC+06:00', 'http://www.openapplications.org/oagis/10', 1, 0, 0),
  (855, 70, 'P0600EU', 'P0600EU', 'Russia (UTC+06)', 'http://www.openapplications.org/oagis/10', 1, 0, 0),
  (856, 70, 'P0630', 'P0630', 'UTC+06:30', 'http://www.openapplications.org/oagis/10', 1, 0, 0),
  (857, 70, 'P0700', 'P0700', 'UTC+07:00', 'http://www.openapplications.org/oagis/10', 1, 0, 0),
  (858, 70, 'P0700EU', 'P0700EU', 'Russia (UTC+07)', 'http://www.openapplications.org/oagis/10', 1, 0, 0),
  (859, 70, 'P0800', 'P0800', 'UTC+08:00', 'http://www.openapplications.org/oagis/10', 1, 0, 0),
  (860, 70, 'P0800EU', 'P0800EU', 'Russia (UTC+08)', 'http://www.openapplications.org/oagis/10', 1, 0, 0),
  (861, 70, 'P0900', 'P0900', 'UTC+09:00', 'http://www.openapplications.org/oagis/10', 1, 0, 0),
  (862, 70, 'P0900EU', 'P0900EU', 'Russia (UTC+09)', 'http://www.openapplications.org/oagis/10', 1, 0, 0),
  (863, 70, 'P0930', 'P0930', 'UTC+09:30', 'http://www.openapplications.org/oagis/10', 1, 0, 0),
  (864, 70, 'P0930AUS', 'P0930AUS', 'Australia South Australia', 'http://www.openapplications.org/oagis/10', 1, 0, 0),
  (865, 70, 'P1000', 'P1000', 'UTC+10:00', 'http://www.openapplications.org/oagis/10', 1, 0, 0),
  (866, 70, 'P1000AUS', 'P1000AUS', 'Australia Capital Territories', 'http://www.openapplications.org/oagis/10', 1, 0, 0),
  (867, 70, 'P1030AUS', 'P1030AUS', 'Australia Lord Howe Island', 'http://www.openapplications.org/oagis/10', 1, 0, 0),
  (868, 70, 'P1000EU', 'P1000EU', 'Russia (UTC+10)', 'http://www.openapplications.org/oagis/10', 1, 0, 0),
  (869, 70, 'P1100', 'P1100', 'UTC+11:00', 'http://www.openapplications.org/oagis/10', 1, 0, 0),
  (870, 70, 'P1100EU', 'P1100EU', 'Russia (UTC+11)', 'http://www.openapplications.org/oagis/10', 1, 0, 0),
  (871, 70, 'P1200', 'P1200', 'UTC+12:00', 'http://www.openapplications.org/oagis/10', 1, 0, 0),
  (872, 70, 'P1200EU', 'P1200EU', 'Russia (UTC+12)', 'http://www.openapplications.org/oagis/10', 1, 0, 0),
  (873, 70, 'P1200NZ', 'P1200NZ', 'New Zealand', 'http://www.openapplications.org/oagis/10', 1, 0, 0),
  (874, 70, 'P1245NZ', 'P1245NZ', 'New Zealand Chatham Islands', 'http://www.openapplications.org/oagis/10', 1, 0, 0),
  (875, 70, 'P1300', 'P1300', 'UTC+13:00', 'http://www.openapplications.org/oagis/10', 1, 0, 0),
  (876, 70, 'P1300EU', 'P1300EU', 'Russia (UTC+13)', 'http://www.openapplications.org/oagis/10', 1, 0, 0),
  (877, 70, 'P1400', 'P1400', 'UTC+14:00', 'http://www.openapplications.org/oagis/10', 1, 0, 0);

-- 3.1.1.8.1	Populate BDTs in dt table.
INSERT INTO `dt` (`dt_id`, `guid`, `type`, `version_num`, `previous_version_dt_id`, `data_type_term`, `qualifier`, `based_dt_id`, `den`, `content_component_den`, `definition`, `content_component_definition`, `revision_doc`, `state`, `created_by`, `owner_user_id`, `last_updated_by`, `creation_timestamp`, `last_update_timestamp`, `revision_num`, `revision_tracking_num`, `revision_action`, `release_id`, `current_bdt_id`, `is_deprecated`)
VALUES
  (24, 'oagis-id-e6f93bd0dc934ab2af11bd46888c1233', 1, '1.0', 0, 'Amount', NULL, 1, 'Amount_0723C8. Type', 'Amount_0723C8. Content', 'An amount is a number of monetary units specified in a currency', 'A number of monetary units', NULL, 3, 1, 1, 1, '2016-05-19 20:47:14', '2016-05-19 20:47:14', 0, 0, 0, 0, 0, 0),
  (25, 'oagis-id-109055a967bd4cf19ee3320755b01f8d', 1, '1.0', 0, 'Amount', NULL, 24, 'Amount. Type', 'Amount. Content', NULL, NULL, NULL, 3, 1, 1, 1, '2016-05-19 20:47:14', '2016-05-19 20:47:14', 0, 0, 0, 0, 0, 0),
  (26, 'oagis-id-6eae247688734e6da1dfdadb89c3e43a', 1, '1.0', 0, 'Binary Object', NULL, 2, 'Binary Object_4277E5. Type', 'Binary Object_4277E5. Content', 'A binary object is a sequence of binary digits (bits)', 'A finite sequence of binary digits (bits)', NULL, 3, 1, 1, 1, '2016-05-19 20:47:14', '2016-05-19 20:47:14', 0, 0, 0, 0, 0, 0),
  (27, 'oagis-id-f2c5dcba0088440d866ea23a81876280', 1, '1.0', 0, 'Binary Object', NULL, 26, 'Binary Object. Type', 'Binary Object. Content', NULL, NULL, NULL, 3, 1, 1, 1, '2016-05-19 20:47:14', '2016-05-19 20:47:14', 0, 0, 0, 0, 0, 0),
  (28, 'oagis-id-a3101ac1f4734f408d0b01e2ba182648', 1, '1.0', 0, 'Graphic', NULL, 7, 'Graphic_3FDF3D. Type', 'Graphic_3FDF3D. Content', 'A Graphic. Type is a finite data stream of diagram, graph, mathematical curves, or similar vector based representation in a specific notation', 'A set of finite-length sequences of binary octets for graphics', NULL, 3, 1, 1, 1, '2016-05-19 20:47:14', '2016-05-19 20:47:14', 0, 0, 0, 0, 0, 0),
  (29, 'oagis-id-9ec6be30dabf45d5b53b765634be2412', 1, '1.0', 0, 'Graphic', NULL, 28, 'Graphic. Type', 'Graphic. Content', NULL, NULL, NULL, 3, 1, 1, 1, '2016-05-19 20:47:14', '2016-05-19 20:47:14', 0, 0, 0, 0, 0, 0),
  (30, 'oagis-id-7242ea809d804f9ab4e08766a6117710', 1, '1.0', 0, 'Sound', NULL, 19, 'Sound_697AE6. Type', 'Sound_697AE6. Content', 'A sound is any form of an audio file such as audio recordings in binary notation (octets)', 'A set of finite length sequences of binary octets for sounds', NULL, 3, 1, 1, 1, '2016-05-19 20:47:14', '2016-05-19 20:47:14', 0, 0, 0, 0, 0, 0),
  (31, 'oagis-id-dc994532fe464847acf84a54548276ff', 1, '1.0', 0, 'Sound', NULL, 30, 'Sound. Type', 'Sound. Content', NULL, NULL, NULL, 3, 1, 1, 1, '2016-05-19 20:47:14', '2016-05-19 20:47:14', 0, 0, 0, 0, 0, 0),
  (32, 'oagis-id-3292eaa5630b48ecb7c4249b0ddc760e', 1, '1.0', 0, 'Video', NULL, 23, 'Video_539B44. Type', 'Video_539B44. Content', 'A video is a recording, reproducing or broadcasting of visual images on magnetic tape or digitally in binary notation (octets)', 'A set of finite length sequences of binary octets', NULL, 3, 1, 1, 1, '2016-05-19 20:47:15', '2016-05-19 20:47:15', 0, 0, 0, 0, 0, 0),
  (33, 'oagis-id-83d4cc94be8249a3b8cbe7e1c2ecb417', 1, '1.0', 0, 'Video', NULL, 32, 'Video. Type', 'Video. Content', NULL, NULL, NULL, 3, 1, 1, 1, '2016-05-19 20:47:15', '2016-05-19 20:47:15', 0, 0, 0, 0, 0, 0),
  (34, 'oagis-id-0c482df00c2343cd99b1b5c1637a199d', 1, '1.0', 0, 'Code', NULL, 3, 'Code_1DEB05. Type', 'Code_1DEB05. Content', 'A code is a character string of letters, numbers, special characters (except escape sequences), and symbols. It represents a definitive value, a method, or a property description in an abbreviated or language-independent form that is part of a finite list of allowed values', 'A character string (letters, figures or symbols) that for brevity and/or language independence may be used to represent or replace a definitive value or text of an attribute', NULL, 3, 1, 1, 1, '2016-05-19 20:47:15', '2016-05-19 20:47:15', 0, 0, 0, 0, 0, 0),
  (35, 'oagis-id-3318aed9165847e3afb907724db2b65c', 1, '1.0', 0, 'Code', NULL, 34, 'Code. Type', 'Code. Content', NULL, NULL, NULL, 3, 1, 1, 1, '2016-05-19 20:47:15', '2016-05-19 20:47:15', 0, 0, 0, 0, 0, 0),
  (36, 'oagis-id-f074a322acff4705bbef417505f9bf11', 1, '1.0', 0, 'Date', NULL, 4, 'Date_238C51. Type', 'Date_238C51. Content', 'A date is a gregorian calendar representation in various common resolutions: year, week, day', 'The particular point in the progression of date', NULL, 3, 1, 1, 1, '2016-05-19 20:47:15', '2016-05-19 20:47:15', 0, 0, 0, 0, 0, 0),
  (37, 'oagis-id-3ecb2fb750c144c58c1b68d2fa2a36ae', 1, '1.0', 0, 'Date', NULL, 36, 'Date. Type', 'Date. Content', NULL, NULL, NULL, 3, 1, 1, 1, '2016-05-19 20:47:15', '2016-05-19 20:47:15', 0, 0, 0, 0, 0, 0),
  (38, 'oagis-id-a5cfd20385314a63afc1ffcf6357a08b', 1, '1.0', 0, 'Date Time', NULL, 5, 'Date Time_AD9DD9. Type', 'Date Time_AD9DD9. Content', 'A date time identifies a date and time of day to various common resolutions: year, month, day, hour, minute, second, and fraction of second', 'The particular point in the progression of date', NULL, 3, 1, 1, 1, '2016-05-19 20:47:15', '2016-05-19 20:47:15', 0, 0, 0, 0, 0, 0),
  (39, 'oagis-id-dd0c8f86b160428da3a82d2866a5b48d', 1, '1.0', 0, 'Date Time', NULL, 38, 'Date Time. Type', 'Date Time. Content', NULL, NULL, NULL, 3, 1, 1, 1, '2016-05-19 20:47:15', '2016-05-19 20:47:15', 0, 0, 0, 0, 0, 0),
  (40, 'oagis-id-f16cdbda66d2441cac9e99615c99e70e', 1, '1.0', 0, 'Duration', NULL, 6, 'Duration_JJ5401. Type', 'Duration_JJ5401. Content', 'A duration is the specification of a length of time without a fixed start or end time, expressed in Gregorian calendar time units (Year, Month, Week, Day) and Hours, Minutes or Second', 'The particular representation of duration', NULL, 3, 1, 1, 1, '2016-05-19 20:47:15', '2016-05-19 20:47:15', 0, 0, 0, 0, 0, 0),
  (41, 'oagis-id-ee2b3bf53bd44b21960ff8575891c638', 1, '1.0', 0, 'Duration', NULL, 40, 'Duration. Type', 'Duration. Content', NULL, NULL, NULL, 3, 1, 1, 1, '2016-05-19 20:47:15', '2016-05-19 20:47:15', 0, 0, 0, 0, 0, 0),
  (42, 'oagis-id-6e141689c22944a083798b9dbba8b47f', 1, '1.0', 0, 'Identifier', NULL, 8, 'Identifier_D995CD. Type', 'Identifier_D995CD. Content', 'An identifier is a character string used to uniquely identify one instance of an object within an identification scheme that is managed by an agency', 'A character string used to uniquely identify one instance of an object within an identification scheme that is managed by an agency', NULL, 3, 1, 1, 1, '2016-05-19 20:47:15', '2016-05-19 20:47:15', 0, 0, 0, 0, 0, 0),
  (43, 'oagis-id-bea4dcd433d54aa698db2176cab33c19', 1, '1.0', 0, 'Identifier', NULL, 42, 'Identifier. Type', 'Identifier. Content', NULL, NULL, NULL, 3, 1, 1, 1, '2016-05-19 20:47:15', '2016-05-19 20:47:15', 0, 0, 0, 0, 0, 0),
  (44, 'oagis-id-c62bf0f41c964349b874b8f397f673ec', 1, '1.0', 0, 'Indicator', NULL, 9, 'Indicator_CVW231. Type', 'Indicator_CVW231. Content', 'An indicator is a list of two mutually exclusive Boolean values that express the only possible states of a property', 'The value of the indicator', NULL, 3, 1, 1, 1, '2016-05-19 20:47:15', '2016-05-19 20:47:15', 0, 0, 0, 0, 0, 0),
  (45, 'oagis-id-ef32205ede95407f981064a45ffa652c', 1, '1.0', 0, 'Indicator', NULL, 44, 'Indicator. Type', 'Indicator. Content', NULL, NULL, NULL, 3, 1, 1, 1, '2016-05-19 20:47:15', '2016-05-19 20:47:15', 0, 0, 0, 0, 0, 0),
  (46, 'oagis-id-bf1305892fcb4e2e9eccec5ae693d73d', 1, '1.0', 0, 'Measure', NULL, 10, 'Measure_671290. Type', 'Measure_671290. Content', 'A measure is a numeric value determined by measuring an object along with the specified unit of measure', 'The numeric value determined by measuring an object', NULL, 3, 1, 1, 1, '2016-05-19 20:47:15', '2016-05-19 20:47:15', 0, 0, 0, 0, 0, 0),
  (47, 'oagis-id-3cbb2f0b87254ff696e9315cd863f613', 1, '1.0', 0, 'Measure', NULL, 46, 'Measure. Type', 'Measure. Content', NULL, NULL, NULL, 3, 1, 1, 1, '2016-05-19 20:47:15', '2016-05-19 20:47:15', 0, 0, 0, 0, 0, 0),
  (48, 'oagis-id-8ef2aeaecfa645088c4bf4b424905596', 1, '1.0', 0, 'Name', NULL, 11, 'Name_02FC2Z. Type', 'Name_02FC2Z. Content', 'A name is a word or phrase that constitutes the distinctive designation of a person, place, thing or concept', 'A word or phrase that represents a designation of a person, place, thing or concept', NULL, 3, 1, 1, 1, '2016-05-19 20:47:16', '2016-05-19 20:47:16', 0, 0, 0, 0, 0, 0),
  (49, 'oagis-id-bf66e0afea2c4c2da7bc69af14ca23c9', 1, '1.0', 0, 'Name', NULL, 48, 'Name. Type', 'Name. Content', NULL, NULL, NULL, 3, 1, 1, 1, '2016-05-19 20:47:16', '2016-05-19 20:47:16', 0, 0, 0, 0, 0, 0),
  (50, 'oagis-id-e57e1a2b7be44356a2256bc46f61ec36', 1, '1.0', 0, 'Number', NULL, 12, 'Number_BE4776. Type', 'Number_BE4776. Content', 'A mathematical number that is assigned or is determined by calculation.', 'A mathematical number that is assigned or is determined by calculation.', NULL, 3, 1, 1, 1, '2016-05-19 20:47:16', '2016-05-19 20:47:16', 0, 0, 0, 0, 0, 0),
  (51, 'oagis-id-06083bfba01d4213a852830000e939b9', 1, '1.0', 0, 'Number', NULL, 50, 'Number. Type', 'Number. Content', NULL, NULL, NULL, 3, 1, 1, 1, '2016-05-19 20:47:16', '2016-05-19 20:47:16', 0, 0, 0, 0, 0, 0),
  (52, 'oagis-id-af8d69bed6454c0eb9cc494977993b03', 1, '1.0', 0, 'Percent', NULL, 14, 'Percent_481002. Type', 'Percent_481002. Content', 'A percent is a value representing a fraction of one hundred, expressed as a quotient', 'Numeric information that is assigned or is determined by percent', NULL, 3, 1, 1, 1, '2016-05-19 20:47:16', '2016-05-19 20:47:16', 0, 0, 0, 0, 0, 0),
  (53, 'oagis-id-57efecfe17e64e20b83adccce3159a9e', 1, '1.0', 0, 'Percent', NULL, 52, 'Percent. Type', 'Percent. Content', NULL, NULL, NULL, 3, 1, 1, 1, '2016-05-19 20:47:16', '2016-05-19 20:47:16', 0, 0, 0, 0, 0, 0),
  (54, 'oagis-id-6d24dd8e55414acc915b1a2c7e358552', 1, '1.0', 0, 'Quantity', NULL, 16, 'Quantity_201330. Type', 'Quantity_201330. Content', 'A quantity is a counted number of non-monetary units, possibly including fractions', 'A counted number of non-monetary units possibly including fractions', NULL, 3, 1, 1, 1, '2016-05-19 20:47:16', '2016-05-19 20:47:16', 0, 0, 0, 0, 0, 0),
  (55, 'oagis-id-5212437eb6f045f98b072db0ce971409', 1, '1.0', 0, 'Quantity', NULL, 54, 'Quantity. Type', 'Quantity. Content', NULL, NULL, NULL, 3, 1, 1, 1, '2016-05-19 20:47:16', '2016-05-19 20:47:16', 0, 0, 0, 0, 0, 0),
  (56, 'oagis-id-89be97039be04d6f9cfda107d75926b4', 1, '1.0', 0, 'Text', NULL, 20, 'Text_62S0B4. Type', 'Text_62S0B4. Content', 'Text is a character string such as a finite set of characters generally in  the form of words of a language', 'A character string generally in the form of words of a language', NULL, 3, 1, 1, 1, '2016-05-19 20:47:16', '2016-05-19 20:47:16', 0, 0, 0, 0, 0, 0),
  (57, 'oagis-id-d97b8cf6a26f408db148163485796d15', 1, '1.0', 0, 'Text', NULL, 56, 'Text. Type', 'Text. Content', NULL, NULL, NULL, 3, 1, 1, 1, '2016-05-19 20:47:16', '2016-05-19 20:47:16', 0, 0, 0, 0, 0, 0),
  (58, 'oagis-id-6659e405ac8d43268d2a10d451eea261', 1, '1.0', 0, 'Time', NULL, 21, 'Time_100DCA. Type', 'Time_100DCA. Content', 'Time is a time of day to various common resolutions - hour, minute, second, and fractions thereof', 'The particular point in the progression of time', NULL, 3, 1, 1, 1, '2016-05-19 20:47:16', '2016-05-19 20:47:16', 0, 0, 0, 0, 0, 0),
  (59, 'oagis-id-83ea28a4218e447ebe99113901b2c70f', 1, '1.0', 0, 'Time', NULL, 58, 'Time. Type', 'Time. Content', NULL, NULL, NULL, 3, 1, 1, 1, '2016-05-19 20:47:16', '2016-05-19 20:47:16', 0, 0, 0, 0, 0, 0),
  (60, 'oagis-id-641fdee1d3114629a15902311d895ca2', 1, '1.0', 0, 'Value', NULL, 22, 'Value_D19E7B. Type', 'Value_D19E7B. Content', 'A value is the concept of worth in general that is assigned or is determined by measurement, assessment or calculation.', 'Numeric information that is assigned or is determined by value', NULL, 3, 1, 1, 1, '2016-05-19 20:47:16', '2016-05-19 20:47:16', 0, 0, 0, 0, 0, 0),
  (61, 'oagis-id-d006eb3550364c61bc10cac70763e677', 1, '1.0', 0, 'Value', NULL, 60, 'Value. Type', 'Value. Content', NULL, NULL, NULL, 3, 1, 1, 1, '2016-05-19 20:47:16', '2016-05-19 20:47:16', 0, 0, 0, 0, 0, 0),
  (62, 'oagis-id-23a9c386c4304400a8f1dd620b26035b', 1, '1.0', 0, 'Ordinal', NULL, 13, 'Ordinal_PQALZM. Type', 'Ordinal_PQALZM. Content', 'An ordinal number is an assigned mathematical number that represents order or sequence', 'An assigned mathematical number that represents order or sequence', NULL, 3, 1, 1, 1, '2016-05-19 20:47:16', '2016-05-19 20:47:16', 0, 0, 0, 0, 0, 0),
  (63, 'oagis-id-06083bfba01d4213a852830000e12051', 1, '1.0', 0, 'Ordinal', NULL, 62, 'Ordinal. Type', 'Ordinal. Content', NULL, NULL, NULL, 3, 1, 1, 1, '2016-05-19 20:47:16', '2016-05-19 20:47:16', 0, 0, 0, 0, 0, 0),
  (64, 'oagis-id-d2f721a297684b538e7dbb88cf5526bc', 1, '1.0', 0, 'Code', NULL, 3, 'Code_1E7368. Type', 'Code_1E7368. Content', 'A code is a character string of letters, numbers, special characters (except escape sequences), and symbols. It represents a definitive value, a method, or a property description in an abbreviated or language-independent form that is part of a finite list of allowed values', NULL, NULL, 3, 1, 1, 1, '2016-05-19 20:47:17', '2016-05-19 20:47:17', 0, 0, 0, 0, 0, 0),
  (65, 'oagis-id-5646bf52a97b48adb50ded6ff8c38354', 1, '1.0', 0, 'Code', NULL, 64, 'Code Content. Type', 'Code Content. Content', NULL, NULL, NULL, 3, 1, 1, 1, '2016-05-19 20:47:17', '2016-05-19 20:47:17', 0, 0, 0, 0, 0, 0),
  (66, 'oagis-id-ff84535456d44233b6f0976d993b442d', 1, '1.0', 0, 'Identifier', NULL, 8, 'Identifier_B3F14E. Type', 'Identifier_B3F14E. Content', 'An identifier is a character string used to uniquely identify one instance of an object within an identification scheme that is managed by an agency', 'A character string used to uniquely identify one instance of an object within an identification scheme that is managed by an agency', NULL, 3, 1, 1, 1, '2016-05-19 20:47:17', '2016-05-19 20:47:17', 0, 0, 0, 0, 0, 0),
  (67, 'oagis-id-08d6ade226fd42488b53c0815664e246', 1, '1.0', 0, 'Identifier', NULL, 66, 'Identifier Content. Type', 'Identifier Content. Content', NULL, NULL, NULL, 3, 1, 1, 1, '2016-05-19 20:47:17', '2016-05-19 20:47:17', 0, 0, 0, 0, 0, 0),
  (68, 'oagis-id-42a03ed19450453da6c87fe8eadabfa4', 1, '1.0', 0, 'Text', NULL, 20, 'Text_0VCBZ5. Type', 'Text_0VCBZ5. Content', 'A text is a character string such as a finite set of characters generally in the form of words of a language', 'A character string generally in the form of words of a language', NULL, 3, 1, 1, 1, '2016-05-19 20:47:17', '2016-05-19 20:47:17', 0, 0, 0, 0, 0, 0),
  (69, 'oagis-id-d26b22f9103744edb0a4d3728aefc26e', 1, '1.0', 0, 'Text', NULL, 68, 'Normalized String. Type', 'Normalized String. Content', NULL, NULL, NULL, 3, 1, 1, 1, '2016-05-19 20:47:17', '2016-05-19 20:47:17', 0, 0, 0, 0, 0, 0),
  (70, 'oagis-id-d5cb8551edf041389893fee25a496395', 1, '1.0', 0, 'Text', NULL, 20, 'Text_0F0ZX1. Type', 'Text_0F0ZX1. Content', 'A name is a word or phrase that constitutes the distinctive designation of a person, place, thing or concept', 'A character string generally in the form of words of a language', NULL, 3, 1, 1, 1, '2016-05-19 20:47:17', '2016-05-19 20:47:17', 0, 0, 0, 0, 0, 0),
  (71, 'oagis-id-e28a3e09aa6e42339e11a0c740362ca9', 1, '1.0', 0, 'Text', NULL, 70, 'Token. Type', 'Token. Content', NULL, NULL, NULL, 3, 1, 1, 1, '2016-05-19 20:47:17', '2016-05-19 20:47:17', 0, 0, 0, 0, 0, 0),
  (72, 'oagis-id-89be97039be04d6f9cfda107d75926b5', 1, '1.0', 0, 'Text', NULL, 20, 'Text_62S0C1. Type', 'Text_62S0C1. Content', 'Text is a character string such as a finite set of characters generally in  the form of words of a language', 'A character string generally in the form of words of a language', NULL, 3, 1, 1, 1, '2016-05-19 20:47:17', '2016-05-19 20:47:17', 0, 0, 0, 0, 0, 0),
  (73, 'oagis-id-310d5bf351c143ed80c16ee9ef837271', 1, '1.0', 0, 'Text', NULL, 72, 'String. Type', 'String. Content', NULL, NULL, NULL, 3, 1, 1, 1, '2016-05-19 20:47:17', '2016-05-19 20:47:17', 0, 0, 0, 0, 0, 0),
  (74, 'oagis-id-3049eed90b924d699f1102b946843725', 1, '1.0', 0, 'Date', NULL, 4, 'Date_DB95C8. Type', 'Date_DB95C8. Content', 'A date is a gregorian calendar representation in various common resolutions: day of month', 'The particular point in the progression of date', NULL, 3, 1, 1, 1, '2016-05-19 20:47:17', '2016-05-19 20:47:17', 0, 0, 0, 0, 0, 0),
  (75, 'oagis-id-5a2ed18041c04f3e995c773480b0076d', 1, '1.0', 0, 'Date', NULL, 74, 'Day Date. Type', 'Day Date. Content', NULL, NULL, NULL, 3, 1, 1, 1, '2016-05-19 20:47:17', '2016-05-19 20:47:17', 0, 0, 0, 0, 0, 0),
  (76, 'oagis-id-52df32ab374440f0ac456a1abe66cb94', 1, '1.0', 0, 'Date', NULL, 4, 'Date_0C267D. Type', 'Date_0C267D. Content', 'A date is a gregorian calendar representation in various common resolutions: month', 'The particular point in the progression of date', NULL, 3, 1, 1, 1, '2016-05-19 20:47:17', '2016-05-19 20:47:17', 0, 0, 0, 0, 0, 0),
  (77, 'oagis-id-af5bfda6510443a5a468bd1df713ff4c', 1, '1.0', 0, 'Date', NULL, 76, 'Month Date. Type', 'Month Date. Content', NULL, NULL, NULL, 3, 1, 1, 1, '2016-05-19 20:47:17', '2016-05-19 20:47:17', 0, 0, 0, 0, 0, 0),
  (78, 'oagis-id-3bc40b222d994d9b9fb5d4a33319a146', 1, '1.0', 0, 'Date', NULL, 4, 'Date_5B057B. Type', 'Date_5B057B. Content', 'A date is a gregorian calendar representation in various common resolutions: month, day', 'The particular point in the progression of date', NULL, 3, 1, 1, 1, '2016-05-19 20:47:17', '2016-05-19 20:47:17', 0, 0, 0, 0, 0, 0),
  (79, 'oagis-id-86ce40c683224461a3d4747410c551c3', 1, '1.0', 0, 'Date', NULL, 78, 'Month Day Date. Type', 'Month Day Date. Content', NULL, NULL, NULL, 3, 1, 1, 1, '2016-05-19 20:47:17', '2016-05-19 20:47:17', 0, 0, 0, 0, 0, 0),
  (80, 'oagis-id-0a7f3544ea954099aa06afe488417136', 1, '1.0', 0, 'Date', NULL, 4, 'Date_57D5E1. Type', 'Date_57D5E1. Content', 'A date is a gregorian calendar representation in various common resolutions: year', 'The particular point in the progression of date', NULL, 3, 1, 1, 1, '2016-05-19 20:47:18', '2016-05-19 20:47:18', 0, 0, 0, 0, 0, 0),
  (81, 'oagis-id-a83c14386c7547669c8c9a516ff4c54e', 1, '1.0', 0, 'Date', NULL, 80, 'Year Date. Type', 'Year Date. Content', NULL, NULL, NULL, 3, 1, 1, 1, '2016-05-19 20:47:18', '2016-05-19 20:47:18', 0, 0, 0, 0, 0, 0),
  (82, 'oagis-id-6712fbca652e49ac9739396377b090cb', 1, '1.0', 0, 'Date', NULL, 4, 'Date_BBCC14. Type', 'Date_BBCC14. Content', 'A date is a gregorian calendar representation in various common resolutions: year, month', 'The particular point in the progression of date', NULL, 3, 1, 1, 1, '2016-05-19 20:47:18', '2016-05-19 20:47:18', 0, 0, 0, 0, 0, 0),
  (83, 'oagis-id-004a7da25119417ba44a1f43a2585d0d', 1, '1.0', 0, 'Date', NULL, 82, 'Year Month Date. Type', 'Year Month Date. Content', NULL, NULL, NULL, 3, 1, 1, 1, '2016-05-19 20:47:18', '2016-05-19 20:47:18', 0, 0, 0, 0, 0, 0),
  (84, 'oagis-id-3d47ac271e344e6094791b6e93fbce26', 1, '1.0', 0, 'Identifier', NULL, 66, 'URI. Type', 'URI. Content', NULL, NULL, NULL, 3, 1, 1, 1, '2016-05-19 20:47:18', '2016-05-19 20:47:18', 0, 0, 0, 0, 0, 0),
  (85, 'oagis-id-10ef9f34e0504a71880c967c82ac039f', 1, '1.0', 0, 'Duration', NULL, 40, 'Duration Measure. Type', 'Duration Measure. Content', NULL, NULL, NULL, 3, 1, 1, 1, '2016-05-19 20:47:19', '2016-05-19 20:47:19', 0, 0, 0, 0, 0, 0),
  (86, 'oagis-id-d614ed8726ff482c9c5a8183d735d9ed', 1, '1.0', 0, 'Number', NULL, 12, 'Number_B98233. Type', 'Number_B98233. Content', 'A mathematical number that is assigned or is determined by calculation.', 'A mathematical number that is assigned or is determined by calculation.', NULL, 3, 1, 1, 1, '2016-05-19 20:47:19', '2016-05-19 20:47:19', 0, 0, 0, 0, 0, 0),
  (87, 'oagis-id-9b8fed621a7148a5b7fb2f04b80381be', 1, '1.0', 0, 'Number', NULL, 86, 'Integer Number. Type', 'Integer Number. Content', NULL, NULL, NULL, 3, 1, 1, 1, '2016-05-19 20:47:19', '2016-05-19 20:47:19', 0, 0, 0, 0, 0, 0),
  (88, 'oagis-id-6b81b03c96cc47f08ccb26838853012d', 1, '1.0', 0, 'Number', NULL, 12, 'Number_201301. Type', 'Number_201301. Content', 'A mathematical number that is assigned or is determined by calculation.', NULL, NULL, 3, 1, 1, 1, '2016-05-19 20:47:19', '2016-05-19 20:47:19', 0, 0, 0, 0, 0, 0),
  (89, 'oagis-id-ec9821a975e84ad9804265b0f082a36b', 1, '1.0', 0, 'Number', NULL, 88, 'Positive Integer Number. Type', 'Positive Integer Number. Content', NULL, NULL, NULL, 3, 1, 1, 1, '2016-05-19 20:47:19', '2016-05-19 20:47:19', 0, 0, 0, 0, 0, 0),
  (90, 'oagis-id-5a2ed18041c04f3e995c7734386ae380', 1, '1.0', 0, 'Time', NULL, 58, 'Day Of Week Hour Minute UTC. Type', 'Day Of Week Hour Minute UTC. Content', NULL, NULL, NULL, 3, 1, 1, 1, '2016-05-19 20:47:19', '2016-05-19 20:47:19', 0, 0, 0, 0, 0, 0),
  (91, 'oagis-id-0fb76e8565244977b1239327ca436f76', 1, '1.0', 0, 'Value', NULL, 22, 'Value_039C44. Type', 'Value_039C44. Content', 'A value is the concept of worth in general that is assigned or is determined by measurement, assessment or calculation.', 'Numeric information that is assigned or is determined by value', NULL, 3, 1, 1, 1, '2016-05-19 20:47:19', '2016-05-19 20:47:19', 0, 0, 0, 0, 0, 0);

-- 3.1.1.8.2	Populate bdt_pri_restri table
INSERT INTO `bdt_pri_restri` (`bdt_pri_restri_id`, `bdt_id`, `cdt_awd_pri_xps_type_map_id`, `code_list_id`, `is_default`, `agency_id_list_id`)
VALUES
  (1, 24, 1, NULL, 1, NULL),
  (2, 24, 2, NULL, 0, NULL),
  (3, 24, 3, NULL, 0, NULL),
  (4, 24, 4, NULL, 0, NULL),
  (5, 24, 5, NULL, 0, NULL),
  (6, 24, 6, NULL, 0, NULL),
  (7, 24, 7, NULL, 0, NULL),
  (8, 25, 1, NULL, 1, NULL),
  (9, 25, 2, NULL, 0, NULL),
  (10, 25, 3, NULL, 0, NULL),
  (11, 25, 4, NULL, 0, NULL),
  (12, 25, 5, NULL, 0, NULL),
  (13, 25, 6, NULL, 0, NULL),
  (14, 25, 7, NULL, 0, NULL),
  (15, 26, 8, NULL, 1, NULL),
  (16, 26, 9, NULL, 0, NULL),
  (17, 27, 8, NULL, 1, NULL),
  (18, 27, 9, NULL, 0, NULL),
  (19, 28, 32, NULL, 1, NULL),
  (20, 28, 33, NULL, 0, NULL),
  (21, 29, 32, NULL, 1, NULL),
  (22, 29, 33, NULL, 0, NULL),
  (23, 30, 89, NULL, 1, NULL),
  (24, 30, 90, NULL, 0, NULL),
  (25, 31, 89, NULL, 1, NULL),
  (26, 31, 90, NULL, 0, NULL),
  (27, 32, 106, NULL, 1, NULL),
  (28, 32, 107, NULL, 0, NULL),
  (29, 33, 106, NULL, 1, NULL),
  (30, 33, 107, NULL, 0, NULL),
  (31, 34, 10, NULL, 1, NULL),
  (32, 34, 11, NULL, 0, NULL),
  (33, 34, 12, NULL, 0, NULL),
  (34, 35, 10, NULL, 1, NULL),
  (35, 35, 11, NULL, 0, NULL),
  (36, 35, 12, NULL, 0, NULL),
  (37, 36, 13, NULL, 1, NULL),
  (38, 36, 14, NULL, 0, NULL),
  (39, 36, 15, NULL, 0, NULL),
  (40, 36, 16, NULL, 0, NULL),
  (41, 36, 17, NULL, 0, NULL),
  (42, 36, 18, NULL, 0, NULL),
  (43, 36, 19, NULL, 0, NULL),
  (44, 36, 20, NULL, 0, NULL),
  (45, 37, 13, NULL, 1, NULL),
  (46, 37, 14, NULL, 0, NULL),
  (47, 37, 15, NULL, 0, NULL),
  (48, 37, 16, NULL, 0, NULL),
  (49, 37, 17, NULL, 0, NULL),
  (50, 37, 18, NULL, 0, NULL),
  (51, 37, 19, NULL, 0, NULL),
  (52, 37, 20, NULL, 0, NULL),
  (53, 38, 21, NULL, 1, NULL),
  (54, 38, 22, NULL, 0, NULL),
  (55, 38, 23, NULL, 0, NULL),
  (56, 38, 24, NULL, 0, NULL),
  (57, 38, 25, NULL, 0, NULL),
  (58, 38, 26, NULL, 0, NULL),
  (59, 38, 27, NULL, 0, NULL),
  (60, 38, 28, NULL, 0, NULL),
  (61, 38, 29, NULL, 0, NULL),
  (62, 39, 21, NULL, 1, NULL),
  (63, 39, 22, NULL, 0, NULL),
  (64, 39, 23, NULL, 0, NULL),
  (65, 39, 24, NULL, 0, NULL),
  (66, 39, 25, NULL, 0, NULL),
  (67, 39, 26, NULL, 0, NULL),
  (68, 39, 27, NULL, 0, NULL),
  (69, 39, 28, NULL, 0, NULL),
  (70, 39, 29, NULL, 0, NULL),
  (71, 40, 30, NULL, 1, NULL),
  (72, 40, 31, NULL, 0, NULL),
  (73, 41, 30, NULL, 1, NULL),
  (74, 41, 31, NULL, 0, NULL),
  (75, 42, 34, NULL, 1, NULL),
  (76, 42, 35, NULL, 0, NULL),
  (77, 42, 36, NULL, 0, NULL),
  (78, 43, 34, NULL, 1, NULL),
  (79, 43, 35, NULL, 0, NULL),
  (80, 43, 36, NULL, 0, NULL),
  (81, 44, 37, NULL, 1, NULL),
  (82, 45, 37, NULL, 1, NULL),
  (83, 46, 38, NULL, 1, NULL),
  (84, 46, 39, NULL, 0, NULL),
  (85, 46, 40, NULL, 0, NULL),
  (86, 46, 41, NULL, 0, NULL),
  (87, 46, 42, NULL, 0, NULL),
  (88, 46, 43, NULL, 0, NULL),
  (89, 46, 44, NULL, 0, NULL),
  (90, 47, 38, NULL, 1, NULL),
  (91, 47, 39, NULL, 0, NULL),
  (92, 47, 40, NULL, 0, NULL),
  (93, 47, 41, NULL, 0, NULL),
  (94, 47, 42, NULL, 0, NULL),
  (95, 47, 43, NULL, 0, NULL),
  (96, 47, 44, NULL, 0, NULL),
  (97, 48, 45, NULL, 0, NULL),
  (98, 48, 46, NULL, 1, NULL),
  (99, 48, 47, NULL, 0, NULL),
  (100, 49, 45, NULL, 0, NULL),
  (101, 49, 46, NULL, 1, NULL),
  (102, 49, 47, NULL, 0, NULL),
  (103, 50, 48, NULL, 1, NULL),
  (104, 50, 49, NULL, 0, NULL),
  (105, 50, 50, NULL, 0, NULL),
  (106, 50, 51, NULL, 0, NULL),
  (107, 50, 52, NULL, 0, NULL),
  (108, 50, 53, NULL, 0, NULL),
  (109, 50, 54, NULL, 0, NULL),
  (110, 51, 48, NULL, 1, NULL),
  (111, 51, 49, NULL, 0, NULL),
  (112, 51, 50, NULL, 0, NULL),
  (113, 51, 51, NULL, 0, NULL),
  (114, 51, 52, NULL, 0, NULL),
  (115, 51, 53, NULL, 0, NULL),
  (116, 51, 54, NULL, 0, NULL),
  (117, 52, 58, NULL, 1, NULL),
  (118, 52, 59, NULL, 0, NULL),
  (119, 52, 60, NULL, 0, NULL),
  (120, 52, 61, NULL, 0, NULL),
  (121, 52, 62, NULL, 0, NULL),
  (122, 52, 63, NULL, 0, NULL),
  (123, 52, 64, NULL, 0, NULL),
  (124, 53, 58, NULL, 1, NULL),
  (125, 53, 59, NULL, 0, NULL),
  (126, 53, 60, NULL, 0, NULL),
  (127, 53, 61, NULL, 0, NULL),
  (128, 53, 62, NULL, 0, NULL),
  (129, 53, 63, NULL, 0, NULL),
  (130, 53, 64, NULL, 0, NULL),
  (131, 54, 67, NULL, 1, NULL),
  (132, 54, 68, NULL, 0, NULL),
  (133, 54, 69, NULL, 0, NULL),
  (134, 54, 70, NULL, 0, NULL),
  (135, 54, 71, NULL, 0, NULL),
  (136, 54, 72, NULL, 0, NULL),
  (137, 54, 73, NULL, 0, NULL),
  (138, 55, 67, NULL, 1, NULL),
  (139, 55, 68, NULL, 0, NULL),
  (140, 55, 69, NULL, 0, NULL),
  (141, 55, 70, NULL, 0, NULL),
  (142, 55, 71, NULL, 0, NULL),
  (143, 55, 72, NULL, 0, NULL),
  (144, 55, 73, NULL, 0, NULL),
  (145, 56, 91, NULL, 0, NULL),
  (146, 56, 92, NULL, 1, NULL),
  (147, 56, 93, NULL, 0, NULL),
  (148, 57, 91, NULL, 0, NULL),
  (149, 57, 92, NULL, 1, NULL),
  (150, 57, 93, NULL, 0, NULL),
  (151, 58, 94, NULL, 1, NULL),
  (152, 58, 95, NULL, 0, NULL),
  (153, 59, 94, NULL, 1, NULL),
  (154, 59, 95, NULL, 0, NULL),
  (155, 60, 96, NULL, 0, NULL),
  (156, 60, 97, NULL, 0, NULL),
  (157, 60, 98, NULL, 0, NULL),
  (158, 60, 99, NULL, 0, NULL),
  (159, 60, 100, NULL, 0, NULL),
  (160, 60, 101, NULL, 0, NULL),
  (161, 60, 102, NULL, 0, NULL),
  (162, 60, 103, NULL, 0, NULL),
  (163, 60, 104, NULL, 1, NULL),
  (164, 60, 105, NULL, 0, NULL),
  (165, 61, 96, NULL, 0, NULL),
  (166, 61, 97, NULL, 0, NULL),
  (167, 61, 98, NULL, 0, NULL),
  (168, 61, 99, NULL, 0, NULL),
  (169, 61, 100, NULL, 0, NULL),
  (170, 61, 101, NULL, 0, NULL),
  (171, 61, 102, NULL, 0, NULL),
  (172, 61, 103, NULL, 0, NULL),
  (173, 61, 104, NULL, 1, NULL),
  (174, 61, 105, NULL, 0, NULL),
  (175, 62, 55, NULL, 1, NULL),
  (176, 62, 56, NULL, 0, NULL),
  (177, 62, 57, NULL, 0, NULL),
  (178, 63, 55, NULL, 1, NULL),
  (179, 63, 56, NULL, 0, NULL),
  (180, 63, 57, NULL, 0, NULL),
  (181, 64, 10, NULL, 0, NULL),
  (182, 64, 11, NULL, 0, NULL),
  (183, 64, 12, NULL, 1, NULL),
  (184, 65, 10, NULL, 0, NULL),
  (185, 65, 11, NULL, 0, NULL),
  (186, 65, 12, NULL, 1, NULL),
  (187, 66, 34, NULL, 1, NULL),
  (188, 66, 35, NULL, 0, NULL),
  (189, 66, 36, NULL, 0, NULL),
  (190, 67, 34, NULL, 1, NULL),
  (191, 67, 35, NULL, 0, NULL),
  (192, 67, 36, NULL, 0, NULL),
  (193, 68, 91, NULL, 1, NULL),
  (194, 68, 93, NULL, 0, NULL),
  (195, 69, 91, NULL, 1, NULL),
  (196, 69, 93, NULL, 0, NULL),
  (197, 70, 93, NULL, 1, NULL),
  (198, 71, 93, NULL, 1, NULL),
  (199, 72, 92, NULL, 1, NULL),
  (200, 72, 93, NULL, 0, NULL),
  (201, 73, 92, NULL, 1, NULL),
  (202, 73, 93, NULL, 0, NULL),
  (203, 74, 13, NULL, 0, NULL),
  (204, 74, 19, NULL, 1, NULL),
  (205, 75, 13, NULL, 0, NULL),
  (206, 75, 19, NULL, 1, NULL),
  (207, 76, 13, NULL, 0, NULL),
  (208, 76, 20, NULL, 1, NULL),
  (209, 77, 13, NULL, 0, NULL),
  (210, 77, 20, NULL, 1, NULL),
  (211, 78, 13, NULL, 0, NULL),
  (212, 78, 18, NULL, 1, NULL),
  (213, 79, 13, NULL, 0, NULL),
  (214, 79, 18, NULL, 1, NULL),
  (215, 80, 13, NULL, 0, NULL),
  (216, 80, 17, NULL, 1, NULL),
  (217, 81, 13, NULL, 0, NULL),
  (218, 81, 17, NULL, 1, NULL),
  (219, 82, 13, NULL, 0, NULL),
  (220, 82, 16, NULL, 1, NULL),
  (221, 83, 13, NULL, 0, NULL),
  (222, 83, 16, NULL, 1, NULL),
  (223, 84, 34, NULL, 1, NULL),
  (224, 84, 36, NULL, 0, NULL),
  (225, 85, 30, NULL, 1, NULL),
  (226, 86, 52, NULL, 1, NULL),
  (227, 87, 52, NULL, 1, NULL),
  (228, 88, 53, NULL, 1, NULL),
  (229, 89, 53, NULL, 1, NULL),
  (230, 90, 94, NULL, 1, NULL),
  (231, 91, 100, NULL, 1, NULL),
  (232, 91, 105, NULL, 0, NULL);

-- 3.1.1.8.3	Populate SC in dt_sc table
INSERT INTO `dt_sc` (`dt_sc_id`, `guid`, `property_term`, `representation_term`, `definition`, `owner_dt_id`, `min_cardinality`, `max_cardinality`, `based_dt_sc_id`)
VALUES
  (35, 'oagis-id-0dd62519460d4a91bfdbc1f7778befac', 'Currency', 'Code', 'The currency of the amount', 24, 0, 1, 1),
  (36, 'oagis-id-4b87790af2ea49a7a5d1f92dec29335f', 'MIME', 'Code', 'The Multipurpose Internet Mail Extensions(MIME) media type of the binary object', 26, 0, 1, 2),
  (37, 'oagis-id-88d1b6e5f2d94dbda4d08793249cd878', 'Character Set', 'Code', 'The character set of the binary object if the Multipurpose Internet Mail Extensions (MIME) type is text', 26, 0, 1, 3),
  (38, 'oagis-id-8ca03283b2ec469598af6bb115cf0bf2', 'Filename', 'Name', 'The filename of the binary object', 26, 0, 1, 4),
  (39, 'oagis-id-deb5c8ba87004cd49e57010ad3ece3af', 'MIME', 'Code', 'The Multipurpose Internet Mail Extensions (MIME) media type of the graphic.', 28, 0, 1, 10),
  (40, 'oagis-id-318dae29eff94cbc9c172448ce54fb34', 'Character Set', 'Code', 'The character set of the graphic if the Multipurpose Internet Mail Extensions (MIME) type is text.', 28, 0, 1, 11),
  (41, 'oagis-id-600fb9b394aa44c2ad17be7ce8aa2396', 'Filename', 'Name', 'The filename of the graphic', 28, 0, 1, 12),
  (42, 'oagis-id-7b304c647a924ce7973753eecdcb5d79', 'MIME', 'Code', 'The Multipurpose Internet Mail Extensions(MIME) media type of the sound', 30, 0, 1, 28),
  (43, 'oagis-id-8bbefdeaf55d4daab08a48f32e0f4796', 'Character Set', 'Code', 'The character set of the binary object if the Multipurpose Internet Mail Extensions (MIME) type is text', 30, 0, 1, 29),
  (44, 'oagis-id-d6688838cedb4fd7aae20626c2ef27b0', 'Filename', 'Name', 'The filename of the sound', 30, 0, 1, 30),
  (45, 'oagis-id-2c6f9ff650c24bfdbd0c49ac67de13bd', 'MIME', 'Code', 'The Multipurpose Internet Mail Extensions(MIME) media type of the video', 32, 0, 1, 32),
  (46, 'oagis-id-b558001026164520b5ddda71d6360b09', 'Character Set', 'Code', 'The character set of the binary object if the Multipurpose Internet Mail Extensions (MIME) type is text', 32, 0, 1, 33),
  (47, 'oagis-id-3a765939c131448da1858fd6f1c339db', 'Filename', 'Name', 'The filename of the video', 32, 0, 1, 34),
  (48, 'oagis-id-a269304987de4f3a845be02a78df41ae', 'List', 'Identifier', 'The identification of a list of codes', 34, 0, 1, 5),
  (49, 'oagis-id-6521de84253e4428adfd742cc8cd4603', 'List Agency', 'Identifier', 'The identification of the agency that manages the code list.', 34, 0, 1, 6),
  (50, 'oagis-id-118b994c3a7b45f3b0f4f37d184cf0a6', 'List Version', 'Identifier', 'The identification of the version of the list of codes.', 34, 0, 1, 7),
  (51, 'oagis-id-b950478d36f34d50a903085ea03972ae', 'Time Zone', 'Code', 'The time zone to which the date time refers', 38, 0, 0, 8),
  (52, 'oagis-id-21513bde055c495c809d0ceba31dbb2c', 'Daylight Saving', 'Indicator', 'The indication of whether or not this Date Time is in daylight saving', 38, 0, 0, 9),
  (53, 'oagis-id-012e9264ef4c43d087b69d538d5020d2', 'Scheme', 'Identifier', 'The identification of the identifier scheme.', 42, 0, 0, 13),
  (54, 'oagis-id-14055ff3e75f421dae6b7aeda297bc07', 'Scheme Version', 'Identifier', 'The identification of the version of the identifier scheme', 42, 0, 0, 14),
  (55, 'oagis-id-0c31cd0a374f4932b26812adcdd256c9', 'Scheme Agency', 'Identifier', 'The identification of the agency that manages the identifier scheme', 42, 0, 0, 15),
  (56, 'oagis-id-d83591f0ee35430f95172883718499ff', 'Unit', 'Code', 'The unit of measure', 46, 0, 1, 16),
  (57, 'oagis-id-42e59d799de147b8ab49c8a27ec85ff1', 'Language', 'Code', 'The language used in the corresponding text string', 48, 0, 1, 17),
  (58, 'oagis-id-9b0fbfcf9ac244b29dc8c7281607dc90', 'Unit', 'Code', 'The unit of measure in which the quantity is expressed', 54, 0, 1, 21),
  (59, 'oagis-id-c8d0c7094d7d4fbeb7e50fd20a17c1b3', 'Language', 'Code', 'The language used in the corresponding text string', 56, 0, 1, 31),
  (60, 'oagis-id-2c5da9b2bf4d4a0387bba6a32bea5b9d', 'List', 'Identifier', 'The identification of a list of codes', 64, 0, 0, 5),
  (61, 'oagis-id-ddf76fd9e21f4a47aa1e600f5a5f9c68', 'List Agency', 'Identifier', 'The identification of the agency that manages the code list.', 64, 0, 0, 6),
  (62, 'oagis-id-4a99338e0ae142a69243881cf431c6fe', 'List Version', 'Identifier', 'The identification of the version of the list of codes.', 64, 0, 0, 7),
  (63, 'oagis-id-b2c51b2a64264e9e81c3d9197d0ac9e9', 'Scheme', 'Identifier', 'The identification of the identifier scheme.', 66, 0, 0, 13),
  (64, 'oagis-id-18d7977479c44e1491b1d446b41ab428', 'Scheme Version', 'Identifier', 'The identification of the version of the identifier scheme', 66, 0, 0, 14),
  (65, 'oagis-id-d393700073b0422abeef7dd31f0905e6', 'Scheme Agency', 'Identifier', 'The identification of the agency that manages the identifier scheme', 66, 0, 0, 15),
  (66, 'oagis-id-0fdb28653a534955930da364dd6105e5', 'Language', 'Code', 'The language used in the corresponding text string', 68, 0, 0, 31),
  (67, 'oagis-id-b8125c549ea04317974e6e091f35fdeb', 'Language', 'Code', 'The language used in the corresponding text string', 70, 0, 0, 31),
  (68, 'oagis-id-8e6ac120431d4502a791b39b474072d7', 'Language', 'Code', 'The language used in the corresponding text string', 72, 0, 0, 31),
  (69, 'oagis-id-ac5285b6c5c04c6fae9ca19a4846ab9f', 'Currency', 'Code', 'The currency of the amount', 25, 0, 1, 35),
  (70, 'oagis-id-081b84f2b73d42e8af1bcd2a2ca220a2', 'MIME', 'Code', 'The Multipurpose Internet Mail Extensions(MIME) media type of the binary object', 27, 0, 1, 36),
  (71, 'oagis-id-6f714b69e2ff49cda809d3e630bdb3f9', 'Character Set', 'Code', 'The character set of the binary object if the Multipurpose Internet Mail Extensions (MIME) type is text', 27, 0, 1, 37),
  (72, 'oagis-id-8c39207af7c54dc5a280ca41ab1efa5d', 'Filename', 'Name', 'The filename of the binary object', 27, 0, 1, 38),
  (73, 'oagis-id-f0f25e189d6045db9f618604d4cdc910', 'MIME', 'Code', 'The Multipurpose Internet Mail Extensions (MIME) media type of the graphic.', 29, 0, 1, 39),
  (74, 'oagis-id-46c623cd30be4fcfae3ed4734afb0b7a', 'Character Set', 'Code', 'The character set of the graphic if the Multipurpose Internet Mail Extensions (MIME) type is text.', 29, 0, 1, 40),
  (75, 'oagis-id-fe44bc0988e74a198baf89c584c64c3a', 'Filename', 'Name', 'The filename of the graphic', 29, 0, 1, 41),
  (76, 'oagis-id-ebc563730cc54e23997e775e60dc4e80', 'MIME', 'Code', 'The Multipurpose Internet Mail Extensions(MIME) media type of the sound', 31, 0, 1, 42),
  (77, 'oagis-id-a383b35ceeff47eea95c87387e7a4061', 'Character Set', 'Code', 'The character set of the binary object if the Multipurpose Internet Mail Extensions (MIME) type is text', 31, 0, 1, 43),
  (78, 'oagis-id-7b65769670ac43ea9ca93d9fa32f5b89', 'Filename', 'Name', 'The filename of the sound', 31, 0, 1, 44),
  (79, 'oagis-id-5091487bffc146a692be48e58d8b7a20', 'MIME', 'Code', 'The Multipurpose Internet Mail Extensions(MIME) media type of the video', 33, 0, 1, 45),
  (80, 'oagis-id-dc2cd3cecfb24a90b60b4146de8114ff', 'Character Set', 'Code', 'The character set of the binary object if the Multipurpose Internet Mail Extensions (MIME) type is text', 33, 0, 1, 46),
  (81, 'oagis-id-25e42737edb84046a9e355bcab5ac76a', 'Filename', 'Name', 'The filename of the video', 33, 0, 1, 47),
  (82, 'oagis-id-825d7acc551a4c49825ac74c0796032e', 'List', 'Identifier', 'The identification of a list of codes', 35, 0, 1, 48),
  (83, 'oagis-id-5d64ee9fca6d4fe6adaf652846cbaa76', 'List Agency', 'Identifier', 'The identification of the agency that manages the code list.', 35, 0, 1, 49),
  (84, 'oagis-id-af7f8aef6627490a8c7eb6642626947e', 'List Version', 'Identifier', 'The identification of the version of the list of codes.', 35, 0, 1, 50),
  (85, 'oagis-id-b1ee3d8abc3d473da2927480a4ff24a6', 'Time Zone', 'Code', 'The time zone to which the date time refers', 39, 0, 0, 51),
  (86, 'oagis-id-713ae2b260c44aa5b4987e24fda0e170', 'Daylight Saving', 'Indicator', 'The indication of whether or not this Date Time is in daylight saving', 39, 0, 0, 52),
  (87, 'oagis-id-00f38132d34d47adb4b301150b3f62d9', 'Scheme', 'Identifier', 'The identification of the identifier scheme.', 43, 0, 0, 53),
  (88, 'oagis-id-d2379e7b27bd455799e58a2608637f71', 'Scheme Version', 'Identifier', 'The identification of the version of the identifier scheme', 43, 0, 0, 54),
  (89, 'oagis-id-2d5160cf47ac419b8f6a44d71a3eb65e', 'Scheme Agency', 'Identifier', 'The identification of the agency that manages the identifier scheme', 43, 0, 0, 55),
  (90, 'oagis-id-4c77d36172744841a4925247a667824e', 'Unit', 'Code', 'The unit of measure', 47, 0, 1, 56),
  (91, 'oagis-id-84fa20db74b942449e1885cff79b24df', 'Sequence Number', 'Number', 'When an object occurs multiple times, this sequence number can be used to provide the order.', 49, 0, 1, NULL),
  (92, 'oagis-id-b25020f1a79244f5b3b518e5dad785c1', 'Language', 'Code', 'The language used in the corresponding text string', 49, 0, 1, 57),
  (93, 'oagis-id-a74c0e064637422c9ceb7f7ce82c6672', 'Unit', 'Code', 'The unit of measure in which the quantity is expressed', 55, 0, 1, 58),
  (94, 'oagis-id-c2e28c0591b84873bf64e42978751d25', 'Language', 'Code', 'The language used in the corresponding text string', 57, 0, 1, 59),
  (95, 'oagis-id-a248c2acaf2c4baf89e437e0509018a6', 'List', 'Identifier', 'The identification of a list of codes', 65, 0, 0, 60),
  (96, 'oagis-id-f22aa61543d942f4aecc9a3f0ce9afa1', 'List Agency', 'Identifier', 'The identification of the agency that manages the code list.', 65, 0, 0, 61),
  (97, 'oagis-id-0ddb59496b364a9eaedf7031dfb5a88c', 'List Version', 'Identifier', 'The identification of the version of the list of codes.', 65, 0, 0, 62),
  (98, 'oagis-id-32ea162efd7a4c99881a2dc40b284280', 'Scheme', 'Identifier', 'The identification of the identifier scheme.', 67, 0, 0, 63),
  (99, 'oagis-id-fd2afa6775f745618c3ea98db5664e41', 'Scheme Version', 'Identifier', 'The identification of the version of the identifier scheme', 67, 0, 0, 64),
  (100, 'oagis-id-b4e89fda9c674c70a1195504b7e350e7', 'Scheme Agency', 'Identifier', 'The identification of the agency that manages the identifier scheme', 67, 0, 0, 65),
  (101, 'oagis-id-350d761f2a4b4a8091e443523a685143', 'Language', 'Code', 'The language used in the corresponding text string', 69, 0, 0, 66),
  (102, 'oagis-id-287f0b792c6241e0b6bc5040b0c2f908', 'Language', 'Code', 'The language used in the corresponding text string', 71, 0, 0, 67),
  (103, 'oagis-id-10ccefecd8e84b62bd9d7862c0689e81', 'Language', 'Code', 'The language used in the corresponding text string', 73, 0, 0, 68),
  (104, 'oagis-id-94d04f56d42042319a1b9060a5abc124', 'Scheme', 'Identifier', 'The identification of the identifier scheme.', 84, 0, 0, 63),
  (105, 'oagis-id-37c41ed925564553bfcd9005f86ec563', 'Scheme Version', 'Identifier', 'The identification of the version of the identifier scheme', 84, 0, 0, 64),
  (106, 'oagis-id-1a282d42a0644d0d82fa19762479d607', 'Scheme Agency', 'Identifier', 'The identification of the agency that manages the identifier scheme', 84, 0, 0, 65);

-- 3.1.1.8.6	Populate bdt_sc_pri_restri table
INSERT INTO `bdt_sc_pri_restri` (`bdt_sc_pri_restri_id`, `bdt_sc_id`, `cdt_sc_awd_pri_xps_type_map_id`, `code_list_id`, `is_default`, `agency_id_list_id`)
VALUES
  (1, 35, 1, NULL, 0, NULL),
  (2, 35, 2, NULL, 0, NULL),
  (3, 35, 3, NULL, 1, NULL),
  (4, 36, NULL, 67, 0, NULL),
  (5, 36, 6, NULL, 1, NULL),
  (6, 37, NULL, 66, 0, NULL),
  (7, 37, 9, NULL, 1, NULL),
  (8, 38, 10, NULL, 1, NULL),
  (9, 38, 11, NULL, 0, NULL),
  (10, 38, 12, NULL, 0, NULL),
  (11, 39, NULL, 67, 0, NULL),
  (12, 39, 28, NULL, 1, NULL),
  (13, 40, NULL, 66, 0, NULL),
  (14, 40, 31, NULL, 1, NULL),
  (15, 41, 32, NULL, 1, NULL),
  (16, 41, 33, NULL, 0, NULL),
  (17, 41, 34, NULL, 0, NULL),
  (18, 42, NULL, 67, 0, NULL),
  (19, 42, 90, NULL, 1, NULL),
  (20, 43, NULL, 66, 0, NULL),
  (21, 43, 93, NULL, 1, NULL),
  (22, 44, 94, NULL, 1, NULL),
  (23, 44, 95, NULL, 0, NULL),
  (24, 44, 96, NULL, 0, NULL),
  (25, 45, NULL, 67, 0, NULL),
  (26, 45, 102, NULL, 1, NULL),
  (27, 46, NULL, 66, 0, NULL),
  (28, 46, 105, NULL, 1, NULL),
  (29, 47, 106, NULL, 1, NULL),
  (30, 47, 107, NULL, 0, NULL),
  (31, 47, 108, NULL, 0, NULL),
  (32, 48, 13, NULL, 1, NULL),
  (33, 48, 14, NULL, 0, NULL),
  (34, 48, 15, NULL, 0, NULL),
  (35, 49, NULL, NULL, 0, 1),
  (36, 49, 18, NULL, 1, NULL),
  (37, 50, 19, NULL, 1, NULL),
  (38, 50, 20, NULL, 0, NULL),
  (39, 50, 21, NULL, 0, NULL),
  (40, 51, 22, NULL, 0, NULL),
  (41, 51, 23, NULL, 0, NULL),
  (42, 51, 24, NULL, 1, NULL),
  (43, 52, 25, NULL, 1, NULL),
  (44, 53, 35, NULL, 1, NULL),
  (45, 53, 36, NULL, 0, NULL),
  (46, 53, 37, NULL, 0, NULL),
  (47, 54, 38, NULL, 1, NULL),
  (48, 54, 39, NULL, 0, NULL),
  (49, 54, 40, NULL, 0, NULL),
  (50, 55, 41, NULL, 1, NULL),
  (51, 55, 42, NULL, 0, NULL),
  (52, 55, 43, NULL, 0, NULL),
  (53, 56, NULL, 71, 0, NULL),
  (54, 56, 46, NULL, 1, NULL),
  (55, 57, NULL, 69, 0, NULL),
  (56, 57, 49, NULL, 1, NULL),
  (57, 58, 59, NULL, 0, NULL),
  (58, 58, 60, NULL, 0, NULL),
  (59, 58, 61, NULL, 1, NULL),
  (60, 59, NULL, 69, 0, NULL),
  (61, 59, 99, NULL, 1, NULL),
  (62, 60, 13, NULL, 1, NULL),
  (63, 60, 14, NULL, 0, NULL),
  (64, 60, 15, NULL, 0, NULL),
  (65, 61, 16, NULL, 1, NULL),
  (66, 61, 17, NULL, 0, NULL),
  (67, 61, 18, NULL, 0, NULL),
  (68, 62, 19, NULL, 1, NULL),
  (69, 62, 20, NULL, 0, NULL),
  (70, 62, 21, NULL, 0, NULL),
  (71, 63, 35, NULL, 1, NULL),
  (72, 63, 36, NULL, 0, NULL),
  (73, 63, 37, NULL, 0, NULL),
  (74, 64, 38, NULL, 1, NULL),
  (75, 64, 39, NULL, 0, NULL),
  (76, 64, 40, NULL, 0, NULL),
  (77, 65, 41, NULL, 1, NULL),
  (78, 65, 42, NULL, 0, NULL),
  (79, 65, 43, NULL, 0, NULL),
  (80, 66, 97, NULL, 0, NULL),
  (81, 66, 98, NULL, 0, NULL),
  (82, 66, 99, NULL, 1, NULL),
  (83, 67, 97, NULL, 0, NULL),
  (84, 67, 98, NULL, 0, NULL),
  (85, 67, 99, NULL, 1, NULL),
  (86, 68, 97, NULL, 0, NULL),
  (87, 68, 98, NULL, 0, NULL),
  (88, 68, 99, NULL, 1, NULL),
  (89, 69, 1, NULL, 0, NULL),
  (90, 69, 2, NULL, 0, NULL),
  (91, 69, 3, NULL, 1, NULL),
  (92, 70, NULL, 67, 0, NULL),
  (93, 70, 6, NULL, 1, NULL),
  (94, 71, NULL, 66, 0, NULL),
  (95, 71, 9, NULL, 1, NULL),
  (96, 72, 10, NULL, 1, NULL),
  (97, 72, 11, NULL, 0, NULL),
  (98, 72, 12, NULL, 0, NULL),
  (99, 73, NULL, 67, 0, NULL),
  (100, 73, 28, NULL, 1, NULL),
  (101, 74, NULL, 66, 0, NULL),
  (102, 74, 31, NULL, 1, NULL),
  (103, 75, 32, NULL, 1, NULL),
  (104, 75, 33, NULL, 0, NULL),
  (105, 75, 34, NULL, 0, NULL),
  (106, 76, NULL, 67, 0, NULL),
  (107, 76, 90, NULL, 1, NULL),
  (108, 77, NULL, 66, 0, NULL),
  (109, 77, 93, NULL, 1, NULL),
  (110, 78, 94, NULL, 1, NULL),
  (111, 78, 95, NULL, 0, NULL),
  (112, 78, 96, NULL, 0, NULL),
  (113, 79, NULL, 67, 0, NULL),
  (114, 79, 102, NULL, 1, NULL),
  (115, 80, NULL, 66, 0, NULL),
  (116, 80, 105, NULL, 1, NULL),
  (117, 81, 106, NULL, 1, NULL),
  (118, 81, 107, NULL, 0, NULL),
  (119, 81, 108, NULL, 0, NULL),
  (120, 82, 13, NULL, 1, NULL),
  (121, 82, 14, NULL, 0, NULL),
  (122, 82, 15, NULL, 0, NULL),
  (123, 83, NULL, NULL, 0, 1),
  (124, 83, 18, NULL, 1, NULL),
  (125, 84, 19, NULL, 1, NULL),
  (126, 84, 20, NULL, 0, NULL),
  (127, 84, 21, NULL, 0, NULL),
  (128, 85, 22, NULL, 0, NULL),
  (129, 85, 23, NULL, 0, NULL),
  (130, 85, 24, NULL, 1, NULL),
  (131, 86, 25, NULL, 1, NULL),
  (132, 87, 35, NULL, 1, NULL),
  (133, 87, 36, NULL, 0, NULL),
  (134, 87, 37, NULL, 0, NULL),
  (135, 88, 38, NULL, 1, NULL),
  (136, 88, 39, NULL, 0, NULL),
  (137, 88, 40, NULL, 0, NULL),
  (138, 89, 41, NULL, 1, NULL),
  (139, 89, 42, NULL, 0, NULL),
  (140, 89, 43, NULL, 0, NULL),
  (141, 90, NULL, 71, 0, NULL),
  (142, 90, 46, NULL, 1, NULL),
  (143, 92, NULL, 69, 0, NULL),
  (144, 92, 49, NULL, 1, NULL),
  (145, 93, 59, NULL, 0, NULL),
  (146, 93, 60, NULL, 0, NULL),
  (147, 93, 61, NULL, 1, NULL),
  (148, 94, NULL, 69, 0, NULL),
  (149, 94, 99, NULL, 1, NULL),
  (150, 95, 13, NULL, 1, NULL),
  (151, 95, 14, NULL, 0, NULL),
  (152, 95, 15, NULL, 0, NULL),
  (153, 96, 16, NULL, 1, NULL),
  (154, 96, 17, NULL, 0, NULL),
  (155, 96, 18, NULL, 0, NULL),
  (156, 97, 19, NULL, 1, NULL),
  (157, 97, 20, NULL, 0, NULL),
  (158, 97, 21, NULL, 0, NULL),
  (159, 98, 35, NULL, 1, NULL),
  (160, 98, 36, NULL, 0, NULL),
  (161, 98, 37, NULL, 0, NULL),
  (162, 99, 38, NULL, 1, NULL),
  (163, 99, 39, NULL, 0, NULL),
  (164, 99, 40, NULL, 0, NULL),
  (165, 100, 41, NULL, 1, NULL),
  (166, 100, 42, NULL, 0, NULL),
  (167, 100, 43, NULL, 0, NULL),
  (168, 101, 97, NULL, 0, NULL),
  (169, 101, 98, NULL, 0, NULL),
  (170, 101, 99, NULL, 1, NULL),
  (171, 102, 97, NULL, 0, NULL),
  (172, 102, 98, NULL, 0, NULL),
  (173, 102, 99, NULL, 1, NULL),
  (174, 103, 97, NULL, 0, NULL),
  (175, 103, 98, NULL, 0, NULL),
  (176, 103, 99, NULL, 1, NULL),
  (177, 104, 35, NULL, 1, NULL),
  (178, 104, 36, NULL, 0, NULL),
  (179, 104, 37, NULL, 0, NULL),
  (180, 105, 38, NULL, 1, NULL),
  (181, 105, 39, NULL, 0, NULL),
  (182, 105, 40, NULL, 0, NULL),
  (183, 106, 41, NULL, 1, NULL),
  (184, 106, 42, NULL, 0, NULL),
  (185, 106, 43, NULL, 0, NULL);

-- 3.1.1.9.1	Populate the dt table
INSERT INTO `dt` (`dt_id`, `guid`, `type`, `version_num`, `previous_version_dt_id`, `data_type_term`, `qualifier`, `based_dt_id`, `den`, `content_component_den`, `definition`, `content_component_definition`, `revision_doc`, `state`, `created_by`, `owner_user_id`, `last_updated_by`, `creation_timestamp`, `last_update_timestamp`, `revision_num`, `revision_tracking_num`, `revision_action`, `release_id`, `current_bdt_id`, `is_deprecated`)
VALUES
  (92, 'oagis-id-0b8c80e1ef33491eb13c2a2de2db5d77', 1, '1.0', 0, 'Text', NULL, 70, 'Expression. Type', 'Expression. Content', 'ReturnCriteria identifies the content that is to be returned, given query success. In essence, the expression here has the effect of filtering the part(s) of the found element(s) that are to be returned.\n\nReturnCriteria plays no role in the query itself. That is handled as a match against the request BOD\'s noun exemplar. \n\nReturnCriteria allows the sender of the BOD to indicate which information (down to the field level) is requested to be returned, given that the query has been successful in matching the exemplar to existing nouns. \n\nThat is, in a GetListPurchaseOrder, if one or more PurchaseOrders with a TotalPrice = $1M were found, ReturnCriteria tells the BOD recipient which parts of the PurchaseOrder should be populated with content when the response (ShowPurchaseOrder) is formulated.\n\nThe expressionLanguage indicates the expression language being used. In order for the ReturnCriteria expression to be evaluable by the BOD recipient, the recipient must be capable of processing and interpreting the specified expression language. XPath is the default, due to its ubiquity among XML processing technologies. ', NULL, NULL, 3, 1, 1, 1, '2016-05-19 21:06:40', '2016-05-19 21:06:40', 0, 0, 0, 0, 0, 0),
  (93, 'oagis-id-c7fd61d128ab4eb5b44e1607359e6510', 1, '1.0', 0, 'Text', NULL, 70, 'Action Expression. Type', 'Action Expression. Content', 'ReturnCriteria identifies the content that is to be returned, given query success. In essence, the expression here has the effect of filtering the part(s) of the found element(s) that are to be returned.\n\nReturnCriteria plays no role in the query itself. That is handled as a match against the request BOD\'s noun exemplar. \n\nReturnCriteria allows the sender of the BOD to indicate which information (down to the field level) is requested to be returned, given that the query has been successful in matching the exemplar to existing nouns. \n\nThat is, in a GetListPurchaseOrder, if one or more PurchaseOrders with a TotalPrice = $1M were found, ReturnCriteria tells the BOD recipient which parts of the PurchaseOrder should be populated with content when the response (ShowPurchaseOrder) is formulated.\n\nThe expressionLanguage indicates the expression language being used. In order for the ReturnCriteria expression to be evaluable by the BOD recipient, the recipient must be capable of processing and interpreting the specified expression language. XPath is the default, due to its ubiquity among XML processing technologies. ', NULL, NULL, 3, 1, 1, 1, '2016-05-19 21:06:40', '2016-05-19 21:06:40', 0, 0, 0, 0, 0, 0),
  (94, 'oagis-id-9d98ebc34cf543d68b438e5321d21696', 1, '1.0', 0, 'Text', NULL, 70, 'Response Expression. Type', 'Response Expression. Content', 'ReturnCriteria identifies the content that is to be returned, given query success. In essence, the expression here has the effect of filtering the part(s) of the found element(s) that are to be returned.\n\nReturnCriteria plays no role in the query itself. That is handled as a match against the request BOD\'s noun exemplar. \n\nReturnCriteria allows the sender of the BOD to indicate which information (down to the field level) is requested to be returned, given that the query has been successful in matching the exemplar to existing nouns. \n\nThat is, in a GetListPurchaseOrder, if one or more PurchaseOrders with a TotalPrice = $1M were found, ReturnCriteria tells the BOD recipient which parts of the PurchaseOrder should be populated with content when the response (ShowPurchaseOrder) is formulated.\n\nThe expressionLanguage indicates the expression language being used. In order for the ReturnCriteria expression to be evaluable by the BOD recipient, the recipient must be capable of processing and interpreting the specified expression language. XPath is the default, due to its ubiquity among XML processing technologies. ', NULL, NULL, 3, 1, 1, 1, '2016-05-19 21:06:40', '2016-05-19 21:06:40', 0, 0, 0, 0, 0, 0);

-- 3.1.1.9.2	Populate bdt_pri_restri table
INSERT INTO `bdt_pri_restri` (`bdt_pri_restri_id`, `bdt_id`, `cdt_awd_pri_xps_type_map_id`, `code_list_id`, `is_default`, `agency_id_list_id`)
VALUES
  (233, 92, 93, NULL, 1, NULL),
  (234, 93, 93, NULL, 1, NULL),
  (235, 94, 93, NULL, 1, NULL);

-- 3.1.1.9.3	Populate SC in the dt_sc table
INSERT INTO `dt_sc` (`dt_sc_id`, `guid`, `property_term`, `representation_term`, `definition`, `owner_dt_id`, `min_cardinality`, `max_cardinality`, `based_dt_sc_id`)
VALUES
  (107, 'oagis-id-99f7c6c49493417191e281586fbe9223', 'Expression Language', 'Text', '', 92, 0, 1, NULL),
  (108, 'oagis-id-2fb13d6dc2ce4f58bbefffd367d8109e', 'Language', 'Code', 'The language used in the corresponding text string', 92, 0, 0, 67),
  (109, 'oagis-id-c05ff56ed80d42d59fdeabddb5891126', 'Action', 'Code', '', 93, 0, 1, NULL),
  (110, 'oagis-id-314bd79fb54147c993bafd54d37101aa', 'Expression Language', 'Text', '', 93, 0, 1, NULL),
  (111, 'oagis-id-7cdd7efef86a422aa78a464337a4f411', 'Language', 'Code', 'The language used in the corresponding text string', 93, 0, 0, 67),
  (112, 'oagis-id-1c020ca70a2440a0b490fabaed6100a5', 'Action', 'Code', '', 94, 0, 1, NULL),
  (113, 'oagis-id-d3f9ec6ec1974ffd93168e4d39262ed1', 'Expression Language', 'Text', '', 94, 0, 1, NULL),
  (114, 'oagis-id-5018c5e391bc4c6395d9e8b8db446b65', 'Language', 'Code', 'The language used in the corresponding text string', 94, 0, 0, 67);

-- 3.1.1.9.4	Populate cdt_sc_awd_pri table
INSERT INTO `cdt_sc_awd_pri` (`cdt_sc_awd_pri_id`, `cdt_sc_id`, `cdt_pri_id`, `is_default`)
VALUES
  (103, 107, 7, 0),
  (104, 107, 8, 1),
  (105, 107, 11, 0),
  (106, 109, 7, 0),
  (107, 109, 8, 0),
  (108, 109, 11, 1),
  (109, 110, 7, 0),
  (110, 110, 8, 1),
  (111, 110, 11, 0),
  (112, 112, 7, 0),
  (113, 112, 8, 0),
  (114, 112, 11, 1),
  (115, 113, 7, 0),
  (116, 113, 8, 1),
  (117, 113, 11, 0);

-- 3.1.1.9.5	Populate cdt_sc_awd_pri_xps_type_map table
INSERT INTO `cdt_sc_awd_pri_xps_type_map` (`cdt_sc_awd_pri_xps_type_map_id`, `cdt_sc_awd_pri`, `xbt_id`)
VALUES
  (109, 103, 13),
  (110, 104, 12),
  (111, 105, 14),
  (112, 106, 13),
  (113, 107, 12),
  (114, 108, 14),
  (115, 109, 13),
  (116, 110, 12),
  (117, 111, 14),
  (118, 112, 13),
  (119, 113, 12),
  (120, 114, 14),
  (121, 115, 13),
  (122, 116, 12),
  (123, 117, 14);

-- 3.1.1.9.6	Populate the bdt_sc_pri_restri table
INSERT INTO `bdt_sc_pri_restri` (`bdt_sc_pri_restri_id`, `bdt_sc_id`, `cdt_sc_awd_pri_xps_type_map_id`, `code_list_id`, `is_default`, `agency_id_list_id`)
VALUES
  (186, 108, 97, NULL, 0, NULL),
  (187, 108, 98, NULL, 0, NULL),
  (188, 108, 99, NULL, 1, NULL),
  (189, 108, NULL, 69, 0, NULL),
  (190, 111, 97, NULL, 0, NULL),
  (191, 111, 98, NULL, 0, NULL),
  (192, 111, 99, NULL, 1, NULL),
  (193, 111, NULL, 69, 0, NULL),
  (194, 114, 97, NULL, 0, NULL),
  (195, 114, 98, NULL, 0, NULL),
  (196, 114, 99, NULL, 1, NULL),
  (197, 114, NULL, 69, 0, NULL),
  (198, 113, 97, NULL, 0, NULL),
  (199, 113, 98, NULL, 0, NULL),
  (200, 113, 99, NULL, 1, NULL),
  (201, 112, 97, NULL, 0, NULL),
  (202, 112, 98, NULL, 0, NULL),
  (203, 112, 99, NULL, 1, NULL),
  (204, 110, 97, NULL, 0, NULL),
  (205, 110, 98, NULL, 0, NULL),
  (206, 110, 99, NULL, 1, NULL),
  (207, 109, 97, NULL, 0, NULL),
  (208, 109, 98, NULL, 0, NULL),
  (209, 109, 99, NULL, 1, NULL),
  (210, 107, 97, NULL, 0, NULL),
  (211, 107, 98, NULL, 0, NULL),
  (212, 107, 99, NULL, 1, NULL);

-- 3.1.1.11.1.1	Populate the qualified CodeContentType in the dt table
-- 3.1.1.11.3.1	Populate a QBDT in the dt table
INSERT INTO `dt` (`dt_id`, `guid`, `type`, `version_num`, `previous_version_dt_id`, `data_type_term`, `qualifier`, `based_dt_id`, `den`, `content_component_den`, `definition`, `content_component_definition`, `revision_doc`, `state`, `created_by`, `owner_user_id`, `last_updated_by`, `creation_timestamp`, `last_update_timestamp`, `revision_num`, `revision_tracking_num`, `revision_action`, `release_id`, `current_bdt_id`, `is_deprecated`)
VALUES
  (95, 'oagis-id-08d6ade226fd42488b53c0815664ccf3', 1, '1.0', 0, 'Code', 'Action', 65, 'Action_ Code Content. Type', 'Action_ Code Content. Content', NULL, NULL, '', 3, 1, 1, 1, '2016-05-19 21:46:18', '2016-05-19 21:46:18', 0, 0, 0, 0, 0, 0),
  (96, 'oagis-id-e1b0c9f2b79a41da91200c26f1786453', 1, '1.0', 0, 'Code', 'Agency Role', 65, 'Agency Role_ Code Content. Type', 'Agency Role_ Code Content. Content', NULL, NULL, '', 3, 1, 1, 1, '2016-05-19 21:46:19', '2016-05-19 21:46:19', 0, 0, 0, 0, 0, 0),
  (97, 'oagis-id-ad482ed644fb464485b6c2810c11981a', 1, '1.0', 0, 'Code', 'Category', 65, 'Category_ Code Content. Type', 'Category_ Code Content. Content', NULL, NULL, '', 3, 1, 1, 1, '2016-05-19 21:46:19', '2016-05-19 21:46:19', 0, 0, 0, 0, 0, 0),
  (98, 'oagis-id-909624db85184160828dc419f741c612', 1, '1.0', 0, 'Code', 'Charge', 65, 'Charge_ Code Content. Type', 'Charge_ Code Content. Content', NULL, NULL, '', 3, 1, 1, 1, '2016-05-19 21:46:19', '2016-05-19 21:46:19', 0, 0, 0, 0, 0, 0),
  (99, 'oagis-id-c3d657318fe3405e95475794be694ada', 1, '1.0', 0, 'Code', 'Classification', 65, 'Classification_ Code Content. Type', 'Classification_ Code Content. Content', NULL, NULL, '', 3, 1, 1, 1, '2016-05-19 21:46:19', '2016-05-19 21:46:19', 0, 0, 0, 0, 0, 0),
  (100, 'oagis-id-5ded5c9751534cbba37c1995c031a4cb', 1, '1.0', 0, 'Code', 'Charge Bearer', 65, 'Charge Bearer_ Code Content. Type', 'Charge Bearer_ Code Content. Content', NULL, NULL, '', 3, 1, 1, 1, '2016-05-19 21:46:19', '2016-05-19 21:46:19', 0, 0, 0, 0, 0, 0),
  (101, 'oagis-id-f1827291a63c4b179b4d4396e55d17d1', 1, '1.0', 0, 'Code', 'Check Delivery Method', 65, 'Check Delivery Method_ Code Content. Type', 'Check Delivery Method_ Code Content. Content', NULL, NULL, '', 3, 1, 1, 1, '2016-05-19 21:46:19', '2016-05-19 21:46:19', 0, 0, 0, 0, 0, 0),
  (102, 'oagis-id-4a332cec0ad34a18889e1c7723d1635b', 1, '1.0', 0, 'Code', 'Check Instruction', 65, 'Check Instruction_ Code Content. Type', 'Check Instruction_ Code Content. Content', NULL, NULL, '', 3, 1, 1, 1, '2016-05-19 21:46:19', '2016-05-19 21:46:19', 0, 0, 0, 0, 0, 0),
  (103, 'oagis-id-d96bfeb7f20a40b48e5ef2f6fe7a870c', 1, '1.0', 0, 'Code', 'Confirmation', 65, 'Confirmation_ Code Content. Type', 'Confirmation_ Code Content. Content', NULL, NULL, '', 3, 1, 1, 1, '2016-05-19 21:46:19', '2016-05-19 21:46:19', 0, 0, 0, 0, 0, 0),
  (104, 'oagis-id-0c4a51622f0b40a49fe848b7af3ed85f', 1, '1.0', 0, 'Code', 'Contact Location', 65, 'Contact Location_ Code Content. Type', 'Contact Location_ Code Content. Content', NULL, NULL, '', 3, 1, 1, 1, '2016-05-19 21:46:19', '2016-05-19 21:46:19', 0, 0, 0, 0, 0, 0),
  (105, 'oagis-id-785caa3c0a6e44809afd2edf2bf0cbd6', 1, '1.0', 0, 'Code', 'Control Assertion', 65, 'Control Assertion_ Code Content. Type', 'Control Assertion_ Code Content. Content', NULL, NULL, '', 3, 1, 1, 1, '2016-05-19 21:46:19', '2016-05-19 21:46:19', 0, 0, 0, 0, 0, 0),
  (106, 'oagis-id-397b2c60a50b4a6bb8fd8c27e42997c7', 1, '1.0', 0, 'Code', 'Control', 65, 'Control_ Code Content. Type', 'Control_ Code Content. Content', NULL, NULL, '', 3, 1, 1, 1, '2016-05-19 21:46:19', '2016-05-19 21:46:19', 0, 0, 0, 0, 0, 0),
  (107, 'oagis-id-64d632d770164bcab04f1c0540f51685', 1, '1.0', 0, 'Code', 'Control Component', 65, 'Control Component_ Code Content. Type', 'Control Component_ Code Content. Content', NULL, NULL, '', 3, 1, 1, 1, '2016-05-19 21:46:19', '2016-05-19 21:46:19', 0, 0, 0, 0, 0, 0),
  (108, 'oagis-id-466610673ec34b6c8c647d0f8b17fd1b', 1, '1.0', 0, 'Code', 'Country', 65, 'Country_ Code Content. Type', 'Country_ Code Content. Content', NULL, NULL, '', 3, 1, 1, 1, '2016-05-19 21:46:19', '2016-05-19 21:46:19', 0, 0, 0, 0, 0, 0),
  (109, 'oagis-id-9a66c23bf2704d80803f8c99c3796a41', 1, '1.0', 0, 'Code', 'Country Subdivision', 65, 'Country Subdivision_ Code Content. Type', 'Country Subdivision_ Code Content. Content', NULL, NULL, '', 3, 1, 1, 1, '2016-05-19 21:46:20', '2016-05-19 21:46:20', 0, 0, 0, 0, 0, 0),
  (110, 'oagis-id-680932277c154e3281f0aedc1d5c0477', 1, '1.0', 0, 'Code', 'Credit Transfer', 65, 'Credit Transfer_ Code Content. Type', 'Credit Transfer_ Code Content. Content', NULL, NULL, '', 3, 1, 1, 1, '2016-05-19 21:46:20', '2016-05-19 21:46:20', 0, 0, 0, 0, 0, 0),
  (111, 'oagis-id-7b3457352b7e47609138ba10970e03aa', 1, '1.0', 0, 'Code', 'Currency', 65, 'Currency_ Code Content. Type', 'Currency_ Code Content. Content', NULL, NULL, '', 3, 1, 1, 1, '2016-05-19 21:46:20', '2016-05-19 21:46:20', 0, 0, 0, 0, 0, 0),
  (112, 'oagis-id-9d2b86fa536740649a3a7bd257d71c89', 1, '1.0', 0, 'Code', 'Day Of Week', 65, 'Day Of Week_ Code Content. Type', 'Day Of Week_ Code Content. Content', NULL, NULL, '', 3, 1, 1, 1, '2016-05-19 21:46:20', '2016-05-19 21:46:20', 0, 0, 0, 0, 0, 0),
  (113, 'oagis-id-6073c7d7d8124c05ac5c4152e4036eea', 1, '1.0', 0, 'Code', 'Debit Credit', 65, 'Debit Credit_ Code Content. Type', 'Debit Credit_ Code Content. Content', NULL, NULL, '', 3, 1, 1, 1, '2016-05-19 21:46:20', '2016-05-19 21:46:20', 0, 0, 0, 0, 0, 0),
  (114, 'oagis-id-e5f3ed90350e43ee8168257121535b9e', 1, '1.0', 0, 'Code', 'Delivery Point', 65, 'Delivery Point_ Code Content. Type', 'Delivery Point_ Code Content. Content', NULL, NULL, '', 3, 1, 1, 1, '2016-05-19 21:46:20', '2016-05-19 21:46:20', 0, 0, 0, 0, 0, 0),
  (115, 'oagis-id-dca015ffe62946dfafa7b45cae8f8b68', 1, '1.0', 0, 'Code', 'E Mail Format', 65, 'E Mail Format_ Code Content. Type', 'E Mail Format_ Code Content. Content', NULL, NULL, '', 3, 1, 1, 1, '2016-05-19 21:46:20', '2016-05-19 21:46:20', 0, 0, 0, 0, 0, 0),
  (116, 'oagis-id-7f8fcf6fa5df4bc1ad4eada3f42eb43c', 1, '1.0', 0, 'Code', 'Engineering Activity', 65, 'Engineering Activity_ Code Content. Type', 'Engineering Activity_ Code Content. Content', NULL, NULL, '', 3, 1, 1, 1, '2016-05-19 21:46:20', '2016-05-19 21:46:20', 0, 0, 0, 0, 0, 0),
  (117, 'oagis-id-18e0ee3656834b78b9399b325a644a6f', 1, '1.0', 0, 'Code', 'Engineering Work Order', 65, 'Engineering Work Order_ Code Content. Type', 'Engineering Work Order_ Code Content. Content', NULL, NULL, '', 3, 1, 1, 1, '2016-05-19 21:46:20', '2016-05-19 21:46:20', 0, 0, 0, 0, 0, 0),
  (118, 'oagis-id-e29b443a7f8245699ab4e340e6f08d11', 1, '1.0', 0, 'Code', 'Engineering Work Request', 65, 'Engineering Work Request_ Code Content. Type', 'Engineering Work Request_ Code Content. Content', NULL, NULL, '', 3, 1, 1, 1, '2016-05-19 21:46:20', '2016-05-19 21:46:20', 0, 0, 0, 0, 0, 0),
  (119, 'oagis-id-4e3bb9cefbf24c4e90d3b73b5b2176d8', 1, '1.0', 0, 'Code', 'Engineering Work Request Status', 65, 'Engineering Work Request Status_ Code Content. Type', 'Engineering Work Request Status_ Code Content. Content', NULL, NULL, '', 3, 1, 1, 1, '2016-05-19 21:46:20', '2016-05-19 21:46:20', 0, 0, 0, 0, 0, 0),
  (120, 'oagis-id-4e9b5ddfe8874df38d07288a6d91ba15', 1, '1.0', 0, 'Code', 'Freight Term', 65, 'Freight Term_ Code Content. Type', 'Freight Term_ Code Content. Content', NULL, NULL, '', 3, 1, 1, 1, '2016-05-19 21:46:20', '2016-05-19 21:46:20', 0, 0, 0, 0, 0, 0),
  (121, 'oagis-id-f080bdebd0be449c8f0563ceb3de483c', 1, '1.0', 0, 'Code', 'Gender', 65, 'Gender_ Code Content. Type', 'Gender_ Code Content. Content', NULL, NULL, '', 3, 1, 1, 1, '2016-05-19 21:46:20', '2016-05-19 21:46:20', 0, 0, 0, 0, 0, 0),
  (122, 'oagis-id-a3ccabb5e06240f189d72bd1a451c09f', 1, '1.0', 0, 'Code', 'Incoterms', 65, 'Incoterms_ Code Content. Type', 'Incoterms_ Code Content. Content', NULL, NULL, '', 3, 1, 1, 1, '2016-05-19 21:46:20', '2016-05-19 21:46:20', 0, 0, 0, 0, 0, 0),
  (123, 'oagis-id-59a897077c3a4fdca89a19a3bf728e26', 1, '1.0', 0, 'Code', 'Language', 65, 'Language_ Code Content. Type', 'Language_ Code Content. Content', NULL, NULL, '', 3, 1, 1, 1, '2016-05-19 21:46:20', '2016-05-19 21:46:20', 0, 0, 0, 0, 0, 0),
  (124, 'oagis-id-eb9859902ff846fa819a2e84a9764ec0', 1, '1.0', 0, 'Code', 'License Type', 65, 'License Type_ Code Content. Type', 'License Type_ Code Content. Content', NULL, NULL, '', 3, 1, 1, 1, '2016-05-19 21:46:20', '2016-05-19 21:46:20', 0, 0, 0, 0, 0, 0),
  (125, 'oagis-id-8582f38cdf2c45448e3883d7dfdbf6a6', 1, '1.0', 0, 'Code', 'Marital Status', 65, 'Marital Status_ Code Content. Type', 'Marital Status_ Code Content. Content', NULL, NULL, '', 3, 1, 1, 1, '2016-05-19 21:46:20', '2016-05-19 21:46:20', 0, 0, 0, 0, 0, 0),
  (126, 'oagis-id-759137981ae74166984f50605929cb75', 1, '1.0', 0, 'Code', 'Match', 65, 'Match_ Code Content. Type', 'Match_ Code Content. Content', NULL, NULL, '', 3, 1, 1, 1, '2016-05-19 21:46:20', '2016-05-19 21:46:20', 0, 0, 0, 0, 0, 0),
  (127, 'oagis-id-41b7326252df4817b948d13c2afef2b0', 1, '1.0', 0, 'Code', 'Match Document', 65, 'Match Document_ Code Content. Type', 'Match Document_ Code Content. Content', NULL, NULL, '', 3, 1, 1, 1, '2016-05-19 21:46:20', '2016-05-19 21:46:20', 0, 0, 0, 0, 0, 0),
  (128, 'oagis-id-6b6bdc9d48d247cd8f7b81d0db789409', 1, '1.0', 0, 'Code', 'MIME', 65, 'MIME_ Code Content. Type', 'MIME_ Code Content. Content', NULL, NULL, '', 3, 1, 1, 1, '2016-05-19 21:46:20', '2016-05-19 21:46:20', 0, 0, 0, 0, 0, 0),
  (129, 'oagis-id-c4ae47e8ac574b139ee12f4c0b4831ad', 1, '1.0', 0, 'Code', 'Party Category', 65, 'Party Category_ Code Content. Type', 'Party Category_ Code Content. Content', NULL, NULL, '', 3, 1, 1, 1, '2016-05-19 21:46:20', '2016-05-19 21:46:20', 0, 0, 0, 0, 0, 0),
  (130, 'oagis-id-097adb9430434b958a2b334497b7c7b0', 1, '1.0', 0, 'Code', 'Party Role', 65, 'Party Role_ Code Content. Type', 'Party Role_ Code Content. Content', NULL, NULL, '', 3, 1, 1, 1, '2016-05-19 21:46:20', '2016-05-19 21:46:20', 0, 0, 0, 0, 0, 0),
  (131, 'oagis-id-affb19e98e8a4a9ea25e8fe37e91ba39', 1, '1.0', 0, 'Code', 'Payment Basis', 65, 'Payment Basis_ Code Content. Type', 'Payment Basis_ Code Content. Content', NULL, NULL, '', 3, 1, 1, 1, '2016-05-19 21:46:20', '2016-05-19 21:46:20', 0, 0, 0, 0, 0, 0),
  (132, 'oagis-id-f3cc3615adae4ef0a49fd91d02618e21', 1, '1.0', 0, 'Code', 'Payment Purpose', 65, 'Payment Purpose_ Code Content. Type', 'Payment Purpose_ Code Content. Content', NULL, NULL, '', 3, 1, 1, 1, '2016-05-19 21:46:20', '2016-05-19 21:46:20', 0, 0, 0, 0, 0, 0),
  (133, 'oagis-id-df92b34d49b142f9b01d33b5c658c191', 1, '1.0', 0, 'Code', 'Payment Method', 65, 'Payment Method_ Code Content. Type', 'Payment Method_ Code Content. Content', NULL, NULL, '', 3, 1, 1, 1, '2016-05-19 21:46:20', '2016-05-19 21:46:20', 0, 0, 0, 0, 0, 0),
  (134, 'oagis-id-890b3b8b41ce4b3fbfc40cf4c6f269ae', 1, '1.0', 0, 'Code', 'Payment Scheme', 65, 'Payment Scheme_ Code Content. Type', 'Payment Scheme_ Code Content. Content', NULL, NULL, '', 3, 1, 1, 1, '2016-05-19 21:46:21', '2016-05-19 21:46:21', 0, 0, 0, 0, 0, 0),
  (135, 'oagis-id-e2ef95b8bc5144faa561093e65d8c9e4', 1, '1.0', 0, 'Code', 'Payment Term', 65, 'Payment Term_ Code Content. Type', 'Payment Term_ Code Content. Content', NULL, NULL, '', 3, 1, 1, 1, '2016-05-19 21:46:21', '2016-05-19 21:46:21', 0, 0, 0, 0, 0, 0),
  (136, 'oagis-id-2100a1bfb8c74071b9fc22130140af6a', 1, '1.0', 0, 'Code', 'Process Category', 65, 'Process Category_ Code Content. Type', 'Process Category_ Code Content. Content', NULL, NULL, '', 3, 1, 1, 1, '2016-05-19 21:46:21', '2016-05-19 21:46:21', 0, 0, 0, 0, 0, 0),
  (137, 'oagis-id-198877b27f75423f8bafd3f82803dd46', 1, '1.0', 0, 'Code', 'Process Confirmation', 65, 'Process Confirmation_ Code Content. Type', 'Process Confirmation_ Code Content. Content', NULL, NULL, '', 3, 1, 1, 1, '2016-05-19 21:46:21', '2016-05-19 21:46:21', 0, 0, 0, 0, 0, 0),
  (138, 'oagis-id-49e616e3cf784a02b21a0a1f01b7f8d2', 1, '1.0', 0, 'Code', 'Reason', 65, 'Reason_ Code Content. Type', 'Reason_ Code Content. Content', NULL, NULL, '', 3, 1, 1, 1, '2016-05-19 21:46:21', '2016-05-19 21:46:21', 0, 0, 0, 0, 0, 0),
  (139, 'oagis-id-536bc88db9074cdd8c72b28443b85e56', 1, '1.0', 0, 'Code', 'Recurrence Pattern', 65, 'Recurrence Pattern_ Code Content. Type', 'Recurrence Pattern_ Code Content. Content', NULL, NULL, '', 3, 1, 1, 1, '2016-05-19 21:46:21', '2016-05-19 21:46:21', 0, 0, 0, 0, 0, 0),
  (140, 'oagis-id-de851d5c88494da6bd5ce986910d4efa', 1, '1.0', 0, 'Code', 'Remit Location Method', 65, 'Remit Location Method_ Code Content. Type', 'Remit Location Method_ Code Content. Content', NULL, NULL, '', 3, 1, 1, 1, '2016-05-19 21:46:21', '2016-05-19 21:46:21', 0, 0, 0, 0, 0, 0),
  (141, 'oagis-id-d07f3789f8a84e26a900a061a23f0f2a', 1, '1.0', 0, 'Code', 'Resource Type', 65, 'Resource Type_ Code Content. Type', 'Resource Type_ Code Content. Content', NULL, NULL, '', 3, 1, 1, 1, '2016-05-19 21:46:21', '2016-05-19 21:46:21', 0, 0, 0, 0, 0, 0),
  (142, 'oagis-id-2d10e154dd7a4d96b5bc25e254833e0f', 1, '1.0', 0, 'Code', 'Response Action', 65, 'Response Action_ Code Content. Type', 'Response Action_ Code Content. Content', NULL, NULL, '', 3, 1, 1, 1, '2016-05-19 21:46:21', '2016-05-19 21:46:21', 0, 0, 0, 0, 0, 0),
  (143, 'oagis-id-d359dad68ee748b3b19c578ed9d006d8', 1, '1.0', 0, 'Code', 'Response', 65, 'Response_ Code Content. Type', 'Response_ Code Content. Content', NULL, NULL, '', 3, 1, 1, 1, '2016-05-19 21:46:21', '2016-05-19 21:46:21', 0, 0, 0, 0, 0, 0),
  (144, 'oagis-id-60ddd70a4eaa41249eca417db6a15e17', 1, '1.0', 0, 'Code', 'Risk', 65, 'Risk_ Code Content. Type', 'Risk_ Code Content. Content', NULL, NULL, '', 3, 1, 1, 1, '2016-05-19 21:46:21', '2016-05-19 21:46:21', 0, 0, 0, 0, 0, 0),
  (145, 'oagis-id-a9ba17d97f1041e8a665ecd3e3e8cee9', 1, '1.0', 0, 'Code', 'Sales Activity', 65, 'Sales Activity_ Code Content. Type', 'Sales Activity_ Code Content. Content', NULL, NULL, '', 3, 1, 1, 1, '2016-05-19 21:46:21', '2016-05-19 21:46:21', 0, 0, 0, 0, 0, 0),
  (146, 'oagis-id-12af5c4e0b4d4a45acfa61fdf9f739ab', 1, '1.0', 0, 'Code', 'Sales Task', 65, 'Sales Task_ Code Content. Type', 'Sales Task_ Code Content. Content', NULL, NULL, '', 3, 1, 1, 1, '2016-05-19 21:46:21', '2016-05-19 21:46:21', 0, 0, 0, 0, 0, 0),
  (147, 'oagis-id-2654ce58ee6d4da7b332a995a2cddf0d', 1, '1.0', 0, 'Code', 'State', 65, 'State_ Code Content. Type', 'State_ Code Content. Content', NULL, NULL, '', 3, 1, 1, 1, '2016-05-19 21:46:21', '2016-05-19 21:46:21', 0, 0, 0, 0, 0, 0),
  (148, 'oagis-id-377aed87d8cf4a57895e04d302d76ce3', 1, '1.0', 0, 'Code', 'System Environment', 65, 'System Environment_ Code Content. Type', 'System Environment_ Code Content. Content', NULL, NULL, '', 3, 1, 1, 1, '2016-05-19 21:46:22', '2016-05-19 21:46:22', 0, 0, 0, 0, 0, 0),
  (149, 'oagis-id-062248c9951d44bfbe3b65a69cfa26de', 1, '1.0', 0, 'Code', 'Tax', 65, 'Tax_ Code Content. Type', 'Tax_ Code Content. Content', NULL, NULL, '', 3, 1, 1, 1, '2016-05-19 21:46:22', '2016-05-19 21:46:22', 0, 0, 0, 0, 0, 0),
  (150, 'oagis-id-c9dbc6a3ec254540907732a5c253e25e', 1, '1.0', 0, 'Code', 'Transfer', 65, 'Transfer_ Code Content. Type', 'Transfer_ Code Content. Content', NULL, NULL, '', 3, 1, 1, 1, '2016-05-19 21:46:22', '2016-05-19 21:46:22', 0, 0, 0, 0, 0, 0),
  (151, 'oagis-id-740dd2f4526741cc9f8532181c1c2630', 1, '1.0', 0, 'Code', 'Unit', 65, 'Unit_ Code Content. Type', 'Unit_ Code Content. Content', NULL, NULL, '', 3, 1, 1, 1, '2016-05-19 21:46:22', '2016-05-19 21:46:22', 0, 0, 0, 0, 0, 0),
  (152, 'oagis-id-740dd2f4526741cc9f8532181c1c2635', 1, '1.0', 0, 'Code', 'Time Zone', 65, 'Time Zone_ Code Content. Type', 'Time Zone_ Code Content. Content', NULL, NULL, '', 3, 1, 1, 1, '2016-05-19 21:46:22', '2016-05-19 21:46:22', 0, 0, 0, 0, 0, 0),
  (153, 'oagis-id-0624ca38925d43929a6f7d8b7b7e4304', 1, '1.0', 0, 'Identifier', 'Agency', 67, 'Agency_ Identifier Content. Type', 'Agency_ Identifier Content. Content', NULL, NULL, '', 3, 1, 1, 1, '2016-05-19 21:46:22', '2016-05-19 21:46:22', 0, 0, 0, 0, 0, 0),
  (154, 'oagis-id-4b47b06600344fdb95bbe52f664c5a20', 1, '1.0', 0, 'Amount', 'Open', 25, 'Open_ Amount. Type', 'Open_ Amount. Content', NULL, NULL, '', 3, 1, 1, 1, '2016-05-19 21:46:22', '2016-05-19 21:46:22', 0, 0, 0, 0, 0, 0),
  (155, 'oagis-id-f28d03fa05a94dc49dad44afb81f79e0', 1, '1.0', 0, 'Binary Object', 'Encrypted', 27, 'Encrypted_ Binary Object. Type', 'Encrypted_ Binary Object. Content', NULL, NULL, '', 3, 1, 1, 1, '2016-05-19 21:46:24', '2016-05-19 21:46:24', 0, 0, 0, 0, 0, 0),
  (156, 'oagis-id-a8d20a9602eb4353816e12cd17ea0343', 1, '1.0', 0, 'Code', 'Charge Bearer', 35, 'Charge Bearer_ Code. Type', 'Charge Bearer_ Code. Content', NULL, NULL, '', 3, 1, 1, 1, '2016-05-19 21:46:24', '2016-05-19 21:46:24', 0, 0, 0, 0, 0, 0),
  (157, 'oagis-id-506251b85278490a98d998763406f0b9', 1, '1.0', 0, 'Code', 'Open', 35, 'Open_ Code. Type', 'Open_ Code. Content', NULL, NULL, '', 3, 1, 1, 1, '2016-05-19 21:46:24', '2016-05-19 21:46:24', 0, 0, 0, 0, 0, 0),
  (158, 'oagis-id-7d121d2b83504aadb363832921313340', 1, '1.0', 0, 'Code', 'Country', 35, 'Country_ Code. Type', 'Country_ Code. Content', NULL, NULL, '', 3, 1, 1, 1, '2016-05-19 21:46:24', '2016-05-19 21:46:24', 0, 0, 0, 0, 0, 0),
  (159, 'oagis-id-3582718b267c47c1bb66f323026b6455', 1, '1.0', 0, 'Code', 'Country Sub Division', 35, 'Country Sub Division_ Code. Type', 'Country Sub Division_ Code. Content', NULL, NULL, '', 3, 1, 1, 1, '2016-05-19 21:46:24', '2016-05-19 21:46:24', 0, 0, 0, 0, 0, 0),
  (160, 'oagis-id-08af8861f20b499cabd7d7c55875e2b2', 1, '1.0', 0, 'Code', 'Credit Transfer', 35, 'Credit Transfer_ Code. Type', 'Credit Transfer_ Code. Content', NULL, NULL, '', 3, 1, 1, 1, '2016-05-19 21:46:24', '2016-05-19 21:46:24', 0, 0, 0, 0, 0, 0),
  (161, 'oagis-id-0dde79e01ad647028e78e76337ad8796', 1, '1.0', 0, 'Code', 'Debit Credit', 35, 'Debit Credit_ Code. Type', 'Debit Credit_ Code. Content', NULL, NULL, '', 3, 1, 1, 1, '2016-05-19 21:46:25', '2016-05-19 21:46:25', 0, 0, 0, 0, 0, 0),
  (162, 'oagis-id-f28cea919478487cbb2f95deb3b408e2', 1, '1.0', 0, 'Code', 'Check Delivery Method', 35, 'Check Delivery Method_ Code. Type', 'Check Delivery Method_ Code. Content', NULL, NULL, '', 3, 1, 1, 1, '2016-05-19 21:46:25', '2016-05-19 21:46:25', 0, 0, 0, 0, 0, 0),
  (163, 'oagis-id-cdca0b77d32e4bab80a2a4597d66d13e', 1, '1.0', 0, 'Code', 'Delivery Point', 35, 'Delivery Point_ Code. Type', 'Delivery Point_ Code. Content', NULL, NULL, '', 3, 1, 1, 1, '2016-05-19 21:46:25', '2016-05-19 21:46:25', 0, 0, 0, 0, 0, 0),
  (164, 'oagis-id-a78f749cbd574e66bb7d2990c2f0f1e0', 1, '1.0', 0, 'Code', 'Match Document', 35, 'Match Document_ Code. Type', 'Match Document_ Code. Content', NULL, NULL, '', 3, 1, 1, 1, '2016-05-19 21:46:25', '2016-05-19 21:46:25', 0, 0, 0, 0, 0, 0),
  (165, 'oagis-id-799714a12ef0445fb6058f78edf38719', 1, '1.0', 0, 'Code', 'Engineering Work Request', 35, 'Engineering Work Request_ Code. Type', 'Engineering Work Request_ Code. Content', NULL, NULL, '', 3, 1, 1, 1, '2016-05-19 21:46:25', '2016-05-19 21:46:25', 0, 0, 0, 0, 0, 0),
  (166, 'oagis-id-46435e4819e1496e8b4e3b7e9427c049', 1, '1.0', 0, 'Code', 'Final Agent Instruction', 35, 'Final Agent Instruction_ Code. Type', 'Final Agent Instruction_ Code. Content', NULL, NULL, '', 3, 1, 1, 1, '2016-05-19 21:46:25', '2016-05-19 21:46:25', 0, 0, 0, 0, 0, 0),
  (167, 'oagis-id-a95a79c088ed4b7b8ebf0ed30d948f92', 1, '1.0', 0, 'Code', 'Match', 35, 'Match_ Code. Type', 'Match_ Code. Content', NULL, NULL, '', 3, 1, 1, 1, '2016-05-19 21:46:25', '2016-05-19 21:46:25', 0, 0, 0, 0, 0, 0),
  (168, 'oagis-id-31de26f234b749448cf9c474336ba55d', 1, '1.0', 0, 'Code', 'Financial', 167, 'Financial_ Match_ Code. Type', 'Financial_ Match_ Code. Content', NULL, NULL, '', 3, 1, 1, 1, '2016-05-19 21:46:25', '2016-05-19 21:46:25', 0, 0, 0, 0, 0, 0),
  (169, 'oagis-id-a6f7038124ff455187957149eb6b20db', 1, '1.0', 0, 'Code', 'Payment Method', 35, 'Payment Method_ Code. Type', 'Payment Method_ Code. Content', NULL, NULL, '', 3, 1, 1, 1, '2016-05-19 21:46:25', '2016-05-19 21:46:25', 0, 0, 0, 0, 0, 0),
  (170, 'oagis-id-0a6c463dae304b7e9323987c2414eda9', 1, '1.0', 0, 'Code', 'Freight Term', 35, 'Freight Term_ Code. Type', 'Freight Term_ Code. Content', NULL, NULL, '', 3, 1, 1, 1, '2016-05-19 21:46:25', '2016-05-19 21:46:25', 0, 0, 0, 0, 0, 0),
  (171, 'oagis-id-d1e442d072d84de89420ca400bf11533', 1, '1.0', 0, 'Code', 'State', 35, 'State_ Code. Type', 'State_ Code. Content', NULL, NULL, '', 3, 1, 1, 1, '2016-05-19 21:46:26', '2016-05-19 21:46:26', 0, 0, 0, 0, 0, 0),
  (172, 'oagis-id-3357e4f03b794607ba65ac06f0a7af8f', 1, '1.0', 0, 'Code', 'Gender', 35, 'Gender_ Code. Type', 'Gender_ Code. Content', NULL, NULL, '', 3, 1, 1, 1, '2016-05-19 21:46:26', '2016-05-19 21:46:26', 0, 0, 0, 0, 0, 0),
  (173, 'oagis-id-bdbb3ceca38b4a3b960f07ce65dbdc14', 1, '1.0', 0, 'Code', 'Incoterms', 35, 'Incoterms_ Code. Type', 'Incoterms_ Code. Content', NULL, NULL, '', 3, 1, 1, 1, '2016-05-19 21:46:26', '2016-05-19 21:46:26', 0, 0, 0, 0, 0, 0),
  (174, 'oagis-id-d06b74f6326d4b3796472e484c8ee114', 1, '1.0', 0, 'Code', 'Language', 35, 'Language_ Code. Type', 'Language_ Code. Content', NULL, NULL, '', 3, 1, 1, 1, '2016-05-19 21:46:26', '2016-05-19 21:46:26', 0, 0, 0, 0, 0, 0),
  (175, 'oagis-id-9b3d5038a87c4096ac38b3d8b446468e', 1, '1.0', 0, 'Code', 'Marital Status', 35, 'Marital Status_ Code. Type', 'Marital Status_ Code. Content', NULL, NULL, '', 3, 1, 1, 1, '2016-05-19 21:46:26', '2016-05-19 21:46:26', 0, 0, 0, 0, 0, 0),
  (176, 'oagis-id-0f3c04d8c8954282a3946a2fef821f2d', 1, '1.0', 0, 'Code', 'Payment Basis', 35, 'Payment Basis_ Code. Type', 'Payment Basis_ Code. Content', NULL, NULL, '', 3, 1, 1, 1, '2016-05-19 21:46:26', '2016-05-19 21:46:26', 0, 0, 0, 0, 0, 0),
  (177, 'oagis-id-6726fb3e210a497e8b784ae82b39a88e', 1, '1.0', 0, 'Code', 'Payment Purpose', 35, 'Payment Purpose_ Code. Type', 'Payment Purpose_ Code. Content', NULL, NULL, '', 3, 1, 1, 1, '2016-05-19 21:46:26', '2016-05-19 21:46:26', 0, 0, 0, 0, 0, 0),
  (178, 'oagis-id-375c95ec0fa74cdb98bc2523ddf86969', 1, '1.0', 0, 'Code', 'Payment Scheme', 35, 'Payment Scheme_ Code. Type', 'Payment Scheme_ Code. Content', NULL, NULL, '', 3, 1, 1, 1, '2016-05-19 21:46:26', '2016-05-19 21:46:26', 0, 0, 0, 0, 0, 0),
  (179, 'oagis-id-38c236283326452c9bc2c392a1673152', 1, '1.0', 0, 'Code', 'Remit Location Method', 35, 'Remit Location Method_ Code. Type', 'Remit Location Method_ Code. Content', NULL, NULL, '', 3, 1, 1, 1, '2016-05-19 21:46:27', '2016-05-19 21:46:27', 0, 0, 0, 0, 0, 0),
  (180, 'oagis-id-de22296a3390465eb652dc43a7676bc0', 1, '1.0', 0, 'Value', 'Record Field', 61, 'Record Field_ Value. Type', 'Record Field_ Value. Content', NULL, NULL, '', 3, 1, 1, 1, '2016-05-19 21:46:27', '2016-05-19 21:46:27', 0, 0, 0, 0, 0, 0),
  (181, 'oagis-id-3de49c6b04d2483d94e47b46e246aa4f', 1, '1.0', 0, 'Code', 'Harmonized Tariff Schedule', 35, 'Harmonized Tariff Schedule_ Code. Type', 'Harmonized Tariff Schedule_ Code. Content', NULL, NULL, '', 3, 1, 1, 1, '2016-05-19 21:46:28', '2016-05-19 21:46:28', 0, 0, 0, 0, 0, 0),
  (182, 'oagis-id-2800f421b6104d0bb3967395a7fca178', 1, '1.0', 0, 'Code', 'Currency', 35, 'Currency_ Code. Type', 'Currency_ Code. Content', NULL, NULL, '', 3, 1, 1, 1, '2016-05-19 21:46:28', '2016-05-19 21:46:28', 0, 0, 0, 0, 0, 0),
  (183, 'oagis-id-6b7fa72803d843d8a29c567788b90745', 1, '1.0', 0, 'Code', 'UOM', 35, 'UOM_ Code. Type', 'UOM_ Code. Content', NULL, NULL, '', 3, 1, 1, 1, '2016-05-19 21:46:28', '2016-05-19 21:46:28', 0, 0, 0, 0, 0, 0),
  (184, 'oagis-id-a805bb8347dc4a1da34799751d2b91c1', 1, '1.0', 0, 'Code', 'Payment Term', 35, 'Payment Term_ Code. Type', 'Payment Term_ Code. Content', NULL, NULL, '', 3, 1, 1, 1, '2016-05-19 21:46:28', '2016-05-19 21:46:28', 0, 0, 0, 0, 0, 0),
  (185, 'oagis-id-2abdd58302114d6a84af5d24d59e0313', 1, '1.0', 0, 'Code', 'Resource Type', 35, 'Resource Type_ Code. Type', 'Resource Type_ Code. Content', NULL, NULL, '', 3, 1, 1, 1, '2016-05-19 21:46:29', '2016-05-19 21:46:29', 0, 0, 0, 0, 0, 0),
  (186, 'oagis-id-284fa310cd834d9cbd7e804ac2bdc7e5', 1, '1.0', 0, 'Code', 'Risk', 35, 'Risk_ Code. Type', 'Risk_ Code. Content', NULL, NULL, '', 3, 1, 1, 1, '2016-05-19 21:46:29', '2016-05-19 21:46:29', 0, 0, 0, 0, 0, 0),
  (187, 'oagis-id-f1bf224d9da94fbea2d8e98af95c7a0b', 1, '1.0', 0, 'Code', 'Transfer', 35, 'Transfer_ Code. Type', 'Transfer_ Code. Content', NULL, NULL, '', 3, 1, 1, 1, '2016-05-19 21:46:29', '2016-05-19 21:46:29', 0, 0, 0, 0, 0, 0),
  (188, 'oagis-id-f1bf224d9da94fbea2d8e98af95c7a19', 1, '1.0', 0, 'Code', 'Time Zone', 35, 'Time Zone_ Code. Type', 'Time Zone_ Code. Content', NULL, NULL, '', 3, 1, 1, 1, '2016-05-19 21:46:29', '2016-05-19 21:46:29', 0, 0, 0, 0, 0, 0),
  (189, 'oagis-id-b033251fb58848eebffbabdd778aa940', 1, '1.0', 0, 'Date', 'Open', 37, 'Open_ Date. Type', 'Open_ Date. Content', NULL, NULL, '', 3, 1, 1, 1, '2016-05-19 21:46:29', '2016-05-19 21:46:29', 0, 0, 0, 0, 0, 0),
  (190, 'oagis-id-38a0fb8fb7514a29b0597837faf2518d', 1, '1.0', 0, 'Date Time', 'Open', 39, 'Open_ Date Time. Type', 'Open_ Date Time. Content', NULL, NULL, '', 3, 1, 1, 1, '2016-05-19 21:46:29', '2016-05-19 21:46:29', 0, 0, 0, 0, 0, 0),
  (191, 'oagis-id-fd79b936c42944f0818865b89e092257', 1, '1.0', 0, 'Time', 'Open', 59, 'Open_ Time. Type', 'Open_ Time. Content', NULL, NULL, '', 3, 1, 1, 1, '2016-05-19 21:46:31', '2016-05-19 21:46:31', 0, 0, 0, 0, 0, 0),
  (192, 'oagis-id-12732d4b096d418fa817d8c75dbe920b', 1, '1.0', 0, 'Code', 'Day Of Week', 35, 'Day Of Week_ Code. Type', 'Day Of Week_ Code. Content', NULL, NULL, '', 3, 1, 1, 1, '2016-05-19 21:46:31', '2016-05-19 21:46:31', 0, 0, 0, 0, 0, 0),
  (193, 'oagis-id-1af3c0f64e8f4852b1303a583171b609', 1, '1.0', 0, 'Identifier', 'Open', 43, 'Open_ Identifier. Type', 'Open_ Identifier. Content', NULL, NULL, '', 3, 1, 1, 1, '2016-05-19 21:46:33', '2016-05-19 21:46:33', 0, 0, 0, 0, 0, 0),
  (194, 'oagis-id-0624ca38925d43929a6f7d8b7b7e0882', 1, '1.0', 0, 'Identifier', 'Sequenced', 43, 'Sequenced_ Identifier. Type', 'Sequenced_ Identifier. Content', NULL, NULL, '', 3, 1, 1, 1, '2016-05-19 21:46:34', '2016-05-19 21:46:34', 0, 0, 0, 0, 0, 0),
  (195, 'oagis-id-1443878322254f0da4f0bf36a3d468ab', 1, '1.0', 0, 'Indicator', 'Open', 45, 'Open_ Indicator. Type', 'Open_ Indicator. Content', NULL, NULL, '', 3, 1, 1, 1, '2016-05-19 21:46:36', '2016-05-19 21:46:36', 0, 0, 0, 0, 0, 0),
  (196, 'oagis-id-de63b187aff44fedb887d12a9035309a', 1, '1.0', 0, 'Indicator', 'License', 45, 'License_ Indicator. Type', 'License_ Indicator. Content', NULL, NULL, '', 3, 1, 1, 1, '2016-05-19 21:46:36', '2016-05-19 21:46:36', 0, 0, 0, 0, 0, 0),
  (197, 'oagis-id-87bd59221bbc47938599363bbba6142a', 1, '1.0', 0, 'Measure', 'Open', 47, 'Open_ Measure. Type', 'Open_ Measure. Content', NULL, NULL, '', 3, 1, 1, 1, '2016-05-19 21:46:37', '2016-05-19 21:46:37', 0, 0, 0, 0, 0, 0),
  (198, 'oagis-id-46626125da114dfabbfbb11800d1bc52', 1, '1.0', 0, 'Percent', 'Open', 53, 'Open_ Percent. Type', 'Open_ Percent. Content', NULL, NULL, '', 3, 1, 1, 1, '2016-05-19 21:46:38', '2016-05-19 21:46:38', 0, 0, 0, 0, 0, 0),
  (199, 'oagis-id-0b2f056d45304fe997e6b8df8d8ad33e', 1, '1.0', 0, 'Quantity', 'Open', 55, 'Open_ Quantity. Type', 'Open_ Quantity. Content', NULL, NULL, '', 3, 1, 1, 1, '2016-05-19 21:46:39', '2016-05-19 21:46:39', 0, 0, 0, 0, 0, 0),
  (200, 'oagis-id-4a641b3b6a074d5b909b425aeec9caaa', 1, '1.0', 0, 'Measure', 'Temperature', 47, 'Temperature_ Measure. Type', 'Temperature_ Measure. Content', NULL, NULL, '', 3, 1, 1, 1, '2016-05-19 21:46:39', '2016-05-19 21:46:39', 0, 0, 0, 0, 0, 0),
  (201, 'oagis-id-5840f7a57dd949ababcd1eb394b2840c', 1, '1.0', 0, 'Text', 'Open', 57, 'Open_ Text. Type', 'Open_ Text. Content', NULL, NULL, '', 3, 1, 1, 1, '2016-05-19 21:46:40', '2016-05-19 21:46:40', 0, 0, 0, 0, 0, 0),
  (202, 'oagis-id-9dc9109b384b43299ecc0d140817f47b', 1, '1.0', 0, 'Text', 'Description', 57, 'Description_ Text. Type', 'Description_ Text. Content', NULL, NULL, '', 3, 1, 1, 1, '2016-05-19 21:46:40', '2016-05-19 21:46:40', 0, 0, 0, 0, 0, 0),
  (203, 'oagis-id-a443aea7aa634ae8aa57bfad38762ef1', 1, '1.0', 0, 'Value', 'Open Field', 61, 'Open Field_ Value. Type', 'Open Field_ Value. Content', NULL, NULL, '', 3, 1, 1, 1, '2016-05-19 21:46:41', '2016-05-19 21:46:41', 0, 0, 0, 0, 0, 0),
  (204, 'oagis-id-3cd82d4229984113976240713ed38906', 1, '1.0', 0, 'Name', 'Open', 49, 'Open_ Name. Type', 'Open_ Name. Content', NULL, NULL, '', 3, 1, 1, 1, '2016-05-19 21:46:41', '2016-05-19 21:46:41', 0, 0, 0, 0, 0, 0),
  (205, 'oagis-id-dfabe79fde714c1daf6547d6e533a6ee', 1, '1.0', 0, 'Number', 'Open', 51, 'Open_ Number. Type', 'Open_ Number. Content', NULL, NULL, '', 3, 1, 1, 1, '2016-05-19 21:46:42', '2016-05-19 21:46:42', 0, 0, 0, 0, 0, 0),
  (206, 'oagis-id-8d9b4b5c8b284fd0b59b246262bcafa2', 1, '1.0', 0, 'Text', 'Note', 57, 'Note_ Text. Type', 'Note_ Text. Content', NULL, NULL, '', 3, 1, 1, 1, '2016-05-19 21:46:42', '2016-05-19 21:46:42', 0, 0, 0, 0, 0, 0),
  (207, 'oagis-id-e298a36a331247c3a2a4a585d5754531', 1, '1.0', 0, 'Text', 'Name Value Pair', 73, 'Name Value Pair_ String. Type', 'Name Value Pair_ String. Content', NULL, NULL, '', 3, 1, 1, 1, '2016-05-19 21:46:42', '2016-05-19 21:46:42', 0, 0, 0, 0, 0, 0),
  (208, 'oagis-id-55e3dee204b449fab4dac08c5893c031', 1, '1.0', 0, 'Name', 'Preferred', 49, 'Preferred_ Name. Type', 'Preferred_ Name. Content', NULL, NULL, '', 3, 1, 1, 1, '2016-05-19 21:46:43', '2016-05-19 21:46:43', 0, 0, 0, 0, 0, 0),
  (209, 'oagis-id-8311a261bc5348dda91cba90fa83429e', 1, '1.0', 0, 'Code', 'Confirmation', 35, 'Confirmation_ Code. Type', 'Confirmation_ Code. Content', NULL, NULL, '', 3, 1, 1, 1, '2016-05-19 21:46:43', '2016-05-19 21:46:43', 0, 0, 0, 0, 0, 0),
  (210, 'oagis-id-994553f41e0e48158d0a2516bc935511', 1, '1.0', 0, 'Binary Object', 'Open', 27, 'Open_ Binary Object. Type', 'Open_ Binary Object. Content', NULL, NULL, '', 3, 1, 1, 1, '2016-05-19 21:47:02', '2016-05-19 21:47:02', 0, 0, 0, 0, 0, 0),
  (211, 'oagis-id-f8166dd9674d4855a3b2da5001049590', 1, '1.0', 0, 'Duration', 'Open', 41, 'Open_ Duration. Type', 'Open_ Duration. Content', NULL, NULL, '', 3, 1, 1, 1, '2016-05-19 21:47:02', '2016-05-19 21:47:02', 0, 0, 0, 0, 0, 0),
  (212, 'oagis-id-f4c5cb13024345408522ce0757ce2f5c', 1, '1.0', 0, 'Value', 'Score', 61, 'Score_ Value. Type', 'Score_ Value. Content', NULL, NULL, '', 3, 1, 1, 1, '2016-05-19 21:47:02', '2016-05-19 21:47:02', 0, 0, 0, 0, 0, 0),
  (213, 'oagis-id-dac3c62369c54a5e8b996496f0438c64', 1, '1.0', 0, 'Code', 'Sequenced', 35, 'Sequenced_ Code. Type', 'Sequenced_ Code. Content', NULL, NULL, '', 3, 1, 1, 1, '2016-05-19 21:47:02', '2016-05-19 21:47:02', 0, 0, 0, 0, 0, 0),
  (214, 'oagis-id-30c24b6c473f48e396ad7b0845cf95d2', 1, '1.0', 0, 'Value', 'Telephone', 60, 'Telephone_ Value. Type', 'Telephone_ Value. Content', NULL, NULL, '', 3, 1, 1, 1, '2016-05-19 21:47:02', '2016-05-19 21:47:02', 0, 0, 0, 0, 0, 0),
  (215, 'oagis-id-dfb3832a38cb4ab68257c1a056de063d', 1, '1.0', 0, 'Code', 'Response', 35, 'Response_ Code. Type', 'Response_ Code. Content', NULL, NULL, '', 3, 1, 1, 1, '2016-05-19 21:47:03', '2016-05-19 21:47:03', 0, 0, 0, 0, 0, 0),
  (216, 'oagis-id-8637fad84f094b5f97a64c12c67b939c', 1, '1.0', 0, 'Code', 'Acknowledge', 215, 'Acknowledge_ Response_ Code. Type', 'Acknowledge_ Response_ Code. Content', NULL, NULL, '', 3, 1, 1, 1, '2016-05-19 21:47:03', '2016-05-19 21:47:03', 0, 0, 0, 0, 0, 0),
  (217, 'oagis-id-480d156c3d50459aa6689fa74d01ac89', 1, '1.0', 0, 'Code', 'Action', 35, 'Action_ Code. Type', 'Action_ Code. Content', NULL, NULL, '', 3, 1, 1, 1, '2016-05-19 21:47:03', '2016-05-19 21:47:03', 0, 0, 0, 0, 0, 0),
  (218, 'oagis-id-c4a4406c1cd74115a07f04b365ab9075', 1, '1.0', 0, 'Code', 'Category', 35, 'Category_ Code. Type', 'Category_ Code. Content', NULL, NULL, '', 3, 1, 1, 1, '2016-05-19 21:47:03', '2016-05-19 21:47:03', 0, 0, 0, 0, 0, 0),
  (219, 'oagis-id-6131e6a3d8114c5ea36bd91044180bb1', 1, '1.0', 0, 'Code', 'Charge', 35, 'Charge_ Code. Type', 'Charge_ Code. Content', NULL, NULL, '', 3, 1, 1, 1, '2016-05-19 21:47:03', '2016-05-19 21:47:03', 0, 0, 0, 0, 0, 0),
  (220, 'oagis-id-6fa8419852f6400abd5c255f55e38f40', 1, '1.0', 0, 'Code', 'Check Instruction', 35, 'Check Instruction_ Code. Type', 'Check Instruction_ Code. Content', NULL, NULL, '', 3, 1, 1, 1, '2016-05-19 21:47:03', '2016-05-19 21:47:03', 0, 0, 0, 0, 0, 0),
  (221, 'oagis-id-8f4d478090a746fc9ec0573373901793', 1, '1.0', 0, 'Code', 'Classification', 35, 'Classification_ Code. Type', 'Classification_ Code. Content', NULL, NULL, '', 3, 1, 1, 1, '2016-05-19 21:47:03', '2016-05-19 21:47:03', 0, 0, 0, 0, 0, 0),
  (222, 'oagis-id-250d8771469544d88b7bb7607432da93', 1, '1.0', 0, 'Code', 'Contact Location', 35, 'Contact Location_ Code. Type', 'Contact Location_ Code. Content', NULL, NULL, '', 3, 1, 1, 1, '2016-05-19 21:47:03', '2016-05-19 21:47:03', 0, 0, 0, 0, 0, 0),
  (223, 'oagis-id-34c5204633a54894846863a99618f567', 1, '1.0', 0, 'Code', 'Control Assertion', 35, 'Control Assertion_ Code. Type', 'Control Assertion_ Code. Content', NULL, NULL, '', 3, 1, 1, 1, '2016-05-19 21:47:03', '2016-05-19 21:47:03', 0, 0, 0, 0, 0, 0),
  (224, 'oagis-id-31e2c152a1c8458e8d0ecda03db61206', 1, '1.0', 0, 'Code', 'Control Component', 35, 'Control Component_ Code. Type', 'Control Component_ Code. Content', NULL, NULL, '', 3, 1, 1, 1, '2016-05-19 21:47:03', '2016-05-19 21:47:03', 0, 0, 0, 0, 0, 0),
  (225, 'oagis-id-4465b4b605184fcc8f46c44e5d153f37', 1, '1.0', 0, 'Code', 'Control', 35, 'Control_ Code. Type', 'Control_ Code. Content', NULL, NULL, '', 3, 1, 1, 1, '2016-05-19 21:47:03', '2016-05-19 21:47:03', 0, 0, 0, 0, 0, 0),
  (226, 'oagis-id-55303803c2454c6bbc3b826f74ead936', 1, '1.0', 0, 'Code', 'Email Format', 35, 'Email Format_ Code. Type', 'Email Format_ Code. Content', NULL, NULL, '', 3, 1, 1, 1, '2016-05-19 21:47:03', '2016-05-19 21:47:03', 0, 0, 0, 0, 0, 0),
  (227, 'oagis-id-bc15ccf8c8a24bf189e9dd3f4084947c', 1, '1.0', 0, 'Code', 'Engineering Activity', 35, 'Engineering Activity_ Code. Type', 'Engineering Activity_ Code. Content', NULL, NULL, '', 3, 1, 1, 1, '2016-05-19 21:47:03', '2016-05-19 21:47:03', 0, 0, 0, 0, 0, 0),
  (228, 'oagis-id-355457cafb544cba89666c0b29ddd14b', 1, '1.0', 0, 'Code', 'Engineering Work Order', 35, 'Engineering Work Order_ Code. Type', 'Engineering Work Order_ Code. Content', NULL, NULL, '', 3, 1, 1, 1, '2016-05-19 21:47:03', '2016-05-19 21:47:03', 0, 0, 0, 0, 0, 0),
  (229, 'oagis-id-0c47b25537494bc196fb00db88be6eb3', 1, '1.0', 0, 'Code', 'Engineering Work Request Status', 35, 'Engineering Work Request Status_ Code. Type', 'Engineering Work Request Status_ Code. Content', NULL, NULL, '', 3, 1, 1, 1, '2016-05-19 21:47:03', '2016-05-19 21:47:03', 0, 0, 0, 0, 0, 0),
  (230, 'oagis-id-05347183cec64cd0a418d3ebaa440d65', 1, '1.0', 0, 'Code', 'License', 35, 'License_ Code. Type', 'License_ Code. Content', NULL, NULL, '', 3, 1, 1, 1, '2016-05-19 21:47:03', '2016-05-19 21:47:03', 0, 0, 0, 0, 0, 0),
  (231, 'oagis-id-481ad1c0f5e04ddaa1a9e6d124a81956', 1, '1.0', 0, 'Code', 'Mime', 35, 'Mime_ Code. Type', 'Mime_ Code. Content', NULL, NULL, '', 3, 1, 1, 1, '2016-05-19 21:47:04', '2016-05-19 21:47:04', 0, 0, 0, 0, 0, 0),
  (232, 'oagis-id-653072097f904ab2a22386d5c4ad201b', 1, '1.0', 0, 'Code', 'Process Category', 35, 'Process Category_ Code. Type', 'Process Category_ Code. Content', NULL, NULL, '', 3, 1, 1, 1, '2016-05-19 21:47:04', '2016-05-19 21:47:04', 0, 0, 0, 0, 0, 0),
  (233, 'oagis-id-87c569b9b0a541caadccf1b2514539dd', 1, '1.0', 0, 'Code', 'Process Confirmation', 35, 'Process Confirmation_ Code. Type', 'Process Confirmation_ Code. Content', NULL, NULL, '', 3, 1, 1, 1, '2016-05-19 21:47:04', '2016-05-19 21:47:04', 0, 0, 0, 0, 0, 0),
  (234, 'oagis-id-d558f96782dc4b7494790eb40bb98b2a', 1, '1.0', 0, 'Code', 'Reason', 35, 'Reason_ Code. Type', 'Reason_ Code. Content', NULL, NULL, '', 3, 1, 1, 1, '2016-05-19 21:47:04', '2016-05-19 21:47:04', 0, 0, 0, 0, 0, 0),
  (235, 'oagis-id-bf00248210d14830992852cd73f02061', 1, '1.0', 0, 'Code', 'Recurrence Pattern', 35, 'Recurrence Pattern_ Code. Type', 'Recurrence Pattern_ Code. Content', NULL, NULL, '', 3, 1, 1, 1, '2016-05-19 21:47:04', '2016-05-19 21:47:04', 0, 0, 0, 0, 0, 0),
  (236, 'oagis-id-8c211564adc3475b9f5bc96c3e90ab5e', 1, '1.0', 0, 'Code', 'Sales Activity', 35, 'Sales Activity_ Code. Type', 'Sales Activity_ Code. Content', NULL, NULL, '', 3, 1, 1, 1, '2016-05-19 21:47:04', '2016-05-19 21:47:04', 0, 0, 0, 0, 0, 0),
  (237, 'oagis-id-d709b8ba02f1464ea8dfcb297cf91e4b', 1, '1.0', 0, 'Code', 'Sales Task', 35, 'Sales Task_ Code. Type', 'Sales Task_ Code. Content', NULL, NULL, '', 3, 1, 1, 1, '2016-05-19 21:47:04', '2016-05-19 21:47:04', 0, 0, 0, 0, 0, 0),
  (238, 'oagis-id-f0a7a5c206ae42b699e9de8da860cfc3', 1, '1.0', 0, 'Code', 'System Environment', 35, 'System Environment_ Code. Type', 'System Environment_ Code. Content', NULL, NULL, '', 3, 1, 1, 1, '2016-05-19 21:47:04', '2016-05-19 21:47:04', 0, 0, 0, 0, 0, 0),
  (239, 'oagis-id-8954f848e8f448c0a72785acd5a3a805', 1, '1.0', 0, 'Code', 'Tax', 35, 'Tax_ Code. Type', 'Tax_ Code. Content', NULL, NULL, '', 3, 1, 1, 1, '2016-05-19 21:47:04', '2016-05-19 21:47:04', 0, 0, 0, 0, 0, 0);

-- 3.1.1.11.1.2	Populate the bdt_pri_restri table for the qualified CodeContentType
-- 3.1.1.11.3.2	Populate bdt_pri_restri table
INSERT INTO `bdt_pri_restri` (`bdt_pri_restri_id`, `bdt_id`, `cdt_awd_pri_xps_type_map_id`, `code_list_id`, `is_default`, `agency_id_list_id`)
VALUES
  (236, 95, NULL, 1, 0, NULL),
  (237, 95, 10, NULL, 0, NULL),
  (238, 95, 11, NULL, 0, NULL),
  (239, 95, 12, NULL, 1, NULL),
  (240, 96, NULL, 2, 0, NULL),
  (241, 96, 10, NULL, 0, NULL),
  (242, 96, 11, NULL, 0, NULL),
  (243, 96, 12, NULL, 1, NULL),
  (244, 97, NULL, 3, 0, NULL),
  (245, 97, 10, NULL, 0, NULL),
  (246, 97, 11, NULL, 0, NULL),
  (247, 97, 12, NULL, 1, NULL),
  (248, 98, NULL, 5, 0, NULL),
  (249, 98, 10, NULL, 0, NULL),
  (250, 98, 11, NULL, 0, NULL),
  (251, 98, 12, NULL, 1, NULL),
  (252, 99, NULL, 6, 0, NULL),
  (253, 99, 10, NULL, 0, NULL),
  (254, 99, 11, NULL, 0, NULL),
  (255, 99, 12, NULL, 1, NULL),
  (256, 100, NULL, 4, 0, NULL),
  (257, 100, 10, NULL, 0, NULL),
  (258, 100, 11, NULL, 0, NULL),
  (259, 100, 12, NULL, 1, NULL),
  (260, 101, NULL, 8, 0, NULL),
  (261, 101, 10, NULL, 0, NULL),
  (262, 101, 11, NULL, 0, NULL),
  (263, 101, 12, NULL, 1, NULL),
  (264, 102, NULL, 9, 0, NULL),
  (265, 102, 10, NULL, 0, NULL),
  (266, 102, 11, NULL, 0, NULL),
  (267, 102, 12, NULL, 1, NULL),
  (268, 103, NULL, 10, 0, NULL),
  (269, 103, 10, NULL, 0, NULL),
  (270, 103, 11, NULL, 0, NULL),
  (271, 103, 12, NULL, 1, NULL),
  (272, 104, NULL, 11, 0, NULL),
  (273, 104, 10, NULL, 0, NULL),
  (274, 104, 11, NULL, 0, NULL),
  (275, 104, 12, NULL, 1, NULL),
  (276, 105, NULL, 12, 0, NULL),
  (277, 105, 10, NULL, 0, NULL),
  (278, 105, 11, NULL, 0, NULL),
  (279, 105, 12, NULL, 1, NULL),
  (280, 106, NULL, 13, 0, NULL),
  (281, 106, 10, NULL, 0, NULL),
  (282, 106, 11, NULL, 0, NULL),
  (283, 106, 12, NULL, 1, NULL),
  (284, 107, NULL, 14, 0, NULL),
  (285, 107, 10, NULL, 0, NULL),
  (286, 107, 11, NULL, 0, NULL),
  (287, 107, 12, NULL, 1, NULL),
  (288, 108, NULL, 15, 0, NULL),
  (289, 108, 10, NULL, 0, NULL),
  (290, 108, 11, NULL, 0, NULL),
  (291, 108, 12, NULL, 1, NULL),
  (292, 109, NULL, 16, 0, NULL),
  (293, 109, 10, NULL, 0, NULL),
  (294, 109, 11, NULL, 0, NULL),
  (295, 109, 12, NULL, 1, NULL),
  (296, 110, NULL, 17, 0, NULL),
  (297, 110, 10, NULL, 0, NULL),
  (298, 110, 11, NULL, 0, NULL),
  (299, 110, 12, NULL, 1, NULL),
  (300, 111, NULL, 18, 0, NULL),
  (301, 111, 10, NULL, 0, NULL),
  (302, 111, 11, NULL, 0, NULL),
  (303, 111, 12, NULL, 1, NULL),
  (304, 112, NULL, 19, 0, NULL),
  (305, 112, 10, NULL, 0, NULL),
  (306, 112, 11, NULL, 0, NULL),
  (307, 112, 12, NULL, 1, NULL),
  (308, 113, NULL, 20, 0, NULL),
  (309, 113, 10, NULL, 0, NULL),
  (310, 113, 11, NULL, 0, NULL),
  (311, 113, 12, NULL, 1, NULL),
  (312, 114, NULL, 21, 0, NULL),
  (313, 114, 10, NULL, 0, NULL),
  (314, 114, 11, NULL, 0, NULL),
  (315, 114, 12, NULL, 1, NULL),
  (316, 115, NULL, 22, 0, NULL),
  (317, 115, 10, NULL, 0, NULL),
  (318, 115, 11, NULL, 0, NULL),
  (319, 115, 12, NULL, 1, NULL),
  (320, 116, NULL, 23, 0, NULL),
  (321, 116, 10, NULL, 0, NULL),
  (322, 116, 11, NULL, 0, NULL),
  (323, 116, 12, NULL, 1, NULL),
  (324, 117, NULL, 24, 0, NULL),
  (325, 117, 10, NULL, 0, NULL),
  (326, 117, 11, NULL, 0, NULL),
  (327, 117, 12, NULL, 1, NULL),
  (328, 118, NULL, 25, 0, NULL),
  (329, 118, 10, NULL, 0, NULL),
  (330, 118, 11, NULL, 0, NULL),
  (331, 118, 12, NULL, 1, NULL),
  (332, 119, NULL, 26, 0, NULL),
  (333, 119, 10, NULL, 0, NULL),
  (334, 119, 11, NULL, 0, NULL),
  (335, 119, 12, NULL, 1, NULL),
  (336, 120, NULL, 28, 0, NULL),
  (337, 120, 10, NULL, 0, NULL),
  (338, 120, 11, NULL, 0, NULL),
  (339, 120, 12, NULL, 1, NULL),
  (340, 121, NULL, 29, 0, NULL),
  (341, 121, 10, NULL, 0, NULL),
  (342, 121, 11, NULL, 0, NULL),
  (343, 121, 12, NULL, 1, NULL),
  (344, 122, NULL, 30, 0, NULL),
  (345, 122, 10, NULL, 0, NULL),
  (346, 122, 11, NULL, 0, NULL),
  (347, 122, 12, NULL, 1, NULL),
  (348, 123, NULL, 31, 0, NULL),
  (349, 123, 10, NULL, 0, NULL),
  (350, 123, 11, NULL, 0, NULL),
  (351, 123, 12, NULL, 1, NULL),
  (352, 124, NULL, 32, 0, NULL),
  (353, 124, 10, NULL, 0, NULL),
  (354, 124, 11, NULL, 0, NULL),
  (355, 124, 12, NULL, 1, NULL),
  (356, 125, NULL, 33, 0, NULL),
  (357, 125, 10, NULL, 0, NULL),
  (358, 125, 11, NULL, 0, NULL),
  (359, 125, 12, NULL, 1, NULL),
  (360, 126, NULL, 34, 0, NULL),
  (361, 126, 10, NULL, 0, NULL),
  (362, 126, 11, NULL, 0, NULL),
  (363, 126, 12, NULL, 1, NULL),
  (364, 127, NULL, 35, 0, NULL),
  (365, 127, 10, NULL, 0, NULL),
  (366, 127, 11, NULL, 0, NULL),
  (367, 127, 12, NULL, 1, NULL),
  (368, 128, NULL, 36, 0, NULL),
  (369, 128, 10, NULL, 0, NULL),
  (370, 128, 11, NULL, 0, NULL),
  (371, 128, 12, NULL, 1, NULL),
  (372, 129, NULL, 37, 0, NULL),
  (373, 129, 10, NULL, 0, NULL),
  (374, 129, 11, NULL, 0, NULL),
  (375, 129, 12, NULL, 1, NULL),
  (376, 130, NULL, 38, 0, NULL),
  (377, 130, 10, NULL, 0, NULL),
  (378, 130, 11, NULL, 0, NULL),
  (379, 130, 12, NULL, 1, NULL),
  (380, 131, NULL, 39, 0, NULL),
  (381, 131, 10, NULL, 0, NULL),
  (382, 131, 11, NULL, 0, NULL),
  (383, 131, 12, NULL, 1, NULL),
  (384, 132, NULL, 40, 0, NULL),
  (385, 132, 10, NULL, 0, NULL),
  (386, 132, 11, NULL, 0, NULL),
  (387, 132, 12, NULL, 1, NULL),
  (388, 133, NULL, 41, 0, NULL),
  (389, 133, 10, NULL, 0, NULL),
  (390, 133, 11, NULL, 0, NULL),
  (391, 133, 12, NULL, 1, NULL),
  (392, 134, NULL, 42, 0, NULL),
  (393, 134, 10, NULL, 0, NULL),
  (394, 134, 11, NULL, 0, NULL),
  (395, 134, 12, NULL, 1, NULL),
  (396, 135, NULL, 43, 0, NULL),
  (397, 135, 10, NULL, 0, NULL),
  (398, 135, 11, NULL, 0, NULL),
  (399, 135, 12, NULL, 1, NULL),
  (400, 136, NULL, 44, 0, NULL),
  (401, 136, 10, NULL, 0, NULL),
  (402, 136, 11, NULL, 0, NULL),
  (403, 136, 12, NULL, 1, NULL),
  (404, 137, NULL, 45, 0, NULL),
  (405, 137, 10, NULL, 0, NULL),
  (406, 137, 11, NULL, 0, NULL),
  (407, 137, 12, NULL, 1, NULL),
  (408, 138, NULL, 46, 0, NULL),
  (409, 138, 10, NULL, 0, NULL),
  (410, 138, 11, NULL, 0, NULL),
  (411, 138, 12, NULL, 1, NULL),
  (412, 139, NULL, 47, 0, NULL),
  (413, 139, 10, NULL, 0, NULL),
  (414, 139, 11, NULL, 0, NULL),
  (415, 139, 12, NULL, 1, NULL),
  (416, 140, NULL, 48, 0, NULL),
  (417, 140, 10, NULL, 0, NULL),
  (418, 140, 11, NULL, 0, NULL),
  (419, 140, 12, NULL, 1, NULL),
  (420, 141, NULL, 49, 0, NULL),
  (421, 141, 10, NULL, 0, NULL),
  (422, 141, 11, NULL, 0, NULL),
  (423, 141, 12, NULL, 1, NULL),
  (424, 142, NULL, 50, 0, NULL),
  (425, 142, 10, NULL, 0, NULL),
  (426, 142, 11, NULL, 0, NULL),
  (427, 142, 12, NULL, 1, NULL),
  (428, 143, NULL, 51, 0, NULL),
  (429, 143, 10, NULL, 0, NULL),
  (430, 143, 11, NULL, 0, NULL),
  (431, 143, 12, NULL, 1, NULL),
  (432, 144, NULL, 52, 0, NULL),
  (433, 144, 10, NULL, 0, NULL),
  (434, 144, 11, NULL, 0, NULL),
  (435, 144, 12, NULL, 1, NULL),
  (436, 145, NULL, 53, 0, NULL),
  (437, 145, 10, NULL, 0, NULL),
  (438, 145, 11, NULL, 0, NULL),
  (439, 145, 12, NULL, 1, NULL),
  (440, 146, NULL, 54, 0, NULL),
  (441, 146, 10, NULL, 0, NULL),
  (442, 146, 11, NULL, 0, NULL),
  (443, 146, 12, NULL, 1, NULL),
  (444, 147, NULL, 55, 0, NULL),
  (445, 147, 10, NULL, 0, NULL),
  (446, 147, 11, NULL, 0, NULL),
  (447, 147, 12, NULL, 1, NULL),
  (448, 148, NULL, 56, 0, NULL),
  (449, 148, 10, NULL, 0, NULL),
  (450, 148, 11, NULL, 0, NULL),
  (451, 148, 12, NULL, 1, NULL),
  (452, 149, NULL, 58, 0, NULL),
  (453, 149, 10, NULL, 0, NULL),
  (454, 149, 11, NULL, 0, NULL),
  (455, 149, 12, NULL, 1, NULL),
  (456, 150, NULL, 59, 0, NULL),
  (457, 150, 10, NULL, 0, NULL),
  (458, 150, 11, NULL, 0, NULL),
  (459, 150, 12, NULL, 1, NULL),
  (460, 151, NULL, 60, 0, NULL),
  (461, 151, 10, NULL, 0, NULL),
  (462, 151, 11, NULL, 0, NULL),
  (463, 151, 12, NULL, 1, NULL),
  (464, 152, NULL, 57, 0, NULL),
  (465, 152, 10, NULL, 0, NULL),
  (466, 152, 11, NULL, 0, NULL),
  (467, 152, 12, NULL, 1, NULL),
  (468, 153, NULL, NULL, 0, 1),
  (469, 153, 34, NULL, 1, NULL),
  (470, 153, 35, NULL, 0, NULL),
  (471, 153, 36, NULL, 0, NULL),
  (472, 154, 1, NULL, 1, NULL),
  (473, 154, 2, NULL, 0, NULL),
  (474, 154, 3, NULL, 0, NULL),
  (475, 154, 4, NULL, 0, NULL),
  (476, 154, 5, NULL, 0, NULL),
  (477, 154, 6, NULL, 0, NULL),
  (478, 154, 7, NULL, 0, NULL),
  (479, 155, 8, NULL, 1, NULL),
  (480, 155, 9, NULL, 0, NULL),
  (481, 156, NULL, 4, 0, NULL),
  (482, 156, 10, NULL, 1, NULL),
  (483, 156, 11, NULL, 0, NULL),
  (484, 156, 12, NULL, 0, NULL),
  (485, 157, 10, NULL, 1, NULL),
  (486, 157, 11, NULL, 0, NULL),
  (487, 157, 12, NULL, 0, NULL),
  (488, 158, NULL, 15, 0, NULL),
  (489, 158, 10, NULL, 1, NULL),
  (490, 158, 11, NULL, 0, NULL),
  (491, 158, 12, NULL, 0, NULL),
  (492, 159, NULL, 16, 0, NULL),
  (493, 159, 10, NULL, 1, NULL),
  (494, 159, 11, NULL, 0, NULL),
  (495, 159, 12, NULL, 0, NULL),
  (496, 160, NULL, 17, 0, NULL),
  (497, 160, 10, NULL, 1, NULL),
  (498, 160, 11, NULL, 0, NULL),
  (499, 160, 12, NULL, 0, NULL),
  (500, 161, NULL, 20, 0, NULL),
  (501, 161, 10, NULL, 1, NULL),
  (502, 161, 11, NULL, 0, NULL),
  (503, 161, 12, NULL, 0, NULL),
  (504, 162, NULL, 8, 0, NULL),
  (505, 162, 10, NULL, 1, NULL),
  (506, 162, 11, NULL, 0, NULL),
  (507, 162, 12, NULL, 0, NULL),
  (508, 163, NULL, 21, 0, NULL),
  (509, 163, 10, NULL, 1, NULL),
  (510, 163, 11, NULL, 0, NULL),
  (511, 163, 12, NULL, 0, NULL),
  (512, 164, NULL, 35, 0, NULL),
  (513, 164, 10, NULL, 1, NULL),
  (514, 164, 11, NULL, 0, NULL),
  (515, 164, 12, NULL, 0, NULL),
  (516, 165, NULL, 25, 0, NULL),
  (517, 165, 10, NULL, 1, NULL),
  (518, 165, 11, NULL, 0, NULL),
  (519, 165, 12, NULL, 0, NULL),
  (520, 166, NULL, 27, 0, NULL),
  (521, 166, 10, NULL, 1, NULL),
  (522, 166, 11, NULL, 0, NULL),
  (523, 166, 12, NULL, 0, NULL),
  (524, 167, NULL, 34, 0, NULL),
  (525, 167, 10, NULL, 1, NULL),
  (526, 167, 11, NULL, 0, NULL),
  (527, 167, 12, NULL, 0, NULL),
  (528, 168, NULL, 34, 0, NULL),
  (529, 168, NULL, NULL, 0, NULL),
  (530, 168, 10, NULL, 1, NULL),
  (531, 168, 11, NULL, 0, NULL),
  (532, 168, 12, NULL, 0, NULL),
  (533, 169, NULL, 41, 0, NULL),
  (534, 169, 10, NULL, 1, NULL),
  (535, 169, 11, NULL, 0, NULL),
  (536, 169, 12, NULL, 0, NULL),
  (537, 170, NULL, 28, 0, NULL),
  (538, 170, 10, NULL, 1, NULL),
  (539, 170, 11, NULL, 0, NULL),
  (540, 170, 12, NULL, 0, NULL),
  (541, 171, NULL, 55, 0, NULL),
  (542, 171, 10, NULL, 1, NULL),
  (543, 171, 11, NULL, 0, NULL),
  (544, 171, 12, NULL, 0, NULL),
  (545, 172, NULL, 29, 0, NULL),
  (546, 172, 10, NULL, 1, NULL),
  (547, 172, 11, NULL, 0, NULL),
  (548, 172, 12, NULL, 0, NULL),
  (549, 173, NULL, 30, 0, NULL),
  (550, 173, 10, NULL, 1, NULL),
  (551, 173, 11, NULL, 0, NULL),
  (552, 173, 12, NULL, 0, NULL),
  (553, 174, NULL, 31, 0, NULL),
  (554, 174, 10, NULL, 1, NULL),
  (555, 174, 11, NULL, 0, NULL),
  (556, 174, 12, NULL, 0, NULL),
  (557, 175, NULL, 33, 0, NULL),
  (558, 175, 10, NULL, 1, NULL),
  (559, 175, 11, NULL, 0, NULL),
  (560, 175, 12, NULL, 0, NULL),
  (561, 176, NULL, 39, 0, NULL),
  (562, 176, 10, NULL, 1, NULL),
  (563, 176, 11, NULL, 0, NULL),
  (564, 176, 12, NULL, 0, NULL),
  (565, 177, NULL, 40, 0, NULL),
  (566, 177, 10, NULL, 1, NULL),
  (567, 177, 11, NULL, 0, NULL),
  (568, 177, 12, NULL, 0, NULL),
  (569, 178, NULL, 42, 0, NULL),
  (570, 178, 10, NULL, 1, NULL),
  (571, 178, 11, NULL, 0, NULL),
  (572, 178, 12, NULL, 0, NULL),
  (573, 179, NULL, 48, 0, NULL),
  (574, 179, 10, NULL, 1, NULL),
  (575, 179, 11, NULL, 0, NULL),
  (576, 179, 12, NULL, 0, NULL),
  (577, 180, 96, NULL, 0, NULL),
  (578, 180, 97, NULL, 0, NULL),
  (579, 180, 98, NULL, 0, NULL),
  (580, 180, 99, NULL, 0, NULL),
  (581, 180, 100, NULL, 0, NULL),
  (582, 180, 101, NULL, 0, NULL),
  (583, 180, 102, NULL, 0, NULL),
  (584, 180, 103, NULL, 0, NULL),
  (585, 180, 104, NULL, 1, NULL),
  (586, 180, 105, NULL, 0, NULL),
  (587, 181, 10, NULL, 1, NULL),
  (588, 181, 11, NULL, 0, NULL),
  (589, 181, 12, NULL, 0, NULL),
  (590, 182, NULL, 18, 0, NULL),
  (591, 182, 10, NULL, 1, NULL),
  (592, 182, 11, NULL, 0, NULL),
  (593, 182, 12, NULL, 0, NULL),
  (594, 183, NULL, 60, 0, NULL),
  (595, 183, 10, NULL, 1, NULL),
  (596, 183, 11, NULL, 0, NULL),
  (597, 183, 12, NULL, 0, NULL),
  (598, 184, NULL, 43, 0, NULL),
  (599, 184, 10, NULL, 1, NULL),
  (600, 184, 11, NULL, 0, NULL),
  (601, 184, 12, NULL, 0, NULL),
  (602, 185, NULL, 49, 0, NULL),
  (603, 185, 10, NULL, 1, NULL),
  (604, 185, 11, NULL, 0, NULL),
  (605, 185, 12, NULL, 0, NULL),
  (606, 186, NULL, 52, 0, NULL),
  (607, 186, 10, NULL, 1, NULL),
  (608, 186, 11, NULL, 0, NULL),
  (609, 186, 12, NULL, 0, NULL),
  (610, 187, NULL, 59, 0, NULL),
  (611, 187, 10, NULL, 1, NULL),
  (612, 187, 11, NULL, 0, NULL),
  (613, 187, 12, NULL, 0, NULL),
  (614, 188, NULL, 57, 0, NULL),
  (615, 188, 10, NULL, 1, NULL),
  (616, 188, 11, NULL, 0, NULL),
  (617, 188, 12, NULL, 0, NULL),
  (618, 189, 13, NULL, 1, NULL),
  (619, 189, 14, NULL, 0, NULL),
  (620, 189, 15, NULL, 0, NULL),
  (621, 189, 16, NULL, 0, NULL),
  (622, 189, 17, NULL, 0, NULL),
  (623, 189, 18, NULL, 0, NULL),
  (624, 189, 19, NULL, 0, NULL),
  (625, 189, 20, NULL, 0, NULL),
  (626, 190, 21, NULL, 1, NULL),
  (627, 190, 22, NULL, 0, NULL),
  (628, 190, 23, NULL, 0, NULL),
  (629, 190, 24, NULL, 0, NULL),
  (630, 190, 25, NULL, 0, NULL),
  (631, 190, 26, NULL, 0, NULL),
  (632, 190, 27, NULL, 0, NULL),
  (633, 190, 28, NULL, 0, NULL),
  (634, 190, 29, NULL, 0, NULL),
  (635, 191, 94, NULL, 1, NULL),
  (636, 191, 95, NULL, 0, NULL),
  (637, 192, NULL, 19, 0, NULL),
  (638, 192, 10, NULL, 1, NULL),
  (639, 192, 11, NULL, 0, NULL),
  (640, 192, 12, NULL, 0, NULL),
  (641, 193, 34, NULL, 1, NULL),
  (642, 193, 35, NULL, 0, NULL),
  (643, 193, 36, NULL, 0, NULL),
  (644, 194, 34, NULL, 1, NULL),
  (645, 194, 35, NULL, 0, NULL),
  (646, 194, 36, NULL, 0, NULL),
  (647, 195, 37, NULL, 1, NULL),
  (648, 196, 37, NULL, 1, NULL),
  (649, 197, 38, NULL, 1, NULL),
  (650, 197, 39, NULL, 0, NULL),
  (651, 197, 40, NULL, 0, NULL),
  (652, 197, 41, NULL, 0, NULL),
  (653, 197, 42, NULL, 0, NULL),
  (654, 197, 43, NULL, 0, NULL),
  (655, 197, 44, NULL, 0, NULL),
  (656, 198, 58, NULL, 1, NULL),
  (657, 198, 59, NULL, 0, NULL),
  (658, 198, 60, NULL, 0, NULL),
  (659, 198, 61, NULL, 0, NULL),
  (660, 198, 62, NULL, 0, NULL),
  (661, 198, 63, NULL, 0, NULL),
  (662, 198, 64, NULL, 0, NULL),
  (663, 199, 67, NULL, 1, NULL),
  (664, 199, 68, NULL, 0, NULL),
  (665, 199, 69, NULL, 0, NULL),
  (666, 199, 70, NULL, 0, NULL),
  (667, 199, 71, NULL, 0, NULL),
  (668, 199, 72, NULL, 0, NULL),
  (669, 199, 73, NULL, 0, NULL),
  (670, 200, 38, NULL, 1, NULL),
  (671, 200, 39, NULL, 0, NULL),
  (672, 200, 40, NULL, 0, NULL),
  (673, 200, 41, NULL, 0, NULL),
  (674, 200, 42, NULL, 0, NULL),
  (675, 200, 43, NULL, 0, NULL),
  (676, 200, 44, NULL, 0, NULL),
  (677, 201, 91, NULL, 0, NULL),
  (678, 201, 92, NULL, 1, NULL),
  (679, 201, 93, NULL, 0, NULL),
  (680, 202, 91, NULL, 0, NULL),
  (681, 202, 92, NULL, 1, NULL),
  (682, 202, 93, NULL, 0, NULL),
  (683, 203, 96, NULL, 0, NULL),
  (684, 203, 97, NULL, 0, NULL),
  (685, 203, 98, NULL, 0, NULL),
  (686, 203, 99, NULL, 0, NULL),
  (687, 203, 100, NULL, 0, NULL),
  (688, 203, 101, NULL, 0, NULL),
  (689, 203, 102, NULL, 0, NULL),
  (690, 203, 103, NULL, 0, NULL),
  (691, 203, 104, NULL, 1, NULL),
  (692, 203, 105, NULL, 0, NULL),
  (693, 204, 45, NULL, 0, NULL),
  (694, 204, 46, NULL, 1, NULL),
  (695, 204, 47, NULL, 0, NULL),
  (696, 205, 48, NULL, 1, NULL),
  (697, 205, 49, NULL, 0, NULL),
  (698, 205, 50, NULL, 0, NULL),
  (699, 205, 51, NULL, 0, NULL),
  (700, 205, 52, NULL, 0, NULL),
  (701, 205, 53, NULL, 0, NULL),
  (702, 205, 54, NULL, 0, NULL),
  (703, 206, 91, NULL, 0, NULL),
  (704, 206, 92, NULL, 1, NULL),
  (705, 206, 93, NULL, 0, NULL),
  (706, 207, 92, NULL, 1, NULL),
  (707, 207, 93, NULL, 0, NULL),
  (708, 208, 45, NULL, 0, NULL),
  (709, 208, 46, NULL, 1, NULL),
  (710, 208, 47, NULL, 0, NULL),
  (711, 209, NULL, 10, 0, NULL),
  (712, 209, 10, NULL, 1, NULL),
  (713, 209, 11, NULL, 0, NULL),
  (714, 209, 12, NULL, 0, NULL),
  (715, 210, 8, NULL, 1, NULL),
  (716, 210, 9, NULL, 0, NULL),
  (717, 211, 30, NULL, 1, NULL),
  (718, 211, 31, NULL, 0, NULL),
  (719, 212, 96, NULL, 0, NULL),
  (720, 212, 97, NULL, 0, NULL),
  (721, 212, 98, NULL, 0, NULL),
  (722, 212, 99, NULL, 0, NULL),
  (723, 212, 100, NULL, 0, NULL),
  (724, 212, 101, NULL, 0, NULL),
  (725, 212, 102, NULL, 0, NULL),
  (726, 212, 103, NULL, 0, NULL),
  (727, 212, 104, NULL, 1, NULL),
  (728, 212, 105, NULL, 0, NULL),
  (729, 213, 10, NULL, 1, NULL),
  (730, 213, 11, NULL, 0, NULL),
  (731, 213, 12, NULL, 0, NULL),
  (732, 214, 96, NULL, 0, NULL),
  (733, 214, 97, NULL, 0, NULL),
  (734, 214, 98, NULL, 0, NULL),
  (735, 214, 99, NULL, 0, NULL),
  (736, 214, 100, NULL, 0, NULL),
  (737, 214, 101, NULL, 0, NULL),
  (738, 214, 102, NULL, 0, NULL),
  (739, 214, 103, NULL, 0, NULL),
  (740, 214, 104, NULL, 1, NULL),
  (741, 214, 105, NULL, 0, NULL),
  (742, 215, NULL, 51, 0, NULL),
  (743, 215, 10, NULL, 1, NULL),
  (744, 215, 11, NULL, 0, NULL),
  (745, 215, 12, NULL, 0, NULL),
  (746, 216, NULL, 51, 0, NULL),
  (747, 216, NULL, NULL, 0, NULL),
  (748, 216, 10, NULL, 1, NULL),
  (749, 216, 11, NULL, 0, NULL),
  (750, 216, 12, NULL, 0, NULL),
  (751, 217, NULL, 1, 0, NULL),
  (752, 217, 10, NULL, 1, NULL),
  (753, 217, 11, NULL, 0, NULL),
  (754, 217, 12, NULL, 0, NULL),
  (755, 218, NULL, 3, 0, NULL),
  (756, 218, 10, NULL, 1, NULL),
  (757, 218, 11, NULL, 0, NULL),
  (758, 218, 12, NULL, 0, NULL),
  (759, 219, NULL, 5, 0, NULL),
  (760, 219, 10, NULL, 1, NULL),
  (761, 219, 11, NULL, 0, NULL),
  (762, 219, 12, NULL, 0, NULL),
  (763, 220, NULL, 9, 0, NULL),
  (764, 220, 10, NULL, 1, NULL),
  (765, 220, 11, NULL, 0, NULL),
  (766, 220, 12, NULL, 0, NULL),
  (767, 221, NULL, 6, 0, NULL),
  (768, 221, 10, NULL, 1, NULL),
  (769, 221, 11, NULL, 0, NULL),
  (770, 221, 12, NULL, 0, NULL),
  (771, 222, NULL, 11, 0, NULL),
  (772, 222, 10, NULL, 1, NULL),
  (773, 222, 11, NULL, 0, NULL),
  (774, 222, 12, NULL, 0, NULL),
  (775, 223, NULL, 12, 0, NULL),
  (776, 223, 10, NULL, 1, NULL),
  (777, 223, 11, NULL, 0, NULL),
  (778, 223, 12, NULL, 0, NULL),
  (779, 224, NULL, 14, 0, NULL),
  (780, 224, 10, NULL, 1, NULL),
  (781, 224, 11, NULL, 0, NULL),
  (782, 224, 12, NULL, 0, NULL),
  (783, 225, NULL, 13, 0, NULL),
  (784, 225, 10, NULL, 1, NULL),
  (785, 225, 11, NULL, 0, NULL),
  (786, 225, 12, NULL, 0, NULL),
  (787, 226, NULL, 22, 0, NULL),
  (788, 226, 10, NULL, 1, NULL),
  (789, 226, 11, NULL, 0, NULL),
  (790, 226, 12, NULL, 0, NULL),
  (791, 227, NULL, 23, 0, NULL),
  (792, 227, 10, NULL, 1, NULL),
  (793, 227, 11, NULL, 0, NULL),
  (794, 227, 12, NULL, 0, NULL),
  (795, 228, NULL, 24, 0, NULL),
  (796, 228, 10, NULL, 1, NULL),
  (797, 228, 11, NULL, 0, NULL),
  (798, 228, 12, NULL, 0, NULL),
  (799, 229, NULL, 26, 0, NULL),
  (800, 229, 10, NULL, 1, NULL),
  (801, 229, 11, NULL, 0, NULL),
  (802, 229, 12, NULL, 0, NULL),
  (803, 230, NULL, 32, 0, NULL),
  (804, 230, 10, NULL, 1, NULL),
  (805, 230, 11, NULL, 0, NULL),
  (806, 230, 12, NULL, 0, NULL),
  (807, 231, NULL, 36, 0, NULL),
  (808, 231, 10, NULL, 1, NULL),
  (809, 231, 11, NULL, 0, NULL),
  (810, 231, 12, NULL, 0, NULL),
  (811, 232, NULL, 44, 0, NULL),
  (812, 232, 10, NULL, 1, NULL),
  (813, 232, 11, NULL, 0, NULL),
  (814, 232, 12, NULL, 0, NULL),
  (815, 233, NULL, 45, 0, NULL),
  (816, 233, 10, NULL, 1, NULL),
  (817, 233, 11, NULL, 0, NULL),
  (818, 233, 12, NULL, 0, NULL),
  (819, 234, NULL, 46, 0, NULL),
  (820, 234, 10, NULL, 1, NULL),
  (821, 234, 11, NULL, 0, NULL),
  (822, 234, 12, NULL, 0, NULL),
  (823, 235, NULL, 47, 0, NULL),
  (824, 235, 10, NULL, 1, NULL),
  (825, 235, 11, NULL, 0, NULL),
  (826, 235, 12, NULL, 0, NULL),
  (827, 236, NULL, 53, 0, NULL),
  (828, 236, 10, NULL, 1, NULL),
  (829, 236, 11, NULL, 0, NULL),
  (830, 236, 12, NULL, 0, NULL),
  (831, 237, NULL, 54, 0, NULL),
  (832, 237, 10, NULL, 1, NULL),
  (833, 237, 11, NULL, 0, NULL),
  (834, 237, 12, NULL, 0, NULL),
  (835, 238, NULL, 56, 0, NULL),
  (836, 238, 10, NULL, 1, NULL),
  (837, 238, 11, NULL, 0, NULL),
  (838, 238, 12, NULL, 0, NULL),
  (839, 239, NULL, 58, 0, NULL),
  (840, 239, 10, NULL, 1, NULL),
  (841, 239, 11, NULL, 0, NULL),
  (842, 239, 12, NULL, 0, NULL);

-- 3.1.1.11.1.3	Populate the dt_sc table for the qualified CodeContentType
-- 3.1.1.11.3.3	Populate SC in the dt_sc table
INSERT INTO `dt_sc` (`dt_sc_id`, `guid`, `property_term`, `representation_term`, `definition`, `owner_dt_id`, `min_cardinality`, `max_cardinality`, `based_dt_sc_id`)
VALUES
  (115, 'oagis-id-a248c2acaf2c4baf89e437e0509018a6', 'List', 'Identifier', NULL, 95, 0, 0, 95),
  (116, 'oagis-id-f22aa61543d942f4aecc9a3f0ce9afa1', 'List Agency', 'Identifier', NULL, 95, 0, 0, 96),
  (117, 'oagis-id-0ddb59496b364a9eaedf7031dfb5a88c', 'List Version', 'Identifier', NULL, 95, 0, 0, 97),
  (118, 'oagis-id-a248c2acaf2c4baf89e437e0509018a6', 'List', 'Identifier', NULL, 96, 0, 0, 95),
  (119, 'oagis-id-f22aa61543d942f4aecc9a3f0ce9afa1', 'List Agency', 'Identifier', NULL, 96, 0, 0, 96),
  (120, 'oagis-id-0ddb59496b364a9eaedf7031dfb5a88c', 'List Version', 'Identifier', NULL, 96, 0, 0, 97),
  (121, 'oagis-id-a248c2acaf2c4baf89e437e0509018a6', 'List', 'Identifier', NULL, 97, 0, 0, 95),
  (122, 'oagis-id-f22aa61543d942f4aecc9a3f0ce9afa1', 'List Agency', 'Identifier', NULL, 97, 0, 0, 96),
  (123, 'oagis-id-0ddb59496b364a9eaedf7031dfb5a88c', 'List Version', 'Identifier', NULL, 97, 0, 0, 97),
  (124, 'oagis-id-a248c2acaf2c4baf89e437e0509018a6', 'List', 'Identifier', NULL, 98, 0, 0, 95),
  (125, 'oagis-id-f22aa61543d942f4aecc9a3f0ce9afa1', 'List Agency', 'Identifier', NULL, 98, 0, 0, 96),
  (126, 'oagis-id-0ddb59496b364a9eaedf7031dfb5a88c', 'List Version', 'Identifier', NULL, 98, 0, 0, 97),
  (127, 'oagis-id-a248c2acaf2c4baf89e437e0509018a6', 'List', 'Identifier', NULL, 99, 0, 0, 95),
  (128, 'oagis-id-f22aa61543d942f4aecc9a3f0ce9afa1', 'List Agency', 'Identifier', NULL, 99, 0, 0, 96),
  (129, 'oagis-id-0ddb59496b364a9eaedf7031dfb5a88c', 'List Version', 'Identifier', NULL, 99, 0, 0, 97),
  (130, 'oagis-id-a248c2acaf2c4baf89e437e0509018a6', 'List', 'Identifier', NULL, 100, 0, 0, 95),
  (131, 'oagis-id-f22aa61543d942f4aecc9a3f0ce9afa1', 'List Agency', 'Identifier', NULL, 100, 0, 0, 96),
  (132, 'oagis-id-0ddb59496b364a9eaedf7031dfb5a88c', 'List Version', 'Identifier', NULL, 100, 0, 0, 97),
  (133, 'oagis-id-a248c2acaf2c4baf89e437e0509018a6', 'List', 'Identifier', NULL, 101, 0, 0, 95),
  (134, 'oagis-id-f22aa61543d942f4aecc9a3f0ce9afa1', 'List Agency', 'Identifier', NULL, 101, 0, 0, 96),
  (135, 'oagis-id-0ddb59496b364a9eaedf7031dfb5a88c', 'List Version', 'Identifier', NULL, 101, 0, 0, 97),
  (136, 'oagis-id-a248c2acaf2c4baf89e437e0509018a6', 'List', 'Identifier', NULL, 102, 0, 0, 95),
  (137, 'oagis-id-f22aa61543d942f4aecc9a3f0ce9afa1', 'List Agency', 'Identifier', NULL, 102, 0, 0, 96),
  (138, 'oagis-id-0ddb59496b364a9eaedf7031dfb5a88c', 'List Version', 'Identifier', NULL, 102, 0, 0, 97),
  (139, 'oagis-id-a248c2acaf2c4baf89e437e0509018a6', 'List', 'Identifier', NULL, 103, 0, 0, 95),
  (140, 'oagis-id-f22aa61543d942f4aecc9a3f0ce9afa1', 'List Agency', 'Identifier', NULL, 103, 0, 0, 96),
  (141, 'oagis-id-0ddb59496b364a9eaedf7031dfb5a88c', 'List Version', 'Identifier', NULL, 103, 0, 0, 97),
  (142, 'oagis-id-a248c2acaf2c4baf89e437e0509018a6', 'List', 'Identifier', NULL, 104, 0, 0, 95),
  (143, 'oagis-id-f22aa61543d942f4aecc9a3f0ce9afa1', 'List Agency', 'Identifier', NULL, 104, 0, 0, 96),
  (144, 'oagis-id-0ddb59496b364a9eaedf7031dfb5a88c', 'List Version', 'Identifier', NULL, 104, 0, 0, 97),
  (145, 'oagis-id-a248c2acaf2c4baf89e437e0509018a6', 'List', 'Identifier', NULL, 105, 0, 0, 95),
  (146, 'oagis-id-f22aa61543d942f4aecc9a3f0ce9afa1', 'List Agency', 'Identifier', NULL, 105, 0, 0, 96),
  (147, 'oagis-id-0ddb59496b364a9eaedf7031dfb5a88c', 'List Version', 'Identifier', NULL, 105, 0, 0, 97),
  (148, 'oagis-id-a248c2acaf2c4baf89e437e0509018a6', 'List', 'Identifier', NULL, 106, 0, 0, 95),
  (149, 'oagis-id-f22aa61543d942f4aecc9a3f0ce9afa1', 'List Agency', 'Identifier', NULL, 106, 0, 0, 96),
  (150, 'oagis-id-0ddb59496b364a9eaedf7031dfb5a88c', 'List Version', 'Identifier', NULL, 106, 0, 0, 97),
  (151, 'oagis-id-a248c2acaf2c4baf89e437e0509018a6', 'List', 'Identifier', NULL, 107, 0, 0, 95),
  (152, 'oagis-id-f22aa61543d942f4aecc9a3f0ce9afa1', 'List Agency', 'Identifier', NULL, 107, 0, 0, 96),
  (153, 'oagis-id-0ddb59496b364a9eaedf7031dfb5a88c', 'List Version', 'Identifier', NULL, 107, 0, 0, 97),
  (154, 'oagis-id-a248c2acaf2c4baf89e437e0509018a6', 'List', 'Identifier', NULL, 108, 0, 0, 95),
  (155, 'oagis-id-f22aa61543d942f4aecc9a3f0ce9afa1', 'List Agency', 'Identifier', NULL, 108, 0, 0, 96),
  (156, 'oagis-id-0ddb59496b364a9eaedf7031dfb5a88c', 'List Version', 'Identifier', NULL, 108, 0, 0, 97),
  (157, 'oagis-id-a248c2acaf2c4baf89e437e0509018a6', 'List', 'Identifier', NULL, 109, 0, 0, 95),
  (158, 'oagis-id-f22aa61543d942f4aecc9a3f0ce9afa1', 'List Agency', 'Identifier', NULL, 109, 0, 0, 96),
  (159, 'oagis-id-0ddb59496b364a9eaedf7031dfb5a88c', 'List Version', 'Identifier', NULL, 109, 0, 0, 97),
  (160, 'oagis-id-a248c2acaf2c4baf89e437e0509018a6', 'List', 'Identifier', NULL, 110, 0, 0, 95),
  (161, 'oagis-id-f22aa61543d942f4aecc9a3f0ce9afa1', 'List Agency', 'Identifier', NULL, 110, 0, 0, 96),
  (162, 'oagis-id-0ddb59496b364a9eaedf7031dfb5a88c', 'List Version', 'Identifier', NULL, 110, 0, 0, 97),
  (163, 'oagis-id-a248c2acaf2c4baf89e437e0509018a6', 'List', 'Identifier', NULL, 111, 0, 0, 95),
  (164, 'oagis-id-f22aa61543d942f4aecc9a3f0ce9afa1', 'List Agency', 'Identifier', NULL, 111, 0, 0, 96),
  (165, 'oagis-id-0ddb59496b364a9eaedf7031dfb5a88c', 'List Version', 'Identifier', NULL, 111, 0, 0, 97),
  (166, 'oagis-id-a248c2acaf2c4baf89e437e0509018a6', 'List', 'Identifier', NULL, 112, 0, 0, 95),
  (167, 'oagis-id-f22aa61543d942f4aecc9a3f0ce9afa1', 'List Agency', 'Identifier', NULL, 112, 0, 0, 96),
  (168, 'oagis-id-0ddb59496b364a9eaedf7031dfb5a88c', 'List Version', 'Identifier', NULL, 112, 0, 0, 97),
  (169, 'oagis-id-a248c2acaf2c4baf89e437e0509018a6', 'List', 'Identifier', NULL, 113, 0, 0, 95),
  (170, 'oagis-id-f22aa61543d942f4aecc9a3f0ce9afa1', 'List Agency', 'Identifier', NULL, 113, 0, 0, 96),
  (171, 'oagis-id-0ddb59496b364a9eaedf7031dfb5a88c', 'List Version', 'Identifier', NULL, 113, 0, 0, 97),
  (172, 'oagis-id-a248c2acaf2c4baf89e437e0509018a6', 'List', 'Identifier', NULL, 114, 0, 0, 95),
  (173, 'oagis-id-f22aa61543d942f4aecc9a3f0ce9afa1', 'List Agency', 'Identifier', NULL, 114, 0, 0, 96),
  (174, 'oagis-id-0ddb59496b364a9eaedf7031dfb5a88c', 'List Version', 'Identifier', NULL, 114, 0, 0, 97),
  (175, 'oagis-id-a248c2acaf2c4baf89e437e0509018a6', 'List', 'Identifier', NULL, 115, 0, 0, 95),
  (176, 'oagis-id-f22aa61543d942f4aecc9a3f0ce9afa1', 'List Agency', 'Identifier', NULL, 115, 0, 0, 96),
  (177, 'oagis-id-0ddb59496b364a9eaedf7031dfb5a88c', 'List Version', 'Identifier', NULL, 115, 0, 0, 97),
  (178, 'oagis-id-a248c2acaf2c4baf89e437e0509018a6', 'List', 'Identifier', NULL, 116, 0, 0, 95),
  (179, 'oagis-id-f22aa61543d942f4aecc9a3f0ce9afa1', 'List Agency', 'Identifier', NULL, 116, 0, 0, 96),
  (180, 'oagis-id-0ddb59496b364a9eaedf7031dfb5a88c', 'List Version', 'Identifier', NULL, 116, 0, 0, 97),
  (181, 'oagis-id-a248c2acaf2c4baf89e437e0509018a6', 'List', 'Identifier', NULL, 117, 0, 0, 95),
  (182, 'oagis-id-f22aa61543d942f4aecc9a3f0ce9afa1', 'List Agency', 'Identifier', NULL, 117, 0, 0, 96),
  (183, 'oagis-id-0ddb59496b364a9eaedf7031dfb5a88c', 'List Version', 'Identifier', NULL, 117, 0, 0, 97),
  (184, 'oagis-id-a248c2acaf2c4baf89e437e0509018a6', 'List', 'Identifier', NULL, 118, 0, 0, 95),
  (185, 'oagis-id-f22aa61543d942f4aecc9a3f0ce9afa1', 'List Agency', 'Identifier', NULL, 118, 0, 0, 96),
  (186, 'oagis-id-0ddb59496b364a9eaedf7031dfb5a88c', 'List Version', 'Identifier', NULL, 118, 0, 0, 97),
  (187, 'oagis-id-a248c2acaf2c4baf89e437e0509018a6', 'List', 'Identifier', NULL, 119, 0, 0, 95),
  (188, 'oagis-id-f22aa61543d942f4aecc9a3f0ce9afa1', 'List Agency', 'Identifier', NULL, 119, 0, 0, 96),
  (189, 'oagis-id-0ddb59496b364a9eaedf7031dfb5a88c', 'List Version', 'Identifier', NULL, 119, 0, 0, 97),
  (190, 'oagis-id-a248c2acaf2c4baf89e437e0509018a6', 'List', 'Identifier', NULL, 120, 0, 0, 95),
  (191, 'oagis-id-f22aa61543d942f4aecc9a3f0ce9afa1', 'List Agency', 'Identifier', NULL, 120, 0, 0, 96),
  (192, 'oagis-id-0ddb59496b364a9eaedf7031dfb5a88c', 'List Version', 'Identifier', NULL, 120, 0, 0, 97),
  (193, 'oagis-id-a248c2acaf2c4baf89e437e0509018a6', 'List', 'Identifier', NULL, 121, 0, 0, 95),
  (194, 'oagis-id-f22aa61543d942f4aecc9a3f0ce9afa1', 'List Agency', 'Identifier', NULL, 121, 0, 0, 96),
  (195, 'oagis-id-0ddb59496b364a9eaedf7031dfb5a88c', 'List Version', 'Identifier', NULL, 121, 0, 0, 97),
  (196, 'oagis-id-a248c2acaf2c4baf89e437e0509018a6', 'List', 'Identifier', NULL, 122, 0, 0, 95),
  (197, 'oagis-id-f22aa61543d942f4aecc9a3f0ce9afa1', 'List Agency', 'Identifier', NULL, 122, 0, 0, 96),
  (198, 'oagis-id-0ddb59496b364a9eaedf7031dfb5a88c', 'List Version', 'Identifier', NULL, 122, 0, 0, 97),
  (199, 'oagis-id-a248c2acaf2c4baf89e437e0509018a6', 'List', 'Identifier', NULL, 123, 0, 0, 95),
  (200, 'oagis-id-f22aa61543d942f4aecc9a3f0ce9afa1', 'List Agency', 'Identifier', NULL, 123, 0, 0, 96),
  (201, 'oagis-id-0ddb59496b364a9eaedf7031dfb5a88c', 'List Version', 'Identifier', NULL, 123, 0, 0, 97),
  (202, 'oagis-id-a248c2acaf2c4baf89e437e0509018a6', 'List', 'Identifier', NULL, 124, 0, 0, 95),
  (203, 'oagis-id-f22aa61543d942f4aecc9a3f0ce9afa1', 'List Agency', 'Identifier', NULL, 124, 0, 0, 96),
  (204, 'oagis-id-0ddb59496b364a9eaedf7031dfb5a88c', 'List Version', 'Identifier', NULL, 124, 0, 0, 97),
  (205, 'oagis-id-a248c2acaf2c4baf89e437e0509018a6', 'List', 'Identifier', NULL, 125, 0, 0, 95),
  (206, 'oagis-id-f22aa61543d942f4aecc9a3f0ce9afa1', 'List Agency', 'Identifier', NULL, 125, 0, 0, 96),
  (207, 'oagis-id-0ddb59496b364a9eaedf7031dfb5a88c', 'List Version', 'Identifier', NULL, 125, 0, 0, 97),
  (208, 'oagis-id-a248c2acaf2c4baf89e437e0509018a6', 'List', 'Identifier', NULL, 126, 0, 0, 95),
  (209, 'oagis-id-f22aa61543d942f4aecc9a3f0ce9afa1', 'List Agency', 'Identifier', NULL, 126, 0, 0, 96),
  (210, 'oagis-id-0ddb59496b364a9eaedf7031dfb5a88c', 'List Version', 'Identifier', NULL, 126, 0, 0, 97),
  (211, 'oagis-id-a248c2acaf2c4baf89e437e0509018a6', 'List', 'Identifier', NULL, 127, 0, 0, 95),
  (212, 'oagis-id-f22aa61543d942f4aecc9a3f0ce9afa1', 'List Agency', 'Identifier', NULL, 127, 0, 0, 96),
  (213, 'oagis-id-0ddb59496b364a9eaedf7031dfb5a88c', 'List Version', 'Identifier', NULL, 127, 0, 0, 97),
  (214, 'oagis-id-a248c2acaf2c4baf89e437e0509018a6', 'List', 'Identifier', NULL, 128, 0, 0, 95),
  (215, 'oagis-id-f22aa61543d942f4aecc9a3f0ce9afa1', 'List Agency', 'Identifier', NULL, 128, 0, 0, 96),
  (216, 'oagis-id-0ddb59496b364a9eaedf7031dfb5a88c', 'List Version', 'Identifier', NULL, 128, 0, 0, 97),
  (217, 'oagis-id-a248c2acaf2c4baf89e437e0509018a6', 'List', 'Identifier', NULL, 129, 0, 0, 95),
  (218, 'oagis-id-f22aa61543d942f4aecc9a3f0ce9afa1', 'List Agency', 'Identifier', NULL, 129, 0, 0, 96),
  (219, 'oagis-id-0ddb59496b364a9eaedf7031dfb5a88c', 'List Version', 'Identifier', NULL, 129, 0, 0, 97),
  (220, 'oagis-id-a248c2acaf2c4baf89e437e0509018a6', 'List', 'Identifier', NULL, 130, 0, 0, 95),
  (221, 'oagis-id-f22aa61543d942f4aecc9a3f0ce9afa1', 'List Agency', 'Identifier', NULL, 130, 0, 0, 96),
  (222, 'oagis-id-0ddb59496b364a9eaedf7031dfb5a88c', 'List Version', 'Identifier', NULL, 130, 0, 0, 97),
  (223, 'oagis-id-a248c2acaf2c4baf89e437e0509018a6', 'List', 'Identifier', NULL, 131, 0, 0, 95),
  (224, 'oagis-id-f22aa61543d942f4aecc9a3f0ce9afa1', 'List Agency', 'Identifier', NULL, 131, 0, 0, 96),
  (225, 'oagis-id-0ddb59496b364a9eaedf7031dfb5a88c', 'List Version', 'Identifier', NULL, 131, 0, 0, 97),
  (226, 'oagis-id-a248c2acaf2c4baf89e437e0509018a6', 'List', 'Identifier', NULL, 132, 0, 0, 95),
  (227, 'oagis-id-f22aa61543d942f4aecc9a3f0ce9afa1', 'List Agency', 'Identifier', NULL, 132, 0, 0, 96),
  (228, 'oagis-id-0ddb59496b364a9eaedf7031dfb5a88c', 'List Version', 'Identifier', NULL, 132, 0, 0, 97),
  (229, 'oagis-id-a248c2acaf2c4baf89e437e0509018a6', 'List', 'Identifier', NULL, 133, 0, 0, 95),
  (230, 'oagis-id-f22aa61543d942f4aecc9a3f0ce9afa1', 'List Agency', 'Identifier', NULL, 133, 0, 0, 96),
  (231, 'oagis-id-0ddb59496b364a9eaedf7031dfb5a88c', 'List Version', 'Identifier', NULL, 133, 0, 0, 97),
  (232, 'oagis-id-a248c2acaf2c4baf89e437e0509018a6', 'List', 'Identifier', NULL, 134, 0, 0, 95),
  (233, 'oagis-id-f22aa61543d942f4aecc9a3f0ce9afa1', 'List Agency', 'Identifier', NULL, 134, 0, 0, 96),
  (234, 'oagis-id-0ddb59496b364a9eaedf7031dfb5a88c', 'List Version', 'Identifier', NULL, 134, 0, 0, 97),
  (235, 'oagis-id-a248c2acaf2c4baf89e437e0509018a6', 'List', 'Identifier', NULL, 135, 0, 0, 95),
  (236, 'oagis-id-f22aa61543d942f4aecc9a3f0ce9afa1', 'List Agency', 'Identifier', NULL, 135, 0, 0, 96),
  (237, 'oagis-id-0ddb59496b364a9eaedf7031dfb5a88c', 'List Version', 'Identifier', NULL, 135, 0, 0, 97),
  (238, 'oagis-id-a248c2acaf2c4baf89e437e0509018a6', 'List', 'Identifier', NULL, 136, 0, 0, 95),
  (239, 'oagis-id-f22aa61543d942f4aecc9a3f0ce9afa1', 'List Agency', 'Identifier', NULL, 136, 0, 0, 96),
  (240, 'oagis-id-0ddb59496b364a9eaedf7031dfb5a88c', 'List Version', 'Identifier', NULL, 136, 0, 0, 97),
  (241, 'oagis-id-a248c2acaf2c4baf89e437e0509018a6', 'List', 'Identifier', NULL, 137, 0, 0, 95),
  (242, 'oagis-id-f22aa61543d942f4aecc9a3f0ce9afa1', 'List Agency', 'Identifier', NULL, 137, 0, 0, 96),
  (243, 'oagis-id-0ddb59496b364a9eaedf7031dfb5a88c', 'List Version', 'Identifier', NULL, 137, 0, 0, 97),
  (244, 'oagis-id-a248c2acaf2c4baf89e437e0509018a6', 'List', 'Identifier', NULL, 138, 0, 0, 95),
  (245, 'oagis-id-f22aa61543d942f4aecc9a3f0ce9afa1', 'List Agency', 'Identifier', NULL, 138, 0, 0, 96),
  (246, 'oagis-id-0ddb59496b364a9eaedf7031dfb5a88c', 'List Version', 'Identifier', NULL, 138, 0, 0, 97),
  (247, 'oagis-id-a248c2acaf2c4baf89e437e0509018a6', 'List', 'Identifier', NULL, 139, 0, 0, 95),
  (248, 'oagis-id-f22aa61543d942f4aecc9a3f0ce9afa1', 'List Agency', 'Identifier', NULL, 139, 0, 0, 96),
  (249, 'oagis-id-0ddb59496b364a9eaedf7031dfb5a88c', 'List Version', 'Identifier', NULL, 139, 0, 0, 97),
  (250, 'oagis-id-a248c2acaf2c4baf89e437e0509018a6', 'List', 'Identifier', NULL, 140, 0, 0, 95),
  (251, 'oagis-id-f22aa61543d942f4aecc9a3f0ce9afa1', 'List Agency', 'Identifier', NULL, 140, 0, 0, 96),
  (252, 'oagis-id-0ddb59496b364a9eaedf7031dfb5a88c', 'List Version', 'Identifier', NULL, 140, 0, 0, 97),
  (253, 'oagis-id-a248c2acaf2c4baf89e437e0509018a6', 'List', 'Identifier', NULL, 141, 0, 0, 95),
  (254, 'oagis-id-f22aa61543d942f4aecc9a3f0ce9afa1', 'List Agency', 'Identifier', NULL, 141, 0, 0, 96),
  (255, 'oagis-id-0ddb59496b364a9eaedf7031dfb5a88c', 'List Version', 'Identifier', NULL, 141, 0, 0, 97),
  (256, 'oagis-id-a248c2acaf2c4baf89e437e0509018a6', 'List', 'Identifier', NULL, 142, 0, 0, 95),
  (257, 'oagis-id-f22aa61543d942f4aecc9a3f0ce9afa1', 'List Agency', 'Identifier', NULL, 142, 0, 0, 96),
  (258, 'oagis-id-0ddb59496b364a9eaedf7031dfb5a88c', 'List Version', 'Identifier', NULL, 142, 0, 0, 97),
  (259, 'oagis-id-a248c2acaf2c4baf89e437e0509018a6', 'List', 'Identifier', NULL, 143, 0, 0, 95),
  (260, 'oagis-id-f22aa61543d942f4aecc9a3f0ce9afa1', 'List Agency', 'Identifier', NULL, 143, 0, 0, 96),
  (261, 'oagis-id-0ddb59496b364a9eaedf7031dfb5a88c', 'List Version', 'Identifier', NULL, 143, 0, 0, 97),
  (262, 'oagis-id-a248c2acaf2c4baf89e437e0509018a6', 'List', 'Identifier', NULL, 144, 0, 0, 95),
  (263, 'oagis-id-f22aa61543d942f4aecc9a3f0ce9afa1', 'List Agency', 'Identifier', NULL, 144, 0, 0, 96),
  (264, 'oagis-id-0ddb59496b364a9eaedf7031dfb5a88c', 'List Version', 'Identifier', NULL, 144, 0, 0, 97),
  (265, 'oagis-id-a248c2acaf2c4baf89e437e0509018a6', 'List', 'Identifier', NULL, 145, 0, 0, 95),
  (266, 'oagis-id-f22aa61543d942f4aecc9a3f0ce9afa1', 'List Agency', 'Identifier', NULL, 145, 0, 0, 96),
  (267, 'oagis-id-0ddb59496b364a9eaedf7031dfb5a88c', 'List Version', 'Identifier', NULL, 145, 0, 0, 97),
  (268, 'oagis-id-a248c2acaf2c4baf89e437e0509018a6', 'List', 'Identifier', NULL, 146, 0, 0, 95),
  (269, 'oagis-id-f22aa61543d942f4aecc9a3f0ce9afa1', 'List Agency', 'Identifier', NULL, 146, 0, 0, 96),
  (270, 'oagis-id-0ddb59496b364a9eaedf7031dfb5a88c', 'List Version', 'Identifier', NULL, 146, 0, 0, 97),
  (271, 'oagis-id-a248c2acaf2c4baf89e437e0509018a6', 'List', 'Identifier', NULL, 147, 0, 0, 95),
  (272, 'oagis-id-f22aa61543d942f4aecc9a3f0ce9afa1', 'List Agency', 'Identifier', NULL, 147, 0, 0, 96),
  (273, 'oagis-id-0ddb59496b364a9eaedf7031dfb5a88c', 'List Version', 'Identifier', NULL, 147, 0, 0, 97),
  (274, 'oagis-id-a248c2acaf2c4baf89e437e0509018a6', 'List', 'Identifier', NULL, 148, 0, 0, 95),
  (275, 'oagis-id-f22aa61543d942f4aecc9a3f0ce9afa1', 'List Agency', 'Identifier', NULL, 148, 0, 0, 96),
  (276, 'oagis-id-0ddb59496b364a9eaedf7031dfb5a88c', 'List Version', 'Identifier', NULL, 148, 0, 0, 97),
  (277, 'oagis-id-a248c2acaf2c4baf89e437e0509018a6', 'List', 'Identifier', NULL, 149, 0, 0, 95),
  (278, 'oagis-id-f22aa61543d942f4aecc9a3f0ce9afa1', 'List Agency', 'Identifier', NULL, 149, 0, 0, 96),
  (279, 'oagis-id-0ddb59496b364a9eaedf7031dfb5a88c', 'List Version', 'Identifier', NULL, 149, 0, 0, 97),
  (280, 'oagis-id-a248c2acaf2c4baf89e437e0509018a6', 'List', 'Identifier', NULL, 150, 0, 0, 95),
  (281, 'oagis-id-f22aa61543d942f4aecc9a3f0ce9afa1', 'List Agency', 'Identifier', NULL, 150, 0, 0, 96),
  (282, 'oagis-id-0ddb59496b364a9eaedf7031dfb5a88c', 'List Version', 'Identifier', NULL, 150, 0, 0, 97),
  (283, 'oagis-id-a248c2acaf2c4baf89e437e0509018a6', 'List', 'Identifier', NULL, 151, 0, 0, 95),
  (284, 'oagis-id-f22aa61543d942f4aecc9a3f0ce9afa1', 'List Agency', 'Identifier', NULL, 151, 0, 0, 96),
  (285, 'oagis-id-0ddb59496b364a9eaedf7031dfb5a88c', 'List Version', 'Identifier', NULL, 151, 0, 0, 97),
  (286, 'oagis-id-a248c2acaf2c4baf89e437e0509018a6', 'List', 'Identifier', NULL, 152, 0, 0, 95),
  (287, 'oagis-id-f22aa61543d942f4aecc9a3f0ce9afa1', 'List Agency', 'Identifier', NULL, 152, 0, 0, 96),
  (288, 'oagis-id-0ddb59496b364a9eaedf7031dfb5a88c', 'List Version', 'Identifier', NULL, 152, 0, 0, 97),
  (289, 'oagis-id-32ea162efd7a4c99881a2dc40b284280', 'Scheme', 'Identifier', NULL, 153, 0, 0, 98),
  (290, 'oagis-id-fd2afa6775f745618c3ea98db5664e41', 'Scheme Version', 'Identifier', NULL, 153, 0, 0, 99),
  (291, 'oagis-id-b4e89fda9c674c70a1195504b7e350e7', 'Scheme Agency', 'Identifier', NULL, 153, 0, 0, 100),
  (292, 'oagis-id-ac5285b6c5c04c6fae9ca19a4846ab9f', 'Currency', 'Code', NULL, 154, 0, 1, 69),
  (293, 'oagis-id-63d46f46e4fa46ec8cc269212d7cfa77', 'Type', 'Code', NULL, 154, 0, 1, NULL),
  (294, 'oagis-id-081b84f2b73d42e8af1bcd2a2ca220a2', 'MIME', 'Code', NULL, 155, 0, 1, 70),
  (295, 'oagis-id-6f714b69e2ff49cda809d3e630bdb3f9', 'Character Set', 'Code', NULL, 155, 0, 1, 71),
  (296, 'oagis-id-8c39207af7c54dc5a280ca41ab1efa5d', 'Filename', 'Name', NULL, 155, 0, 1, 72),
  (297, 'oagis-id-b724266afe58480f80c9c58287cd672e', 'List', 'Identifier', 'The identification of a list of codes', 156, 0, 1, 82),
  (298, 'oagis-id-9135ae93211a4470b4964eb19fd7dd11', 'List Agency', 'Identifier', 'The identification of a list of codes', 156, 0, 1, 83),
  (299, 'oagis-id-a6db1960b3d1470783d2deb750f122c7', 'List Version', 'Identifier', 'The identification of a list of codes', 156, 0, 1, 84),
  (300, 'oagis-id-825d7acc551a4c49825ac74c0796032e', 'List', 'Identifier', NULL, 157, 0, 1, 82),
  (301, 'oagis-id-5d64ee9fca6d4fe6adaf652846cbaa76', 'List Agency', 'Identifier', NULL, 157, 0, 1, 83),
  (302, 'oagis-id-af7f8aef6627490a8c7eb6642626947e', 'List Version', 'Identifier', NULL, 157, 0, 1, 84),
  (303, 'oagis-id-563f7c1348ca48328faf286aaa19473b', 'Type', 'Code', NULL, 157, 0, 1, NULL),
  (304, 'oagis-id-99e35ec4191f4f068a5de55f636beacd', 'List', 'Identifier', 'The identification of a list of codes', 158, 0, 1, 82),
  (305, 'oagis-id-f7cabe17f72f4cac95024974b4124046', 'List Agency', 'Identifier', 'The identification of a list of codes', 158, 0, 1, 83),
  (306, 'oagis-id-d1b6cdd8c2dc48f5996c95b9b7387434', 'List Version', 'Identifier', 'The identification of a list of codes', 158, 0, 1, 84),
  (307, 'oagis-id-27d5ae9716904a6694e84200ee63d593', 'List', 'Identifier', 'The identification of a list of codes', 159, 0, 1, 82),
  (308, 'oagis-id-7a9c86259ac54c7686628c4d9ddf76fb', 'List Agency', 'Identifier', 'The identification of a list of codes', 159, 0, 1, 83),
  (309, 'oagis-id-6a2a50be7142492f98ea30c541538eb0', 'List Version', 'Identifier', 'The identification of a list of codes', 159, 0, 1, 84),
  (310, 'oagis-id-d68e1a8121944c03a721773885265c71', 'Type', 'Code', 'The identification of a list of codes', 159, 0, 1, NULL),
  (311, 'oagis-id-bfa30d4b139849a190951d1dc77fbd28', 'List', 'Identifier', 'The identification of a list of codes', 160, 0, 1, 82),
  (312, 'oagis-id-31f5dc214d5045c0acb2a34701bf3403', 'List Agency', 'Identifier', 'The identification of a list of codes', 160, 0, 1, 83),
  (313, 'oagis-id-e05522b3a3e54e54b36b11ed64f491aa', 'List Version', 'Identifier', 'The identification of a list of codes', 160, 0, 1, 84),
  (314, 'oagis-id-76087f82da27494c98586b51dbc0f847', 'List', 'Identifier', 'The identification of a list of codes', 161, 0, 1, 82),
  (315, 'oagis-id-11e2ef27228b423f8692c97293217575', 'List Agency', 'Identifier', 'The identification of a list of codes', 161, 0, 1, 83),
  (316, 'oagis-id-6640631a9a604a819b905c33cafcdc84', 'List Version', 'Identifier', 'The identification of a list of codes', 161, 0, 1, 84),
  (317, 'oagis-id-5150467da5004c4fac4dd1dae5f3559d', 'List', 'Identifier', 'The identification of a list of codes', 162, 0, 1, 82),
  (318, 'oagis-id-e218062ce1b94d5aa719352380a7d83b', 'List Agency', 'Identifier', 'The identification of a list of codes', 162, 0, 1, 83),
  (319, 'oagis-id-62e2f345ec4340a2b348798e90e234e8', 'List Version', 'Identifier', 'The identification of a list of codes', 162, 0, 1, 84),
  (320, 'oagis-id-ae6668f9a1194a12bbc6fb9bcfdc90f7', 'List', 'Identifier', 'The identification of a list of codes', 163, 0, 1, 82),
  (321, 'oagis-id-8a94f5337a4945f9a0f4f39250a6cde5', 'List Agency', 'Identifier', 'The identification of a list of codes', 163, 0, 1, 83),
  (322, 'oagis-id-ffd0139554494360a14d2d6093b12a32', 'List Version', 'Identifier', 'The identification of a list of codes', 163, 0, 1, 84),
  (323, 'oagis-id-fe7175233094436586902d1790c8f601', 'List', 'Identifier', 'The identification of a list of codes', 164, 0, 1, 82),
  (324, 'oagis-id-2946363d2db24161b51780176ae21fd2', 'List Agency', 'Identifier', 'The identification of a list of codes', 164, 0, 1, 83),
  (325, 'oagis-id-b743f9f23cb84470a8a1b6e2de5eea49', 'List Version', 'Identifier', 'The identification of a list of codes', 164, 0, 1, 84),
  (326, 'oagis-id-ffa646bcc39842c890057effa6c5975d', 'List', 'Identifier', 'The identification of a list of codes', 165, 0, 1, 82),
  (327, 'oagis-id-3035a088949c4186804fd55e1796be08', 'List Agency', 'Identifier', 'The identification of a list of codes', 165, 0, 1, 83),
  (328, 'oagis-id-12df0e4ddc4a4e489205c07aed956484', 'List Version', 'Identifier', 'The identification of a list of codes', 165, 0, 1, 84),
  (329, 'oagis-id-ad71fcecdb934fda86cad46c436d2e2f', 'List', 'Identifier', 'The identification of a list of codes', 166, 0, 1, 82),
  (330, 'oagis-id-cb9166872ba54f05a50bc2a3fbb42165', 'List Agency', 'Identifier', 'The identification of a list of codes', 166, 0, 1, 83),
  (331, 'oagis-id-ed584a4b4c7e4328859b8688d91f78be', 'List Version', 'Identifier', 'The identification of a list of codes', 166, 0, 1, 84),
  (332, 'oagis-id-286aa0554594455382547fd9e7d0572d', 'List', 'Identifier', 'The identification of a list of codes', 169, 0, 1, 82),
  (333, 'oagis-id-f9f1566704274d309481299474d84574', 'List Agency', 'Identifier', 'The identification of a list of codes', 169, 0, 1, 83),
  (334, 'oagis-id-f94898b8c49b4d62889fa99217d88413', 'List Version', 'Identifier', 'The identification of a list of codes', 169, 0, 1, 84),
  (335, 'oagis-id-1dae1402e2ac498ea41e20afb69f8002', 'List', 'Identifier', 'The identification of a list of codes', 170, 0, 1, 82),
  (336, 'oagis-id-dfeaf700ece44979b022e6ddbfe6fcdf', 'List Agency', 'Identifier', 'The identification of a list of codes', 170, 0, 1, 83),
  (337, 'oagis-id-2d288e5dac3140f19ca5d4d9cea77684', 'List Version', 'Identifier', 'The identification of a list of codes', 170, 0, 1, 84),
  (338, 'oagis-id-8a0f01a897c34ed2929801c6b4632558', 'List', 'Identifier', 'The identification of a list of codes', 171, 0, 1, 82),
  (339, 'oagis-id-e6048f5e8c0f4f1eb7cd0183ca19bd0c', 'List Agency', 'Identifier', 'The identification of a list of codes', 171, 0, 1, 83),
  (340, 'oagis-id-664c5e29b37b401da802648e03f558cb', 'List Version', 'Identifier', 'The identification of a list of codes', 171, 0, 1, 84),
  (341, 'oagis-id-f4e2135be85b4c5ea195ae367d3973be', 'List', 'Identifier', 'The identification of a list of codes', 172, 0, 1, 82),
  (342, 'oagis-id-4bfbb27a12e148a5af5d93a7371a0e8e', 'List Agency', 'Identifier', 'The identification of a list of codes', 172, 0, 1, 83),
  (343, 'oagis-id-aa7e6f7aad054bdca87fd71326d3b740', 'List Version', 'Identifier', 'The identification of a list of codes', 172, 0, 1, 84),
  (344, 'oagis-id-d6eddc4772dd489f8723449474e56a4c', 'List', 'Identifier', 'The identification of a list of codes', 173, 0, 1, 82),
  (345, 'oagis-id-1b17f61877d6474ea6e73ab07f584b16', 'List Agency', 'Identifier', 'The identification of a list of codes', 173, 0, 1, 83),
  (346, 'oagis-id-76d7253c61b34cc2ad43ead3b3f1922f', 'List Version', 'Identifier', 'The identification of a list of codes', 173, 0, 1, 84),
  (347, 'oagis-id-391f8699cfce4a69b4dd276a83fb0a47', 'List', 'Identifier', 'The identification of a list of codes', 174, 0, 1, 82),
  (348, 'oagis-id-054beac32aed46c784752eeb81d10200', 'List Agency', 'Identifier', 'The identification of a list of codes', 174, 0, 1, 83),
  (349, 'oagis-id-ead36c5f905a4ab09f5ec34a5b0c02a7', 'List Version', 'Identifier', 'The identification of a list of codes', 174, 0, 1, 84),
  (350, 'oagis-id-2e5a6564746c4acfbd768bafe0794997', 'List', 'Identifier', 'The identification of a list of codes', 175, 0, 1, 82),
  (351, 'oagis-id-1e5446c5e3d54f819ae59866ab836013', 'List Agency', 'Identifier', 'The identification of a list of codes', 175, 0, 1, 83),
  (352, 'oagis-id-bc4443a7513b4a5e9768f085d91b0b08', 'List Version', 'Identifier', 'The identification of a list of codes', 175, 0, 1, 84),
  (353, 'oagis-id-2a0d8eac934f40eeaaaf904b9b52d1de', 'List', 'Identifier', 'The identification of a list of codes', 176, 0, 1, 82),
  (354, 'oagis-id-3c3ce6fab37f4fdca102cb2180b944b0', 'List Agency', 'Identifier', 'The identification of a list of codes', 176, 0, 1, 83),
  (355, 'oagis-id-3853abb5c9244483aab2cbc03fbaaaf8', 'List Version', 'Identifier', 'The identification of a list of codes', 176, 0, 1, 84),
  (356, 'oagis-id-c95531ac8f4d422ab7ddc8a5dfc3fbcb', 'List', 'Identifier', 'The identification of a list of codes', 177, 0, 1, 82),
  (357, 'oagis-id-498e3b310a304e3d9b512d72f4ec7808', 'List Agency', 'Identifier', 'The identification of a list of codes', 177, 0, 1, 83),
  (358, 'oagis-id-7bf801b6b6414c5985584638c9ab984c', 'List Version', 'Identifier', 'The identification of a list of codes', 177, 0, 1, 84),
  (359, 'oagis-id-13bb99499c0c4699b97cb12bedb4ca84', 'List', 'Identifier', 'The identification of a list of codes', 178, 0, 1, 82),
  (360, 'oagis-id-492977f9faf54cc8880ccb51a7e8671c', 'List Agency', 'Identifier', 'The identification of a list of codes', 178, 0, 1, 83),
  (361, 'oagis-id-ec04e819931c43d5b0babb7d3cb63055', 'List Version', 'Identifier', 'The identification of a list of codes', 178, 0, 1, 84),
  (362, 'oagis-id-52b52cb89b2d493eae526a0eb8a2fbce', 'List', 'Identifier', 'The identification of a list of codes', 179, 0, 1, 82),
  (363, 'oagis-id-bda6a6cb91114b1eac169ad1151c9613', 'List Agency', 'Identifier', 'The identification of a list of codes', 179, 0, 1, 83),
  (364, 'oagis-id-c4393a9d805140e6a2c019fd43cc13fb', 'List Version', 'Identifier', 'The identification of a list of codes', 179, 0, 1, 84),
  (365, 'oagis-id-9034f3521cc84e0e93b4b10e54aa46a3', 'Format', 'Code', NULL, 180, 0, 1, NULL),
  (366, 'oagis-id-825d7acc551a4c49825ac74c0796032e', 'List', 'Identifier', NULL, 181, 0, 1, 82),
  (367, 'oagis-id-5d64ee9fca6d4fe6adaf652846cbaa76', 'List Agency', 'Identifier', NULL, 181, 0, 1, 83),
  (368, 'oagis-id-af7f8aef6627490a8c7eb6642626947e', 'List Version', 'Identifier', NULL, 181, 0, 1, 84),
  (369, 'oagis-id-aac395f92b5b44e389a6ba3a2f189dcd', 'Country', 'Code', NULL, 181, 0, 1, NULL),
  (370, 'oagis-id-f851a6c9509548bf82a0a0ca5683249d', 'List', 'Identifier', 'The identification of a list of codes', 182, 0, 1, 82),
  (371, 'oagis-id-e758cce7a51d44f887ed75cb07f8a8c6', 'List Agency', 'Identifier', 'The identification of a list of codes', 182, 0, 1, 83),
  (372, 'oagis-id-328f0ddd012249618611ef731906e78c', 'List Version', 'Identifier', 'The identification of a list of codes', 182, 0, 1, 84),
  (373, 'oagis-id-3d8eec0a38b94bc69d9d40d9d224d647', 'List', 'Identifier', 'The identification of a list of codes', 183, 0, 1, 82),
  (374, 'oagis-id-ac4eed3fe8c24f469cfc1f47ca8f680f', 'List Agency', 'Identifier', 'The identification of a list of codes', 183, 0, 1, 83),
  (375, 'oagis-id-2d34df84eb69473592137596e3f611d4', 'List Version', 'Identifier', 'The identification of a list of codes', 183, 0, 1, 84),
  (376, 'oagis-id-571b366b135144b28c35f96337c715bb', 'List', 'Identifier', 'The identification of a list of codes', 184, 0, 1, 82),
  (377, 'oagis-id-c1ac8d32c67644dc8c924bc88efe32ff', 'List Agency', 'Identifier', 'The identification of a list of codes', 184, 0, 1, 83),
  (378, 'oagis-id-2fea6aa2bcd348ed9605454c4eb5e1df', 'List Version', 'Identifier', 'The identification of a list of codes', 184, 0, 1, 84),
  (379, 'oagis-id-825d7acc551a4c49825ac74c0796032e', 'List', 'Identifier', NULL, 185, 0, 1, 82),
  (380, 'oagis-id-5d64ee9fca6d4fe6adaf652846cbaa76', 'List Agency', 'Identifier', NULL, 185, 0, 1, 83),
  (381, 'oagis-id-af7f8aef6627490a8c7eb6642626947e', 'List Version', 'Identifier', NULL, 185, 0, 1, 84),
  (382, 'oagis-id-94aacd3290e54e55b32814303fde07e3', 'List', 'Identifier', 'The identification of a list of codes', 186, 0, 1, 82),
  (383, 'oagis-id-bc09af5c870441679eb7f0c684ce49ca', 'List Agency', 'Identifier', 'The identification of a list of codes', 186, 0, 1, 83),
  (384, 'oagis-id-0bc83cc6e1c04a08bbed6308a1b8d732', 'List Version', 'Identifier', 'The identification of a list of codes', 186, 0, 1, 84),
  (385, 'oagis-id-389a57988e504798a5869a92c6728273', 'List', 'Identifier', 'The identification of a list of codes', 187, 0, 1, 82),
  (386, 'oagis-id-d6ebc8c3016d4dc2b16658224ac088cf', 'List Agency', 'Identifier', 'The identification of a list of codes', 187, 0, 1, 83),
  (387, 'oagis-id-2101e15920d842659f0696e8612eefbc', 'List Version', 'Identifier', 'The identification of a list of codes', 187, 0, 1, 84),
  (388, 'oagis-id-389a57988e504798a5869a92c6728354', 'List', 'Identifier', 'The identification of a list of codes', 188, 0, 1, 82),
  (389, 'oagis-id-d6ebc8c3016d4dc2b16658224ac08495', 'List Agency', 'Identifier', 'The identification of a list of codes', 188, 0, 1, 83),
  (390, 'oagis-id-2101e15920d842659f0696e8612ee861', 'List Version', 'Identifier', 'The identification of a list of codes', 188, 0, 1, 84),
  (391, 'oagis-id-64b1ef4ceab44c06a3816c19a28b5fec', 'Type', 'Code', NULL, 189, 0, 1, NULL),
  (392, 'oagis-id-b1ee3d8abc3d473da2927480a4ff24a6', 'Time Zone', 'Code', NULL, 190, 0, 0, 85),
  (393, 'oagis-id-713ae2b260c44aa5b4987e24fda0e170', 'Daylight Saving', 'Indicator', NULL, 190, 0, 0, 86),
  (394, 'oagis-id-543b69ea686e44f4a470a332e18b1d91', 'Type', 'Code', NULL, 190, 0, 1, NULL),
  (395, 'oagis-id-fe67f89596b34ea387d6d97167e31778', 'Type', 'Code', NULL, 191, 0, 1, NULL),
  (396, 'oagis-id-96a0c4ca29ca42e298ced3e209cdfa1d', 'List', 'Identifier', 'The identification of a list of codes', 192, 0, 1, 82),
  (397, 'oagis-id-d578cb3477e945c59fa2d024855f8436', 'List Agency', 'Identifier', 'The identification of a list of codes', 192, 0, 1, 83),
  (398, 'oagis-id-2ae14052b29c4b889b833dd52263e8f2', 'List Version', 'Identifier', 'The identification of a list of codes', 192, 0, 1, 84),
  (399, 'oagis-id-00f38132d34d47adb4b301150b3f62d9', 'Scheme', 'Identifier', NULL, 193, 0, 0, 87),
  (400, 'oagis-id-d2379e7b27bd455799e58a2608637f71', 'Scheme Version', 'Identifier', NULL, 193, 0, 0, 88),
  (401, 'oagis-id-2d5160cf47ac419b8f6a44d71a3eb65e', 'Scheme Agency', 'Identifier', NULL, 193, 0, 0, 89),
  (402, 'oagis-id-c66d3280c8f5457096df33b593dcbddf', 'Type', 'Code', NULL, 193, 0, 1, NULL),
  (403, 'oagis-id-00f38132d34d47adb4b301150b3f62d9', 'Scheme', 'Identifier', NULL, 194, 0, 0, 87),
  (404, 'oagis-id-d2379e7b27bd455799e58a2608637f71', 'Scheme Version', 'Identifier', NULL, 194, 0, 0, 88),
  (405, 'oagis-id-2d5160cf47ac419b8f6a44d71a3eb65e', 'Scheme Agency', 'Identifier', NULL, 194, 0, 0, 89),
  (406, 'oagis-id-93d92483194641a3ac48a997ec4dbe5d', 'Sequence  Number', 'Number', 'When an object occurs multiple times, this sequence number can be used to provide the order.', 194, 0, 1, NULL),
  (407, 'oagis-id-48dc2d60ac4d4235bf9a1f6706a81e3b', 'Type', 'Code', NULL, 195, 0, 1, NULL),
  (408, 'oagis-id-db502068711649c385a0bd1f41d3a63d', 'Name', 'Name', NULL, 196, 1, 1, NULL),
  (409, 'oagis-id-4c77d36172744841a4925247a667824e', 'Unit', 'Code', NULL, 197, 0, 1, 90),
  (410, 'oagis-id-98d2757026ec48daacb73f7589300fa3', 'Type', 'Code', NULL, 197, 0, 1, NULL),
  (411, 'oagis-id-b00b3ba702944e048bf72e3edfc85c9b', 'Type', 'Code', NULL, 198, 0, 1, NULL),
  (412, 'oagis-id-a74c0e064637422c9ceb7f7ce82c6672', 'Unit', 'Code', NULL, 199, 0, 1, 93),
  (413, 'oagis-id-3afffa0da54c450f84aadbd33c0beac0', 'Type', 'Code', NULL, 199, 0, 1, NULL),
  (414, 'oagis-id-4c77d36172744841a4925247a667824e', 'Unit', 'Code', NULL, 200, 0, 1, 90),
  (415, 'oagis-id-c2e28c0591b84873bf64e42978751d25', 'Language', 'Code', NULL, 201, 0, 1, 94),
  (416, 'oagis-id-2780e69800934662a4782be31c2bacf6', 'Type', 'Code', NULL, 201, 0, 1, NULL),
  (417, 'oagis-id-c2e28c0591b84873bf64e42978751d25', 'Language', 'Code', NULL, 202, 0, 1, 94),
  (418, 'oagis-id-7c3c291f53984e90bed1749ac95a7f28', 'Type', 'Code', NULL, 202, 0, 1, NULL),
  (419, 'oagis-id-9034f3521cc84e0e93b4b10e54bb46a3', 'Format', 'Code', NULL, 203, 0, 1, NULL),
  (420, 'oagis-id-c736ced2c5d24d85a2fb47f608a85a95', 'Type', 'Code', NULL, 203, 0, 1, NULL),
  (421, 'oagis-id-84fa20db74b942449e1885cff79b24df', 'Sequence Number', 'Number', NULL, 204, 0, 1, 91),
  (422, 'oagis-id-b25020f1a79244f5b3b518e5dad785c1', 'Language', 'Code', NULL, 204, 0, 1, 92),
  (423, 'oagis-id-82d03758dfd844bea1676759edf0d653', 'Type', 'Code', NULL, 204, 0, 1, NULL),
  (424, 'oagis-id-81c76ad6b7914fbf980e0149c0b0cbb7', 'Type', 'Code', NULL, 205, 0, 1, NULL),
  (425, 'oagis-id-c2e28c0591b84873bf64e42978751d25', 'Language', 'Code', NULL, 206, 0, 1, 94),
  (426, 'oagis-id-7c3c291f53984e90bed1749bc10a7f28', 'Type', 'Code', NULL, 206, 0, 1, NULL),
  (427, 'oagis-id-08c23257569347caa798f07620e38923', 'Author', 'Text', NULL, 206, 0, 1, NULL),
  (428, 'oagis-id-8b0a10d59d3647d89e0819516c1aeaca', 'Entry  Date  Time', 'Date Time', NULL, 206, 0, 1, NULL),
  (429, 'oagis-id-893aac10c6724803ad4e1496ce5d0027', 'Status', 'Text', NULL, 206, 0, 1, NULL),
  (430, 'oagis-id-10ccefecd8e84b62bd9d7862c0689e81', 'Language', 'Code', NULL, 207, 0, 0, 103),
  (431, 'oagis-id-8b03854b876742dc9c1d1bedddf2755d', 'Name', 'Name', 'Is the name of the tag for the information being passed.', 207, 1, 1, NULL),
  (432, 'oagis-id-086abcbc69a34794ad2520eb28080afc', 'Type', 'Code', 'Is the name of the tag for the information being passed.', 207, 0, 1, NULL),
  (433, 'oagis-id-ed2af44734be48f6be9936110eae4641', 'Unit', 'Code', 'Is the name of the tag for the information being passed.', 207, 0, 1, NULL),
  (434, 'oagis-id-d455ed06eb7a40d1ae1d3408cd3ea1c3', 'Unit Code List Version', 'Identifier', 'Is the name of the tag for the information being passed.', 207, 0, 1, NULL),
  (435, 'oagis-id-84fa20db74b942449e1885cff79b24df', 'Sequence Number', 'Number', NULL, 208, 0, 1, 91),
  (436, 'oagis-id-b25020f1a79244f5b3b518e5dad785c1', 'Language', 'Code', NULL, 208, 0, 1, 92),
  (437, 'oagis-id-9bb9add40b5b415c8489b08bd4484907', 'Preferred', 'Indicator', NULL, 208, 0, 1, NULL),
  (438, 'oagis-id-825d7acc551a4c49825ac74c0796032e', 'List', 'Identifier', NULL, 209, 0, 1, 82),
  (439, 'oagis-id-5d64ee9fca6d4fe6adaf652846cbaa76', 'List Agency', 'Identifier', NULL, 209, 0, 1, 83),
  (440, 'oagis-id-af7f8aef6627490a8c7eb6642626947e', 'List Version', 'Identifier', NULL, 209, 0, 1, 84),
  (441, 'oagis-id-081b84f2b73d42e8af1bcd2a2ca220a2', 'MIME', 'Code', NULL, 210, 0, 1, 70),
  (442, 'oagis-id-6f714b69e2ff49cda809d3e630bdb3f9', 'Character Set', 'Code', NULL, 210, 0, 1, 71),
  (443, 'oagis-id-8c39207af7c54dc5a280ca41ab1efa5d', 'Filename', 'Name', NULL, 210, 0, 1, 72),
  (444, 'oagis-id-b4436f4498bd47b188330661b29d596d', 'Type', 'Code', NULL, 210, 0, 1, NULL),
  (445, 'oagis-id-8d7acef53cda44a2874809fc08d2018b', 'Type', 'Code', NULL, 211, 0, 1, NULL),
  (446, 'oagis-id-0c8ef7c4cd374bffb8710c544b4f9de4', 'Code', 'Code', NULL, 212, 0, 1, NULL),
  (447, 'oagis-id-0710e25ea5cb4c118538c9dd002ce2f0', 'Interval', 'Text', NULL, 212, 0, 1, NULL),
  (448, 'oagis-id-6f2da2a259f44984b0a479fe8eb0379e', 'Minimum', 'Text', NULL, 212, 0, 1, NULL),
  (449, 'oagis-id-d53cf4ec2ae44af78ef15bdf266fb6a9', 'Maximum', 'Text', NULL, 212, 0, 1, NULL),
  (450, 'oagis-id-825d7acc551a4c49825ac74c0796032e', 'List', 'Identifier', NULL, 213, 0, 1, 82),
  (451, 'oagis-id-5d64ee9fca6d4fe6adaf652846cbaa76', 'List Agency', 'Identifier', NULL, 213, 0, 1, 83),
  (452, 'oagis-id-af7f8aef6627490a8c7eb6642626947e', 'List Version', 'Identifier', NULL, 213, 0, 1, 84),
  (453, 'oagis-id-f14c6ce3eae34517acb446241a38c629', 'Sequence  Number', 'Number', 'When an object occurs multiple times, this sequence number can be used to provide the order.', 213, 0, 1, NULL),
  (454, 'oagis-id-c13ef1ab9da949329b0b19895179bbd8', 'Number Format', 'Value', NULL, 214, 0, 1, NULL),
  (455, 'oagis-id-81f8b8994157436689db9229650af6c3', 'Access', 'Code', NULL, 214, 0, 1, NULL),
  (456, 'oagis-id-da20be8066e1484da8ed8519b1457ba8', 'Country', 'Code', NULL, 214, 0, 1, NULL),
  (457, 'oagis-id-fda27cba60354fe1b3ec82438aebb73f', 'Area', 'Code', NULL, 214, 0, 1, NULL),
  (458, 'oagis-id-121bc81df6df4642b1390485dc65656e', 'Exchange', 'Value', NULL, 214, 0, 1, NULL),
  (459, 'oagis-id-5a36cbe4e69a4c869e2425f1331c1d76', 'Extension', 'Value', NULL, 214, 0, 1, NULL),
  (460, 'oagis-id-3ed14d16c7334beea947a253ba4c5d31', 'List', 'Identifier', 'The identification of a list of codes', 217, 0, 1, 82),
  (461, 'oagis-id-a770cbdc4d8f42a38e136f91fe566873', 'List Agency', 'Identifier', 'The identification of a list of codes', 217, 0, 1, 83),
  (462, 'oagis-id-fbfa9b1b4b914e009f17c4e486f5eaa6', 'List Version', 'Identifier', 'The identification of a list of codes', 217, 0, 1, 84),
  (463, 'oagis-id-ad83b12bc35f45189bb13fe32fdabb57', 'List', 'Identifier', 'The identification of a list of codes', 218, 0, 1, 82),
  (464, 'oagis-id-fe96e5569935475285bb02ca3977f0e5', 'List Agency', 'Identifier', 'The identification of a list of codes', 218, 0, 1, 83),
  (465, 'oagis-id-24db8872409f48b8b92a2cdf07f00285', 'List Version', 'Identifier', 'The identification of a list of codes', 218, 0, 1, 84),
  (466, 'oagis-id-031ac869ab004b24baf568a18be2cba5', 'List', 'Identifier', 'The identification of a list of codes', 219, 0, 1, 82),
  (467, 'oagis-id-3386e05f8b6f415b94bd10267da0da8a', 'List Agency', 'Identifier', 'The identification of a list of codes', 219, 0, 1, 83),
  (468, 'oagis-id-c3a48632756946eab4151e3d51e6a62e', 'List Version', 'Identifier', 'The identification of a list of codes', 219, 0, 1, 84),
  (469, 'oagis-id-913b18566a754ba9b94a050d399ea149', 'List', 'Identifier', 'The identification of a list of codes', 220, 0, 1, 82),
  (470, 'oagis-id-9ae5cd690e24415b85211f98b5e1bc7b', 'List Agency', 'Identifier', 'The identification of a list of codes', 220, 0, 1, 83),
  (471, 'oagis-id-723f51b5f86b4753940f62ce46864aa5', 'List Version', 'Identifier', 'The identification of a list of codes', 220, 0, 1, 84),
  (472, 'oagis-id-01187c67b1834598b3e63b77634f8b0e', 'List', 'Identifier', 'The identification of a list of codes', 221, 0, 1, 82),
  (473, 'oagis-id-e100b634bdf44e82adfc0551cc68a002', 'List Agency', 'Identifier', 'The identification of a list of codes', 221, 0, 1, 83),
  (474, 'oagis-id-26acfd7fdbff40cb8af1062a513d4ce7', 'List Version', 'Identifier', 'The identification of a list of codes', 221, 0, 1, 84),
  (475, 'oagis-id-fe6422f9632e4e07addb64ad18f26d00', 'List', 'Identifier', 'The identification of a list of codes', 222, 0, 1, 82),
  (476, 'oagis-id-4c374723ecfb44b39a492504eb02e37f', 'List Agency', 'Identifier', 'The identification of a list of codes', 222, 0, 1, 83),
  (477, 'oagis-id-86fcddc6c6dd4389b3024e7f664512b5', 'List Version', 'Identifier', 'The identification of a list of codes', 222, 0, 1, 84),
  (478, 'oagis-id-ef3ed7b7779145d8b49da60c24f5b6a0', 'List', 'Identifier', 'The identification of a list of codes', 223, 0, 1, 82),
  (479, 'oagis-id-04f8787edf8641b4a31cd2574fd9a6cb', 'List Agency', 'Identifier', 'The identification of a list of codes', 223, 0, 1, 83),
  (480, 'oagis-id-a912b4737c6140cbab7820a8929db906', 'List Version', 'Identifier', 'The identification of a list of codes', 223, 0, 1, 84),
  (481, 'oagis-id-e47690b640464528973b475a6764aee2', 'List', 'Identifier', 'The identification of a list of codes', 224, 0, 1, 82),
  (482, 'oagis-id-7916f409d25b40a4ac62927241f3410f', 'List Agency', 'Identifier', 'The identification of a list of codes', 224, 0, 1, 83),
  (483, 'oagis-id-b63575497bf14cac9a6f08158a3b800f', 'List Version', 'Identifier', 'The identification of a list of codes', 224, 0, 1, 84),
  (484, 'oagis-id-3737b52e961944fa9cca686229bfec86', 'List', 'Identifier', 'The identification of a list of codes', 225, 0, 1, 82),
  (485, 'oagis-id-fda2fa4f93c6415686f4be80cd0e7a61', 'List Agency', 'Identifier', 'The identification of a list of codes', 225, 0, 1, 83),
  (486, 'oagis-id-4b132da72c244a9299d2b0de35164226', 'List Version', 'Identifier', 'The identification of a list of codes', 225, 0, 1, 84),
  (487, 'oagis-id-3488a0e0f0404c89869d07f8c03b2b7a', 'List', 'Identifier', 'The identification of a list of codes', 226, 0, 1, 82),
  (488, 'oagis-id-8920d2880d624fbd928edfadba377657', 'List Agency', 'Identifier', 'The identification of a list of codes', 226, 0, 1, 83),
  (489, 'oagis-id-1581f204ba05401f8ccf6e561534d469', 'List Version', 'Identifier', 'The identification of a list of codes', 226, 0, 1, 84),
  (490, 'oagis-id-cfcf704340274e5889bccd30b4423451', 'List', 'Identifier', 'The identification of a list of codes', 227, 0, 1, 82),
  (491, 'oagis-id-3815fcd73c8d4de69c4ecc21e5e9176b', 'List Agency', 'Identifier', 'The identification of a list of codes', 227, 0, 1, 83),
  (492, 'oagis-id-d1a7dd9d23314bc4838a421cd3591ef1', 'List Version', 'Identifier', 'The identification of a list of codes', 227, 0, 1, 84),
  (493, 'oagis-id-1479d9f3c21944beb53cd1605d5b7aec', 'List', 'Identifier', 'The identification of a list of codes', 228, 0, 1, 82),
  (494, 'oagis-id-83846bbbfc7244a79fc015982ce2ee59', 'List Agency', 'Identifier', 'The identification of a list of codes', 228, 0, 1, 83),
  (495, 'oagis-id-b54005a1bf904cd6a2907270a9dcad8c', 'List Version', 'Identifier', 'The identification of a list of codes', 228, 0, 1, 84),
  (496, 'oagis-id-7cebe0943d9e4743809c6b3d0fc7f7c6', 'List', 'Identifier', 'The identification of a list of codes', 229, 0, 1, 82),
  (497, 'oagis-id-3ab2bacf93714d35a4613710318e9f47', 'List Agency', 'Identifier', 'The identification of a list of codes', 229, 0, 1, 83),
  (498, 'oagis-id-faa0f7006f724e1fa3bfe06a585891be', 'List Version', 'Identifier', 'The identification of a list of codes', 229, 0, 1, 84),
  (499, 'oagis-id-6050905d3ecf4308b65514f650eb2309', 'List', 'Identifier', 'The identification of a list of codes', 230, 0, 1, 82),
  (500, 'oagis-id-42e72842204b41bbba4ba402f548c0da', 'List Agency', 'Identifier', 'The identification of a list of codes', 230, 0, 1, 83),
  (501, 'oagis-id-f708d760df624e79b201e51ba5630385', 'List Version', 'Identifier', 'The identification of a list of codes', 230, 0, 1, 84),
  (502, 'oagis-id-825d7acc551a4c49825ac74c0796032e', 'List', 'Identifier', NULL, 231, 0, 1, 82),
  (503, 'oagis-id-5d64ee9fca6d4fe6adaf652846cbaa76', 'List Agency', 'Identifier', NULL, 231, 0, 1, 83),
  (504, 'oagis-id-af7f8aef6627490a8c7eb6642626947e', 'List Version', 'Identifier', NULL, 231, 0, 1, 84),
  (505, 'oagis-id-8bd83370a6de465da589eeda41067ec7', 'List', 'Identifier', 'The identification of a list of codes', 232, 0, 1, 82),
  (506, 'oagis-id-9a3aaf9381c84b569c5562c4b536f857', 'List Agency', 'Identifier', 'The identification of a list of codes', 232, 0, 1, 83),
  (507, 'oagis-id-1ffc2c57129f4cc2b590f9af9f2f6cce', 'List Version', 'Identifier', 'The identification of a list of codes', 232, 0, 1, 84),
  (508, 'oagis-id-825d7acc551a4c49825ac74c0796032e', 'List', 'Identifier', NULL, 233, 0, 1, 82),
  (509, 'oagis-id-5d64ee9fca6d4fe6adaf652846cbaa76', 'List Agency', 'Identifier', NULL, 233, 0, 1, 83),
  (510, 'oagis-id-af7f8aef6627490a8c7eb6642626947e', 'List Version', 'Identifier', NULL, 233, 0, 1, 84),
  (511, 'oagis-id-6b34b38215e14086b6daa9276407a646', 'List', 'Identifier', 'The identification of a list of codes', 234, 0, 1, 82),
  (512, 'oagis-id-0f3abdfb7a464cccb9fd3c04be53db7f', 'List Agency', 'Identifier', 'The identification of a list of codes', 234, 0, 1, 83),
  (513, 'oagis-id-5b32eb0f737743b1a8c11555b3f2ab22', 'List Version', 'Identifier', 'The identification of a list of codes', 234, 0, 1, 84),
  (514, 'oagis-id-2cc8bdf28e9043309536c249f2eea9fc', 'List', 'Identifier', 'The identification of a list of codes', 235, 0, 1, 82),
  (515, 'oagis-id-cc70c786386b4b1e97e03d497c93ffcf', 'List Agency', 'Identifier', 'The identification of a list of codes', 235, 0, 1, 83),
  (516, 'oagis-id-ad77283348584b798fea28b6a1e7993f', 'List Version', 'Identifier', 'The identification of a list of codes', 235, 0, 1, 84),
  (517, 'oagis-id-9cf34eeb9a634fe4a0bc3f7b9714bd90', 'List', 'Identifier', 'The identification of a list of codes', 236, 0, 1, 82),
  (518, 'oagis-id-eaa90523e5284c40b6c61d7fd9aa4f5b', 'List Agency', 'Identifier', 'The identification of a list of codes', 236, 0, 1, 83),
  (519, 'oagis-id-310f0d76a3064a28a47093996604bd67', 'List Version', 'Identifier', 'The identification of a list of codes', 236, 0, 1, 84),
  (520, 'oagis-id-b60b59e3f1b04bb6b3e024f0817bf9cf', 'List', 'Identifier', 'The identification of a list of codes', 237, 0, 1, 82),
  (521, 'oagis-id-4f3fae47c66846c695f1501966b2d343', 'List Agency', 'Identifier', 'The identification of a list of codes', 237, 0, 1, 83),
  (522, 'oagis-id-8df48352f08148cda04dd769e74f517f', 'List Version', 'Identifier', 'The identification of a list of codes', 237, 0, 1, 84),
  (523, 'oagis-id-4ab1e9e4399048d08a46e57eef3ded04', 'List', 'Identifier', 'The identification of a list of codes', 238, 0, 1, 82),
  (524, 'oagis-id-8508fe4900ac4576b029c748d7a2a5da', 'List Agency', 'Identifier', 'The identification of a list of codes', 238, 0, 1, 83),
  (525, 'oagis-id-05b1c539208a4192bef0ab97c5a09225', 'List Version', 'Identifier', 'The identification of a list of codes', 238, 0, 1, 84),
  (526, 'oagis-id-e8c118d412ba440ba34179da2481b40f', 'List', 'Identifier', 'The identification of a list of codes', 239, 0, 1, 82),
  (527, 'oagis-id-e7f78b3e9b5b4ac7a69ddceb09ac5366', 'List Agency', 'Identifier', 'The identification of a list of codes', 239, 0, 1, 83),
  (528, 'oagis-id-57d11f7f3618406ca906d79223a340d9', 'List Version', 'Identifier', 'The identification of a list of codes', 239, 0, 1, 84);

-- 3.1.1.11.3.4	Populate cdt_sc_awd_pri table
INSERT INTO `cdt_sc_awd_pri` (`cdt_sc_awd_pri_id`, `cdt_sc_id`, `cdt_pri_id`, `is_default`)
VALUES
  (118, 293, 7, 0),
  (119, 293, 8, 0),
  (120, 293, 11, 1),
  (121, 303, 7, 0),
  (122, 303, 8, 0),
  (123, 303, 11, 1),
  (124, 310, 7, 0),
  (125, 310, 8, 0),
  (126, 310, 11, 1),
  (127, 365, 7, 0),
  (128, 365, 8, 0),
  (129, 365, 11, 1),
  (130, 369, 7, 0),
  (131, 369, 8, 0),
  (132, 369, 11, 1),
  (133, 391, 7, 0),
  (134, 391, 8, 0),
  (135, 391, 11, 1),
  (136, 394, 7, 0),
  (137, 394, 8, 0),
  (138, 394, 11, 1),
  (139, 395, 7, 0),
  (140, 395, 8, 0),
  (141, 395, 11, 1),
  (142, 402, 7, 0),
  (143, 402, 8, 0),
  (144, 402, 11, 1),
  (145, 406, 3, 1),
  (146, 406, 4, 0),
  (147, 406, 5, 0),
  (148, 406, 6, 0),
  (149, 407, 7, 0),
  (150, 407, 8, 0),
  (151, 407, 11, 1),
  (152, 408, 7, 0),
  (153, 408, 8, 0),
  (154, 408, 11, 1),
  (155, 410, 7, 0),
  (156, 410, 8, 0),
  (157, 410, 11, 1),
  (158, 411, 7, 0),
  (159, 411, 8, 0),
  (160, 411, 11, 1),
  (161, 413, 7, 0),
  (162, 413, 8, 0),
  (163, 413, 11, 1),
  (164, 416, 7, 0),
  (165, 416, 8, 0),
  (166, 416, 11, 1),
  (167, 418, 7, 0),
  (168, 418, 8, 0),
  (169, 418, 11, 1),
  (170, 419, 7, 0),
  (171, 419, 8, 0),
  (172, 419, 11, 1),
  (173, 420, 7, 0),
  (174, 420, 8, 0),
  (175, 420, 11, 1),
  (176, 423, 7, 0),
  (177, 423, 8, 0),
  (178, 423, 11, 1),
  (179, 424, 7, 0),
  (180, 424, 8, 0),
  (181, 424, 11, 1),
  (182, 426, 7, 0),
  (183, 426, 8, 0),
  (184, 426, 11, 1),
  (185, 427, 7, 0),
  (186, 427, 8, 1),
  (187, 427, 11, 0),
  (188, 428, 10, 1),
  (189, 429, 7, 0),
  (190, 429, 8, 1),
  (191, 429, 11, 0),
  (192, 431, 7, 0),
  (193, 431, 8, 0),
  (194, 431, 11, 1),
  (195, 432, 7, 0),
  (196, 432, 8, 0),
  (197, 432, 11, 1),
  (198, 433, 7, 0),
  (199, 433, 8, 0),
  (200, 433, 11, 1),
  (201, 434, 7, 0),
  (202, 434, 8, 0),
  (203, 434, 11, 1),
  (204, 437, 2, 1),
  (205, 444, 7, 0),
  (206, 444, 8, 0),
  (207, 444, 11, 1),
  (208, 445, 7, 0),
  (209, 445, 8, 0),
  (210, 445, 11, 1),
  (211, 446, 7, 0),
  (212, 446, 8, 0),
  (213, 446, 11, 1),
  (214, 447, 7, 0),
  (215, 447, 8, 1),
  (216, 447, 11, 0),
  (217, 448, 7, 0),
  (218, 448, 8, 1),
  (219, 448, 11, 0),
  (220, 449, 7, 0),
  (221, 449, 8, 1),
  (222, 449, 11, 0),
  (223, 453, 3, 1),
  (224, 453, 4, 0),
  (225, 453, 5, 0),
  (226, 453, 6, 0),
  (227, 454, 3, 1),
  (228, 454, 4, 0),
  (229, 454, 5, 0),
  (230, 454, 6, 0),
  (231, 454, 7, 0),
  (232, 454, 8, 0),
  (233, 454, 11, 0),
  (234, 455, 7, 0),
  (235, 455, 8, 0),
  (236, 455, 11, 1),
  (237, 456, 7, 0),
  (238, 456, 8, 0),
  (239, 456, 11, 1),
  (240, 457, 7, 0),
  (241, 457, 8, 0),
  (242, 457, 11, 1),
  (243, 458, 3, 1),
  (244, 458, 4, 0),
  (245, 458, 5, 0),
  (246, 458, 6, 0),
  (247, 458, 7, 0),
  (248, 458, 8, 0),
  (249, 458, 11, 0),
  (250, 459, 3, 1),
  (251, 459, 4, 0),
  (252, 459, 5, 0),
  (253, 459, 6, 0),
  (254, 459, 7, 0),
  (255, 459, 8, 0),
  (256, 459, 11, 0);

-- 3.1.1.11.3.5	Populate cdt_sc_awd_pri_xps_type_map table
INSERT INTO `cdt_sc_awd_pri_xps_type_map` (`cdt_sc_awd_pri_xps_type_map_id`, `cdt_sc_awd_pri`, `xbt_id`)
VALUES
  (124, 118, 13),
  (125, 119, 12),
  (126, 120, 14),
  (127, 121, 13),
  (128, 122, 12),
  (129, 123, 14),
  (130, 124, 13),
  (131, 125, 12),
  (132, 126, 14),
  (133, 127, 13),
  (134, 128, 12),
  (135, 129, 14),
  (136, 130, 13),
  (137, 131, 12),
  (138, 132, 14),
  (139, 133, 13),
  (140, 134, 12),
  (141, 135, 14),
  (142, 136, 13),
  (143, 137, 12),
  (144, 138, 14),
  (145, 139, 13),
  (146, 140, 12),
  (147, 141, 14),
  (148, 142, 13),
  (149, 143, 12),
  (150, 144, 14),
  (151, 145, 19),
  (152, 146, 23),
  (153, 146, 18),
  (154, 147, 18),
  (155, 148, 20),
  (156, 148, 21),
  (157, 148, 22),
  (158, 149, 13),
  (159, 150, 12),
  (160, 151, 14),
  (161, 152, 13),
  (162, 153, 12),
  (163, 154, 14),
  (164, 155, 13),
  (165, 156, 12),
  (166, 157, 14),
  (167, 158, 13),
  (168, 159, 12),
  (169, 160, 14),
  (170, 161, 13),
  (171, 162, 12),
  (172, 163, 14),
  (173, 164, 13),
  (174, 165, 12),
  (175, 166, 14),
  (176, 167, 13),
  (177, 168, 12),
  (178, 169, 14),
  (179, 170, 13),
  (180, 171, 12),
  (181, 172, 14),
  (182, 173, 13),
  (183, 174, 12),
  (184, 175, 14),
  (185, 176, 13),
  (186, 177, 12),
  (187, 178, 14),
  (188, 179, 13),
  (189, 180, 12),
  (190, 181, 14),
  (191, 182, 13),
  (192, 183, 12),
  (193, 184, 14),
  (194, 185, 13),
  (195, 186, 12),
  (196, 187, 14),
  (197, 188, 14),
  (198, 188, 4),
  (199, 188, 6),
  (200, 188, 5),
  (201, 188, 7),
  (202, 188, 8),
  (203, 188, 9),
  (204, 188, 10),
  (205, 188, 11),
  (206, 189, 13),
  (207, 190, 12),
  (208, 191, 14),
  (209, 192, 13),
  (210, 193, 12),
  (211, 194, 14),
  (212, 195, 13),
  (213, 196, 12),
  (214, 197, 14),
  (215, 198, 13),
  (216, 199, 12),
  (217, 200, 14),
  (218, 201, 13),
  (219, 202, 12),
  (220, 203, 14),
  (221, 204, 15),
  (222, 205, 13),
  (223, 206, 12),
  (224, 207, 14),
  (225, 208, 13),
  (226, 209, 12),
  (227, 210, 14),
  (228, 211, 13),
  (229, 212, 12),
  (230, 213, 14),
  (231, 214, 13),
  (232, 215, 12),
  (233, 216, 14),
  (234, 217, 13),
  (235, 218, 12),
  (236, 219, 14),
  (237, 220, 13),
  (238, 221, 12),
  (239, 222, 14),
  (240, 223, 19),
  (241, 224, 23),
  (242, 224, 18),
  (243, 225, 18),
  (244, 226, 20),
  (245, 226, 21),
  (246, 226, 22),
  (247, 227, 19),
  (248, 228, 23),
  (249, 228, 18),
  (250, 229, 18),
  (251, 230, 20),
  (252, 230, 21),
  (253, 230, 22),
  (254, 231, 13),
  (255, 232, 12),
  (256, 233, 14),
  (257, 234, 13),
  (258, 235, 12),
  (259, 236, 14),
  (260, 237, 13),
  (261, 238, 12),
  (262, 239, 14),
  (263, 240, 13),
  (264, 241, 12),
  (265, 242, 14),
  (266, 243, 19),
  (267, 244, 23),
  (268, 244, 18),
  (269, 245, 18),
  (270, 246, 20),
  (271, 246, 21),
  (272, 246, 22),
  (273, 247, 13),
  (274, 248, 12),
  (275, 249, 14),
  (276, 250, 19),
  (277, 251, 23),
  (278, 251, 18),
  (279, 252, 18),
  (280, 253, 20),
  (281, 253, 21),
  (282, 253, 22),
  (283, 254, 13),
  (284, 255, 12),
  (285, 256, 14);

-- 3.1.1.11.3.6	Populate the bdt_sc_pri_restri table
INSERT INTO `bdt_sc_pri_restri` (`bdt_sc_pri_restri_id`, `bdt_sc_id`, `cdt_sc_awd_pri_xps_type_map_id`, `code_list_id`, `is_default`, `agency_id_list_id`)
VALUES
  (213, 115, 13, NULL, 1, NULL),
  (214, 115, 14, NULL, 0, NULL),
  (215, 115, 15, NULL, 0, NULL),
  (216, 116, 16, NULL, 1, NULL),
  (217, 116, 17, NULL, 0, NULL),
  (218, 116, 18, NULL, 0, NULL),
  (219, 117, 19, NULL, 1, NULL),
  (220, 117, 20, NULL, 0, NULL),
  (221, 117, 21, NULL, 0, NULL),
  (222, 118, 13, NULL, 1, NULL),
  (223, 118, 14, NULL, 0, NULL),
  (224, 118, 15, NULL, 0, NULL),
  (225, 119, 16, NULL, 1, NULL),
  (226, 119, 17, NULL, 0, NULL),
  (227, 119, 18, NULL, 0, NULL),
  (228, 120, 19, NULL, 1, NULL),
  (229, 120, 20, NULL, 0, NULL),
  (230, 120, 21, NULL, 0, NULL),
  (231, 121, 13, NULL, 1, NULL),
  (232, 121, 14, NULL, 0, NULL),
  (233, 121, 15, NULL, 0, NULL),
  (234, 122, 16, NULL, 1, NULL),
  (235, 122, 17, NULL, 0, NULL),
  (236, 122, 18, NULL, 0, NULL),
  (237, 123, 19, NULL, 1, NULL),
  (238, 123, 20, NULL, 0, NULL),
  (239, 123, 21, NULL, 0, NULL),
  (240, 124, 13, NULL, 1, NULL),
  (241, 124, 14, NULL, 0, NULL),
  (242, 124, 15, NULL, 0, NULL),
  (243, 125, 16, NULL, 1, NULL),
  (244, 125, 17, NULL, 0, NULL),
  (245, 125, 18, NULL, 0, NULL),
  (246, 126, 19, NULL, 1, NULL),
  (247, 126, 20, NULL, 0, NULL),
  (248, 126, 21, NULL, 0, NULL),
  (249, 127, 13, NULL, 1, NULL),
  (250, 127, 14, NULL, 0, NULL),
  (251, 127, 15, NULL, 0, NULL),
  (252, 128, 16, NULL, 1, NULL),
  (253, 128, 17, NULL, 0, NULL),
  (254, 128, 18, NULL, 0, NULL),
  (255, 129, 19, NULL, 1, NULL),
  (256, 129, 20, NULL, 0, NULL),
  (257, 129, 21, NULL, 0, NULL),
  (258, 130, 13, NULL, 1, NULL),
  (259, 130, 14, NULL, 0, NULL),
  (260, 130, 15, NULL, 0, NULL),
  (261, 131, 16, NULL, 1, NULL),
  (262, 131, 17, NULL, 0, NULL),
  (263, 131, 18, NULL, 0, NULL),
  (264, 132, 19, NULL, 1, NULL),
  (265, 132, 20, NULL, 0, NULL),
  (266, 132, 21, NULL, 0, NULL),
  (267, 133, 13, NULL, 1, NULL),
  (268, 133, 14, NULL, 0, NULL),
  (269, 133, 15, NULL, 0, NULL),
  (270, 134, 16, NULL, 1, NULL),
  (271, 134, 17, NULL, 0, NULL),
  (272, 134, 18, NULL, 0, NULL),
  (273, 135, 19, NULL, 1, NULL),
  (274, 135, 20, NULL, 0, NULL),
  (275, 135, 21, NULL, 0, NULL),
  (276, 136, 13, NULL, 1, NULL),
  (277, 136, 14, NULL, 0, NULL),
  (278, 136, 15, NULL, 0, NULL),
  (279, 137, 16, NULL, 1, NULL),
  (280, 137, 17, NULL, 0, NULL),
  (281, 137, 18, NULL, 0, NULL),
  (282, 138, 19, NULL, 1, NULL),
  (283, 138, 20, NULL, 0, NULL),
  (284, 138, 21, NULL, 0, NULL),
  (285, 139, 13, NULL, 1, NULL),
  (286, 139, 14, NULL, 0, NULL),
  (287, 139, 15, NULL, 0, NULL),
  (288, 140, 16, NULL, 1, NULL),
  (289, 140, 17, NULL, 0, NULL),
  (290, 140, 18, NULL, 0, NULL),
  (291, 141, 19, NULL, 1, NULL),
  (292, 141, 20, NULL, 0, NULL),
  (293, 141, 21, NULL, 0, NULL),
  (294, 142, 13, NULL, 1, NULL),
  (295, 142, 14, NULL, 0, NULL),
  (296, 142, 15, NULL, 0, NULL),
  (297, 143, 16, NULL, 1, NULL),
  (298, 143, 17, NULL, 0, NULL),
  (299, 143, 18, NULL, 0, NULL),
  (300, 144, 19, NULL, 1, NULL),
  (301, 144, 20, NULL, 0, NULL),
  (302, 144, 21, NULL, 0, NULL),
  (303, 145, 13, NULL, 1, NULL),
  (304, 145, 14, NULL, 0, NULL),
  (305, 145, 15, NULL, 0, NULL),
  (306, 146, 16, NULL, 1, NULL),
  (307, 146, 17, NULL, 0, NULL),
  (308, 146, 18, NULL, 0, NULL),
  (309, 147, 19, NULL, 1, NULL),
  (310, 147, 20, NULL, 0, NULL),
  (311, 147, 21, NULL, 0, NULL),
  (312, 148, 13, NULL, 1, NULL),
  (313, 148, 14, NULL, 0, NULL),
  (314, 148, 15, NULL, 0, NULL),
  (315, 149, 16, NULL, 1, NULL),
  (316, 149, 17, NULL, 0, NULL),
  (317, 149, 18, NULL, 0, NULL),
  (318, 150, 19, NULL, 1, NULL),
  (319, 150, 20, NULL, 0, NULL),
  (320, 150, 21, NULL, 0, NULL),
  (321, 151, 13, NULL, 1, NULL),
  (322, 151, 14, NULL, 0, NULL),
  (323, 151, 15, NULL, 0, NULL),
  (324, 152, 16, NULL, 1, NULL),
  (325, 152, 17, NULL, 0, NULL),
  (326, 152, 18, NULL, 0, NULL),
  (327, 153, 19, NULL, 1, NULL),
  (328, 153, 20, NULL, 0, NULL),
  (329, 153, 21, NULL, 0, NULL),
  (330, 154, 13, NULL, 1, NULL),
  (331, 154, 14, NULL, 0, NULL),
  (332, 154, 15, NULL, 0, NULL),
  (333, 155, 16, NULL, 1, NULL),
  (334, 155, 17, NULL, 0, NULL),
  (335, 155, 18, NULL, 0, NULL),
  (336, 156, 19, NULL, 1, NULL),
  (337, 156, 20, NULL, 0, NULL),
  (338, 156, 21, NULL, 0, NULL),
  (339, 157, 13, NULL, 1, NULL),
  (340, 157, 14, NULL, 0, NULL),
  (341, 157, 15, NULL, 0, NULL),
  (342, 158, 16, NULL, 1, NULL),
  (343, 158, 17, NULL, 0, NULL),
  (344, 158, 18, NULL, 0, NULL),
  (345, 159, 19, NULL, 1, NULL),
  (346, 159, 20, NULL, 0, NULL),
  (347, 159, 21, NULL, 0, NULL),
  (348, 160, 13, NULL, 1, NULL),
  (349, 160, 14, NULL, 0, NULL),
  (350, 160, 15, NULL, 0, NULL),
  (351, 161, 16, NULL, 1, NULL),
  (352, 161, 17, NULL, 0, NULL),
  (353, 161, 18, NULL, 0, NULL),
  (354, 162, 19, NULL, 1, NULL),
  (355, 162, 20, NULL, 0, NULL),
  (356, 162, 21, NULL, 0, NULL),
  (357, 163, 13, NULL, 1, NULL),
  (358, 163, 14, NULL, 0, NULL),
  (359, 163, 15, NULL, 0, NULL),
  (360, 164, 16, NULL, 1, NULL),
  (361, 164, 17, NULL, 0, NULL),
  (362, 164, 18, NULL, 0, NULL),
  (363, 165, 19, NULL, 1, NULL),
  (364, 165, 20, NULL, 0, NULL),
  (365, 165, 21, NULL, 0, NULL),
  (366, 166, 13, NULL, 1, NULL),
  (367, 166, 14, NULL, 0, NULL),
  (368, 166, 15, NULL, 0, NULL),
  (369, 167, 16, NULL, 1, NULL),
  (370, 167, 17, NULL, 0, NULL),
  (371, 167, 18, NULL, 0, NULL),
  (372, 168, 19, NULL, 1, NULL),
  (373, 168, 20, NULL, 0, NULL),
  (374, 168, 21, NULL, 0, NULL),
  (375, 169, 13, NULL, 1, NULL),
  (376, 169, 14, NULL, 0, NULL),
  (377, 169, 15, NULL, 0, NULL),
  (378, 170, 16, NULL, 1, NULL),
  (379, 170, 17, NULL, 0, NULL),
  (380, 170, 18, NULL, 0, NULL),
  (381, 171, 19, NULL, 1, NULL),
  (382, 171, 20, NULL, 0, NULL),
  (383, 171, 21, NULL, 0, NULL),
  (384, 172, 13, NULL, 1, NULL),
  (385, 172, 14, NULL, 0, NULL),
  (386, 172, 15, NULL, 0, NULL),
  (387, 173, 16, NULL, 1, NULL),
  (388, 173, 17, NULL, 0, NULL),
  (389, 173, 18, NULL, 0, NULL),
  (390, 174, 19, NULL, 1, NULL),
  (391, 174, 20, NULL, 0, NULL),
  (392, 174, 21, NULL, 0, NULL),
  (393, 175, 13, NULL, 1, NULL),
  (394, 175, 14, NULL, 0, NULL),
  (395, 175, 15, NULL, 0, NULL),
  (396, 176, 16, NULL, 1, NULL),
  (397, 176, 17, NULL, 0, NULL),
  (398, 176, 18, NULL, 0, NULL),
  (399, 177, 19, NULL, 1, NULL),
  (400, 177, 20, NULL, 0, NULL),
  (401, 177, 21, NULL, 0, NULL),
  (402, 178, 13, NULL, 1, NULL),
  (403, 178, 14, NULL, 0, NULL),
  (404, 178, 15, NULL, 0, NULL),
  (405, 179, 16, NULL, 1, NULL),
  (406, 179, 17, NULL, 0, NULL),
  (407, 179, 18, NULL, 0, NULL),
  (408, 180, 19, NULL, 1, NULL),
  (409, 180, 20, NULL, 0, NULL),
  (410, 180, 21, NULL, 0, NULL),
  (411, 181, 13, NULL, 1, NULL),
  (412, 181, 14, NULL, 0, NULL),
  (413, 181, 15, NULL, 0, NULL),
  (414, 182, 16, NULL, 1, NULL),
  (415, 182, 17, NULL, 0, NULL),
  (416, 182, 18, NULL, 0, NULL),
  (417, 183, 19, NULL, 1, NULL),
  (418, 183, 20, NULL, 0, NULL),
  (419, 183, 21, NULL, 0, NULL),
  (420, 184, 13, NULL, 1, NULL),
  (421, 184, 14, NULL, 0, NULL),
  (422, 184, 15, NULL, 0, NULL),
  (423, 185, 16, NULL, 1, NULL),
  (424, 185, 17, NULL, 0, NULL),
  (425, 185, 18, NULL, 0, NULL),
  (426, 186, 19, NULL, 1, NULL),
  (427, 186, 20, NULL, 0, NULL),
  (428, 186, 21, NULL, 0, NULL),
  (429, 187, 13, NULL, 1, NULL),
  (430, 187, 14, NULL, 0, NULL),
  (431, 187, 15, NULL, 0, NULL),
  (432, 188, 16, NULL, 1, NULL),
  (433, 188, 17, NULL, 0, NULL),
  (434, 188, 18, NULL, 0, NULL),
  (435, 189, 19, NULL, 1, NULL),
  (436, 189, 20, NULL, 0, NULL),
  (437, 189, 21, NULL, 0, NULL),
  (438, 190, 13, NULL, 1, NULL),
  (439, 190, 14, NULL, 0, NULL),
  (440, 190, 15, NULL, 0, NULL),
  (441, 191, 16, NULL, 1, NULL),
  (442, 191, 17, NULL, 0, NULL),
  (443, 191, 18, NULL, 0, NULL),
  (444, 192, 19, NULL, 1, NULL),
  (445, 192, 20, NULL, 0, NULL),
  (446, 192, 21, NULL, 0, NULL),
  (447, 193, 13, NULL, 1, NULL),
  (448, 193, 14, NULL, 0, NULL),
  (449, 193, 15, NULL, 0, NULL),
  (450, 194, 16, NULL, 1, NULL),
  (451, 194, 17, NULL, 0, NULL),
  (452, 194, 18, NULL, 0, NULL),
  (453, 195, 19, NULL, 1, NULL),
  (454, 195, 20, NULL, 0, NULL),
  (455, 195, 21, NULL, 0, NULL),
  (456, 196, 13, NULL, 1, NULL),
  (457, 196, 14, NULL, 0, NULL),
  (458, 196, 15, NULL, 0, NULL),
  (459, 197, 16, NULL, 1, NULL),
  (460, 197, 17, NULL, 0, NULL),
  (461, 197, 18, NULL, 0, NULL),
  (462, 198, 19, NULL, 1, NULL),
  (463, 198, 20, NULL, 0, NULL),
  (464, 198, 21, NULL, 0, NULL),
  (465, 199, 13, NULL, 1, NULL),
  (466, 199, 14, NULL, 0, NULL),
  (467, 199, 15, NULL, 0, NULL),
  (468, 200, 16, NULL, 1, NULL),
  (469, 200, 17, NULL, 0, NULL),
  (470, 200, 18, NULL, 0, NULL),
  (471, 201, 19, NULL, 1, NULL),
  (472, 201, 20, NULL, 0, NULL),
  (473, 201, 21, NULL, 0, NULL),
  (474, 202, 13, NULL, 1, NULL),
  (475, 202, 14, NULL, 0, NULL),
  (476, 202, 15, NULL, 0, NULL),
  (477, 203, 16, NULL, 1, NULL),
  (478, 203, 17, NULL, 0, NULL),
  (479, 203, 18, NULL, 0, NULL),
  (480, 204, 19, NULL, 1, NULL),
  (481, 204, 20, NULL, 0, NULL),
  (482, 204, 21, NULL, 0, NULL),
  (483, 205, 13, NULL, 1, NULL),
  (484, 205, 14, NULL, 0, NULL),
  (485, 205, 15, NULL, 0, NULL),
  (486, 206, 16, NULL, 1, NULL),
  (487, 206, 17, NULL, 0, NULL),
  (488, 206, 18, NULL, 0, NULL),
  (489, 207, 19, NULL, 1, NULL),
  (490, 207, 20, NULL, 0, NULL),
  (491, 207, 21, NULL, 0, NULL),
  (492, 208, 13, NULL, 1, NULL),
  (493, 208, 14, NULL, 0, NULL),
  (494, 208, 15, NULL, 0, NULL),
  (495, 209, 16, NULL, 1, NULL),
  (496, 209, 17, NULL, 0, NULL),
  (497, 209, 18, NULL, 0, NULL),
  (498, 210, 19, NULL, 1, NULL),
  (499, 210, 20, NULL, 0, NULL),
  (500, 210, 21, NULL, 0, NULL),
  (501, 211, 13, NULL, 1, NULL),
  (502, 211, 14, NULL, 0, NULL),
  (503, 211, 15, NULL, 0, NULL),
  (504, 212, 16, NULL, 1, NULL),
  (505, 212, 17, NULL, 0, NULL),
  (506, 212, 18, NULL, 0, NULL),
  (507, 213, 19, NULL, 1, NULL),
  (508, 213, 20, NULL, 0, NULL),
  (509, 213, 21, NULL, 0, NULL),
  (510, 214, 13, NULL, 1, NULL),
  (511, 214, 14, NULL, 0, NULL),
  (512, 214, 15, NULL, 0, NULL),
  (513, 215, 16, NULL, 1, NULL),
  (514, 215, 17, NULL, 0, NULL),
  (515, 215, 18, NULL, 0, NULL),
  (516, 216, 19, NULL, 1, NULL),
  (517, 216, 20, NULL, 0, NULL),
  (518, 216, 21, NULL, 0, NULL),
  (519, 217, 13, NULL, 1, NULL),
  (520, 217, 14, NULL, 0, NULL),
  (521, 217, 15, NULL, 0, NULL),
  (522, 218, 16, NULL, 1, NULL),
  (523, 218, 17, NULL, 0, NULL),
  (524, 218, 18, NULL, 0, NULL),
  (525, 219, 19, NULL, 1, NULL),
  (526, 219, 20, NULL, 0, NULL),
  (527, 219, 21, NULL, 0, NULL),
  (528, 220, 13, NULL, 1, NULL),
  (529, 220, 14, NULL, 0, NULL),
  (530, 220, 15, NULL, 0, NULL),
  (531, 221, 16, NULL, 1, NULL),
  (532, 221, 17, NULL, 0, NULL),
  (533, 221, 18, NULL, 0, NULL),
  (534, 222, 19, NULL, 1, NULL),
  (535, 222, 20, NULL, 0, NULL),
  (536, 222, 21, NULL, 0, NULL),
  (537, 223, 13, NULL, 1, NULL),
  (538, 223, 14, NULL, 0, NULL),
  (539, 223, 15, NULL, 0, NULL),
  (540, 224, 16, NULL, 1, NULL),
  (541, 224, 17, NULL, 0, NULL),
  (542, 224, 18, NULL, 0, NULL),
  (543, 225, 19, NULL, 1, NULL),
  (544, 225, 20, NULL, 0, NULL),
  (545, 225, 21, NULL, 0, NULL),
  (546, 226, 13, NULL, 1, NULL),
  (547, 226, 14, NULL, 0, NULL),
  (548, 226, 15, NULL, 0, NULL),
  (549, 227, 16, NULL, 1, NULL),
  (550, 227, 17, NULL, 0, NULL),
  (551, 227, 18, NULL, 0, NULL),
  (552, 228, 19, NULL, 1, NULL),
  (553, 228, 20, NULL, 0, NULL),
  (554, 228, 21, NULL, 0, NULL),
  (555, 229, 13, NULL, 1, NULL),
  (556, 229, 14, NULL, 0, NULL),
  (557, 229, 15, NULL, 0, NULL),
  (558, 230, 16, NULL, 1, NULL),
  (559, 230, 17, NULL, 0, NULL),
  (560, 230, 18, NULL, 0, NULL),
  (561, 231, 19, NULL, 1, NULL),
  (562, 231, 20, NULL, 0, NULL),
  (563, 231, 21, NULL, 0, NULL),
  (564, 232, 13, NULL, 1, NULL),
  (565, 232, 14, NULL, 0, NULL),
  (566, 232, 15, NULL, 0, NULL),
  (567, 233, 16, NULL, 1, NULL),
  (568, 233, 17, NULL, 0, NULL),
  (569, 233, 18, NULL, 0, NULL),
  (570, 234, 19, NULL, 1, NULL),
  (571, 234, 20, NULL, 0, NULL),
  (572, 234, 21, NULL, 0, NULL),
  (573, 235, 13, NULL, 1, NULL),
  (574, 235, 14, NULL, 0, NULL),
  (575, 235, 15, NULL, 0, NULL),
  (576, 236, 16, NULL, 1, NULL),
  (577, 236, 17, NULL, 0, NULL),
  (578, 236, 18, NULL, 0, NULL),
  (579, 237, 19, NULL, 1, NULL),
  (580, 237, 20, NULL, 0, NULL),
  (581, 237, 21, NULL, 0, NULL),
  (582, 238, 13, NULL, 1, NULL),
  (583, 238, 14, NULL, 0, NULL),
  (584, 238, 15, NULL, 0, NULL),
  (585, 239, 16, NULL, 1, NULL),
  (586, 239, 17, NULL, 0, NULL),
  (587, 239, 18, NULL, 0, NULL),
  (588, 240, 19, NULL, 1, NULL),
  (589, 240, 20, NULL, 0, NULL),
  (590, 240, 21, NULL, 0, NULL),
  (591, 241, 13, NULL, 1, NULL),
  (592, 241, 14, NULL, 0, NULL),
  (593, 241, 15, NULL, 0, NULL),
  (594, 242, 16, NULL, 1, NULL),
  (595, 242, 17, NULL, 0, NULL),
  (596, 242, 18, NULL, 0, NULL),
  (597, 243, 19, NULL, 1, NULL),
  (598, 243, 20, NULL, 0, NULL),
  (599, 243, 21, NULL, 0, NULL),
  (600, 244, 13, NULL, 1, NULL),
  (601, 244, 14, NULL, 0, NULL),
  (602, 244, 15, NULL, 0, NULL),
  (603, 245, 16, NULL, 1, NULL),
  (604, 245, 17, NULL, 0, NULL),
  (605, 245, 18, NULL, 0, NULL),
  (606, 246, 19, NULL, 1, NULL),
  (607, 246, 20, NULL, 0, NULL),
  (608, 246, 21, NULL, 0, NULL),
  (609, 247, 13, NULL, 1, NULL),
  (610, 247, 14, NULL, 0, NULL),
  (611, 247, 15, NULL, 0, NULL),
  (612, 248, 16, NULL, 1, NULL),
  (613, 248, 17, NULL, 0, NULL),
  (614, 248, 18, NULL, 0, NULL),
  (615, 249, 19, NULL, 1, NULL),
  (616, 249, 20, NULL, 0, NULL),
  (617, 249, 21, NULL, 0, NULL),
  (618, 250, 13, NULL, 1, NULL),
  (619, 250, 14, NULL, 0, NULL),
  (620, 250, 15, NULL, 0, NULL),
  (621, 251, 16, NULL, 1, NULL),
  (622, 251, 17, NULL, 0, NULL),
  (623, 251, 18, NULL, 0, NULL),
  (624, 252, 19, NULL, 1, NULL),
  (625, 252, 20, NULL, 0, NULL),
  (626, 252, 21, NULL, 0, NULL),
  (627, 253, 13, NULL, 1, NULL),
  (628, 253, 14, NULL, 0, NULL),
  (629, 253, 15, NULL, 0, NULL),
  (630, 254, 16, NULL, 1, NULL),
  (631, 254, 17, NULL, 0, NULL),
  (632, 254, 18, NULL, 0, NULL),
  (633, 255, 19, NULL, 1, NULL),
  (634, 255, 20, NULL, 0, NULL),
  (635, 255, 21, NULL, 0, NULL),
  (636, 256, 13, NULL, 1, NULL),
  (637, 256, 14, NULL, 0, NULL),
  (638, 256, 15, NULL, 0, NULL),
  (639, 257, 16, NULL, 1, NULL),
  (640, 257, 17, NULL, 0, NULL),
  (641, 257, 18, NULL, 0, NULL),
  (642, 258, 19, NULL, 1, NULL),
  (643, 258, 20, NULL, 0, NULL),
  (644, 258, 21, NULL, 0, NULL),
  (645, 259, 13, NULL, 1, NULL),
  (646, 259, 14, NULL, 0, NULL),
  (647, 259, 15, NULL, 0, NULL),
  (648, 260, 16, NULL, 1, NULL),
  (649, 260, 17, NULL, 0, NULL),
  (650, 260, 18, NULL, 0, NULL),
  (651, 261, 19, NULL, 1, NULL),
  (652, 261, 20, NULL, 0, NULL),
  (653, 261, 21, NULL, 0, NULL),
  (654, 262, 13, NULL, 1, NULL),
  (655, 262, 14, NULL, 0, NULL),
  (656, 262, 15, NULL, 0, NULL),
  (657, 263, 16, NULL, 1, NULL),
  (658, 263, 17, NULL, 0, NULL),
  (659, 263, 18, NULL, 0, NULL),
  (660, 264, 19, NULL, 1, NULL),
  (661, 264, 20, NULL, 0, NULL),
  (662, 264, 21, NULL, 0, NULL),
  (663, 265, 13, NULL, 1, NULL),
  (664, 265, 14, NULL, 0, NULL),
  (665, 265, 15, NULL, 0, NULL),
  (666, 266, 16, NULL, 1, NULL),
  (667, 266, 17, NULL, 0, NULL),
  (668, 266, 18, NULL, 0, NULL),
  (669, 267, 19, NULL, 1, NULL),
  (670, 267, 20, NULL, 0, NULL),
  (671, 267, 21, NULL, 0, NULL),
  (672, 268, 13, NULL, 1, NULL),
  (673, 268, 14, NULL, 0, NULL),
  (674, 268, 15, NULL, 0, NULL),
  (675, 269, 16, NULL, 1, NULL),
  (676, 269, 17, NULL, 0, NULL),
  (677, 269, 18, NULL, 0, NULL),
  (678, 270, 19, NULL, 1, NULL),
  (679, 270, 20, NULL, 0, NULL),
  (680, 270, 21, NULL, 0, NULL),
  (681, 271, 13, NULL, 1, NULL),
  (682, 271, 14, NULL, 0, NULL),
  (683, 271, 15, NULL, 0, NULL),
  (684, 272, 16, NULL, 1, NULL),
  (685, 272, 17, NULL, 0, NULL),
  (686, 272, 18, NULL, 0, NULL),
  (687, 273, 19, NULL, 1, NULL),
  (688, 273, 20, NULL, 0, NULL),
  (689, 273, 21, NULL, 0, NULL),
  (690, 274, 13, NULL, 1, NULL),
  (691, 274, 14, NULL, 0, NULL),
  (692, 274, 15, NULL, 0, NULL),
  (693, 275, 16, NULL, 1, NULL),
  (694, 275, 17, NULL, 0, NULL),
  (695, 275, 18, NULL, 0, NULL),
  (696, 276, 19, NULL, 1, NULL),
  (697, 276, 20, NULL, 0, NULL),
  (698, 276, 21, NULL, 0, NULL),
  (699, 277, 13, NULL, 1, NULL),
  (700, 277, 14, NULL, 0, NULL),
  (701, 277, 15, NULL, 0, NULL),
  (702, 278, 16, NULL, 1, NULL),
  (703, 278, 17, NULL, 0, NULL),
  (704, 278, 18, NULL, 0, NULL),
  (705, 279, 19, NULL, 1, NULL),
  (706, 279, 20, NULL, 0, NULL),
  (707, 279, 21, NULL, 0, NULL),
  (708, 280, 13, NULL, 1, NULL),
  (709, 280, 14, NULL, 0, NULL),
  (710, 280, 15, NULL, 0, NULL),
  (711, 281, 16, NULL, 1, NULL),
  (712, 281, 17, NULL, 0, NULL),
  (713, 281, 18, NULL, 0, NULL),
  (714, 282, 19, NULL, 1, NULL),
  (715, 282, 20, NULL, 0, NULL),
  (716, 282, 21, NULL, 0, NULL),
  (717, 283, 13, NULL, 1, NULL),
  (718, 283, 14, NULL, 0, NULL),
  (719, 283, 15, NULL, 0, NULL),
  (720, 284, 16, NULL, 1, NULL),
  (721, 284, 17, NULL, 0, NULL),
  (722, 284, 18, NULL, 0, NULL),
  (723, 285, 19, NULL, 1, NULL),
  (724, 285, 20, NULL, 0, NULL),
  (725, 285, 21, NULL, 0, NULL),
  (726, 286, 13, NULL, 1, NULL),
  (727, 286, 14, NULL, 0, NULL),
  (728, 286, 15, NULL, 0, NULL),
  (729, 287, 16, NULL, 1, NULL),
  (730, 287, 17, NULL, 0, NULL),
  (731, 287, 18, NULL, 0, NULL),
  (732, 288, 19, NULL, 1, NULL),
  (733, 288, 20, NULL, 0, NULL),
  (734, 288, 21, NULL, 0, NULL),
  (735, 289, 35, NULL, 1, NULL),
  (736, 289, 36, NULL, 0, NULL),
  (737, 289, 37, NULL, 0, NULL),
  (738, 290, 38, NULL, 1, NULL),
  (739, 290, 39, NULL, 0, NULL),
  (740, 290, 40, NULL, 0, NULL),
  (741, 291, 41, NULL, 1, NULL),
  (742, 291, 42, NULL, 0, NULL),
  (743, 291, 43, NULL, 0, NULL),
  (744, 292, 1, NULL, 0, NULL),
  (745, 292, 2, NULL, 0, NULL),
  (746, 292, 3, NULL, 1, NULL),
  (747, 293, 124, NULL, 0, NULL),
  (748, 293, 125, NULL, 0, NULL),
  (749, 293, 126, NULL, 1, NULL),
  (750, 294, NULL, 67, 0, NULL),
  (751, 294, 6, NULL, 1, NULL),
  (752, 295, NULL, 66, 0, NULL),
  (753, 295, 9, NULL, 1, NULL),
  (754, 296, 10, NULL, 1, NULL),
  (755, 296, 11, NULL, 0, NULL),
  (756, 296, 12, NULL, 0, NULL),
  (757, 297, 13, NULL, 1, NULL),
  (758, 297, 14, NULL, 0, NULL),
  (759, 297, 15, NULL, 0, NULL),
  (760, 298, NULL, NULL, 0, 1),
  (761, 298, 18, NULL, 1, NULL),
  (762, 299, 19, NULL, 1, NULL),
  (763, 299, 20, NULL, 0, NULL),
  (764, 299, 21, NULL, 0, NULL),
  (765, 300, 13, NULL, 1, NULL),
  (766, 300, 14, NULL, 0, NULL),
  (767, 300, 15, NULL, 0, NULL),
  (768, 301, NULL, NULL, 0, 1),
  (769, 301, 18, NULL, 1, NULL),
  (770, 302, 19, NULL, 1, NULL),
  (771, 302, 20, NULL, 0, NULL),
  (772, 302, 21, NULL, 0, NULL),
  (773, 303, 127, NULL, 0, NULL),
  (774, 303, 128, NULL, 0, NULL),
  (775, 303, 129, NULL, 1, NULL),
  (776, 304, 13, NULL, 1, NULL),
  (777, 304, 14, NULL, 0, NULL),
  (778, 304, 15, NULL, 0, NULL),
  (779, 305, NULL, NULL, 0, 1),
  (780, 305, 18, NULL, 1, NULL),
  (781, 306, 19, NULL, 1, NULL),
  (782, 306, 20, NULL, 0, NULL),
  (783, 306, 21, NULL, 0, NULL),
  (784, 307, 13, NULL, 1, NULL),
  (785, 307, 14, NULL, 0, NULL),
  (786, 307, 15, NULL, 0, NULL),
  (787, 308, NULL, NULL, 0, 1),
  (788, 308, 18, NULL, 1, NULL),
  (789, 309, 19, NULL, 1, NULL),
  (790, 309, 20, NULL, 0, NULL),
  (791, 309, 21, NULL, 0, NULL),
  (792, 310, 130, NULL, 0, NULL),
  (793, 310, 131, NULL, 0, NULL),
  (794, 310, 132, NULL, 1, NULL),
  (795, 311, 13, NULL, 1, NULL),
  (796, 311, 14, NULL, 0, NULL),
  (797, 311, 15, NULL, 0, NULL),
  (798, 312, NULL, NULL, 0, 1),
  (799, 312, 18, NULL, 1, NULL),
  (800, 313, 19, NULL, 1, NULL),
  (801, 313, 20, NULL, 0, NULL),
  (802, 313, 21, NULL, 0, NULL),
  (803, 314, 13, NULL, 1, NULL),
  (804, 314, 14, NULL, 0, NULL),
  (805, 314, 15, NULL, 0, NULL),
  (806, 315, NULL, NULL, 0, 1),
  (807, 315, 18, NULL, 1, NULL),
  (808, 316, 19, NULL, 1, NULL),
  (809, 316, 20, NULL, 0, NULL),
  (810, 316, 21, NULL, 0, NULL),
  (811, 317, 13, NULL, 1, NULL),
  (812, 317, 14, NULL, 0, NULL),
  (813, 317, 15, NULL, 0, NULL),
  (814, 318, NULL, NULL, 0, 1),
  (815, 318, 18, NULL, 1, NULL),
  (816, 319, 19, NULL, 1, NULL),
  (817, 319, 20, NULL, 0, NULL),
  (818, 319, 21, NULL, 0, NULL),
  (819, 320, 13, NULL, 1, NULL),
  (820, 320, 14, NULL, 0, NULL),
  (821, 320, 15, NULL, 0, NULL),
  (822, 321, NULL, NULL, 0, 1),
  (823, 321, 18, NULL, 1, NULL),
  (824, 322, 19, NULL, 1, NULL),
  (825, 322, 20, NULL, 0, NULL),
  (826, 322, 21, NULL, 0, NULL),
  (827, 323, 13, NULL, 1, NULL),
  (828, 323, 14, NULL, 0, NULL),
  (829, 323, 15, NULL, 0, NULL),
  (830, 324, NULL, NULL, 0, 1),
  (831, 324, 18, NULL, 1, NULL),
  (832, 325, 19, NULL, 1, NULL),
  (833, 325, 20, NULL, 0, NULL),
  (834, 325, 21, NULL, 0, NULL),
  (835, 326, 13, NULL, 1, NULL),
  (836, 326, 14, NULL, 0, NULL),
  (837, 326, 15, NULL, 0, NULL),
  (838, 327, NULL, NULL, 0, 1),
  (839, 327, 18, NULL, 1, NULL),
  (840, 328, 19, NULL, 1, NULL),
  (841, 328, 20, NULL, 0, NULL),
  (842, 328, 21, NULL, 0, NULL),
  (843, 329, 13, NULL, 1, NULL),
  (844, 329, 14, NULL, 0, NULL),
  (845, 329, 15, NULL, 0, NULL),
  (846, 330, NULL, NULL, 0, 1),
  (847, 330, 18, NULL, 1, NULL),
  (848, 331, 19, NULL, 1, NULL),
  (849, 331, 20, NULL, 0, NULL),
  (850, 331, 21, NULL, 0, NULL),
  (851, 332, 13, NULL, 1, NULL),
  (852, 332, 14, NULL, 0, NULL),
  (853, 332, 15, NULL, 0, NULL),
  (854, 333, NULL, NULL, 0, 1),
  (855, 333, 18, NULL, 1, NULL),
  (856, 334, 19, NULL, 1, NULL),
  (857, 334, 20, NULL, 0, NULL),
  (858, 334, 21, NULL, 0, NULL),
  (859, 335, 13, NULL, 1, NULL),
  (860, 335, 14, NULL, 0, NULL),
  (861, 335, 15, NULL, 0, NULL),
  (862, 336, NULL, NULL, 0, 1),
  (863, 336, 18, NULL, 1, NULL),
  (864, 337, 19, NULL, 1, NULL),
  (865, 337, 20, NULL, 0, NULL),
  (866, 337, 21, NULL, 0, NULL),
  (867, 338, 13, NULL, 1, NULL),
  (868, 338, 14, NULL, 0, NULL),
  (869, 338, 15, NULL, 0, NULL),
  (870, 339, NULL, NULL, 0, 1),
  (871, 339, 18, NULL, 1, NULL),
  (872, 340, 19, NULL, 1, NULL),
  (873, 340, 20, NULL, 0, NULL),
  (874, 340, 21, NULL, 0, NULL),
  (875, 341, 13, NULL, 1, NULL),
  (876, 341, 14, NULL, 0, NULL),
  (877, 341, 15, NULL, 0, NULL),
  (878, 342, NULL, NULL, 0, 1),
  (879, 342, 18, NULL, 1, NULL),
  (880, 343, 19, NULL, 1, NULL),
  (881, 343, 20, NULL, 0, NULL),
  (882, 343, 21, NULL, 0, NULL),
  (883, 344, 13, NULL, 1, NULL),
  (884, 344, 14, NULL, 0, NULL),
  (885, 344, 15, NULL, 0, NULL),
  (886, 345, NULL, NULL, 0, 1),
  (887, 345, 18, NULL, 1, NULL),
  (888, 346, 19, NULL, 1, NULL),
  (889, 346, 20, NULL, 0, NULL),
  (890, 346, 21, NULL, 0, NULL),
  (891, 347, 13, NULL, 1, NULL),
  (892, 347, 14, NULL, 0, NULL),
  (893, 347, 15, NULL, 0, NULL),
  (894, 348, NULL, NULL, 0, 1),
  (895, 348, 18, NULL, 1, NULL),
  (896, 349, 19, NULL, 1, NULL),
  (897, 349, 20, NULL, 0, NULL),
  (898, 349, 21, NULL, 0, NULL),
  (899, 350, 13, NULL, 1, NULL),
  (900, 350, 14, NULL, 0, NULL),
  (901, 350, 15, NULL, 0, NULL),
  (902, 351, NULL, NULL, 0, 1),
  (903, 351, 18, NULL, 1, NULL),
  (904, 352, 19, NULL, 1, NULL),
  (905, 352, 20, NULL, 0, NULL),
  (906, 352, 21, NULL, 0, NULL),
  (907, 353, 13, NULL, 1, NULL),
  (908, 353, 14, NULL, 0, NULL),
  (909, 353, 15, NULL, 0, NULL),
  (910, 354, NULL, NULL, 0, 1),
  (911, 354, 18, NULL, 1, NULL),
  (912, 355, 19, NULL, 1, NULL),
  (913, 355, 20, NULL, 0, NULL),
  (914, 355, 21, NULL, 0, NULL),
  (915, 356, 13, NULL, 1, NULL),
  (916, 356, 14, NULL, 0, NULL),
  (917, 356, 15, NULL, 0, NULL),
  (918, 357, NULL, NULL, 0, 1),
  (919, 357, 18, NULL, 1, NULL),
  (920, 358, 19, NULL, 1, NULL),
  (921, 358, 20, NULL, 0, NULL),
  (922, 358, 21, NULL, 0, NULL),
  (923, 359, 13, NULL, 1, NULL),
  (924, 359, 14, NULL, 0, NULL),
  (925, 359, 15, NULL, 0, NULL),
  (926, 360, NULL, NULL, 0, 1),
  (927, 360, 18, NULL, 1, NULL),
  (928, 361, 19, NULL, 1, NULL),
  (929, 361, 20, NULL, 0, NULL),
  (930, 361, 21, NULL, 0, NULL),
  (931, 362, 13, NULL, 1, NULL),
  (932, 362, 14, NULL, 0, NULL),
  (933, 362, 15, NULL, 0, NULL),
  (934, 363, NULL, NULL, 0, 1),
  (935, 363, 18, NULL, 1, NULL),
  (936, 364, 19, NULL, 1, NULL),
  (937, 364, 20, NULL, 0, NULL),
  (938, 364, 21, NULL, 0, NULL),
  (939, 365, 133, NULL, 0, NULL),
  (940, 365, 134, NULL, 0, NULL),
  (941, 365, 135, NULL, 1, NULL),
  (942, 366, 13, NULL, 1, NULL),
  (943, 366, 14, NULL, 0, NULL),
  (944, 366, 15, NULL, 0, NULL),
  (945, 367, NULL, NULL, 0, 1),
  (946, 367, 18, NULL, 1, NULL),
  (947, 368, 19, NULL, 1, NULL),
  (948, 368, 20, NULL, 0, NULL),
  (949, 368, 21, NULL, 0, NULL),
  (950, 369, 136, NULL, 0, NULL),
  (951, 369, 137, NULL, 0, NULL),
  (952, 369, 138, NULL, 1, NULL),
  (953, 370, 13, NULL, 1, NULL),
  (954, 370, 14, NULL, 0, NULL),
  (955, 370, 15, NULL, 0, NULL),
  (956, 371, NULL, NULL, 0, 1),
  (957, 371, 18, NULL, 1, NULL),
  (958, 372, 19, NULL, 1, NULL),
  (959, 372, 20, NULL, 0, NULL),
  (960, 372, 21, NULL, 0, NULL),
  (961, 373, 13, NULL, 1, NULL),
  (962, 373, 14, NULL, 0, NULL),
  (963, 373, 15, NULL, 0, NULL),
  (964, 374, NULL, NULL, 0, 1),
  (965, 374, 18, NULL, 1, NULL),
  (966, 375, 19, NULL, 1, NULL),
  (967, 375, 20, NULL, 0, NULL),
  (968, 375, 21, NULL, 0, NULL),
  (969, 376, 13, NULL, 1, NULL),
  (970, 376, 14, NULL, 0, NULL),
  (971, 376, 15, NULL, 0, NULL),
  (972, 377, NULL, NULL, 0, 1),
  (973, 377, 18, NULL, 1, NULL),
  (974, 378, 19, NULL, 1, NULL),
  (975, 378, 20, NULL, 0, NULL),
  (976, 378, 21, NULL, 0, NULL),
  (977, 379, 13, NULL, 1, NULL),
  (978, 379, 14, NULL, 0, NULL),
  (979, 379, 15, NULL, 0, NULL),
  (980, 380, NULL, NULL, 0, 1),
  (981, 380, 18, NULL, 1, NULL),
  (982, 381, 19, NULL, 1, NULL),
  (983, 381, 20, NULL, 0, NULL),
  (984, 381, 21, NULL, 0, NULL),
  (985, 382, 13, NULL, 1, NULL),
  (986, 382, 14, NULL, 0, NULL),
  (987, 382, 15, NULL, 0, NULL),
  (988, 383, NULL, NULL, 0, 1),
  (989, 383, 18, NULL, 1, NULL),
  (990, 384, 19, NULL, 1, NULL),
  (991, 384, 20, NULL, 0, NULL),
  (992, 384, 21, NULL, 0, NULL),
  (993, 385, 13, NULL, 1, NULL),
  (994, 385, 14, NULL, 0, NULL),
  (995, 385, 15, NULL, 0, NULL),
  (996, 386, NULL, NULL, 0, 1),
  (997, 386, 18, NULL, 1, NULL),
  (998, 387, 19, NULL, 1, NULL),
  (999, 387, 20, NULL, 0, NULL),
  (1000, 387, 21, NULL, 0, NULL),
  (1001, 388, 13, NULL, 1, NULL),
  (1002, 388, 14, NULL, 0, NULL),
  (1003, 388, 15, NULL, 0, NULL),
  (1004, 389, NULL, NULL, 0, 1),
  (1005, 389, 18, NULL, 1, NULL),
  (1006, 390, 19, NULL, 1, NULL),
  (1007, 390, 20, NULL, 0, NULL),
  (1008, 390, 21, NULL, 0, NULL),
  (1009, 391, 139, NULL, 0, NULL),
  (1010, 391, 140, NULL, 0, NULL),
  (1011, 391, 141, NULL, 1, NULL),
  (1012, 392, 22, NULL, 0, NULL),
  (1013, 392, 23, NULL, 0, NULL),
  (1014, 392, 24, NULL, 1, NULL),
  (1015, 393, 25, NULL, 1, NULL),
  (1016, 394, 142, NULL, 0, NULL),
  (1017, 394, 143, NULL, 0, NULL),
  (1018, 394, 144, NULL, 1, NULL),
  (1019, 395, 145, NULL, 0, NULL),
  (1020, 395, 146, NULL, 0, NULL),
  (1021, 395, 147, NULL, 1, NULL),
  (1022, 396, 13, NULL, 1, NULL),
  (1023, 396, 14, NULL, 0, NULL),
  (1024, 396, 15, NULL, 0, NULL),
  (1025, 397, NULL, NULL, 0, 1),
  (1026, 397, 18, NULL, 1, NULL),
  (1027, 398, 19, NULL, 1, NULL),
  (1028, 398, 20, NULL, 0, NULL),
  (1029, 398, 21, NULL, 0, NULL),
  (1030, 399, 35, NULL, 1, NULL),
  (1031, 399, 36, NULL, 0, NULL),
  (1032, 399, 37, NULL, 0, NULL),
  (1033, 400, 38, NULL, 1, NULL),
  (1034, 400, 39, NULL, 0, NULL),
  (1035, 400, 40, NULL, 0, NULL),
  (1036, 401, 41, NULL, 1, NULL),
  (1037, 401, 42, NULL, 0, NULL),
  (1038, 401, 43, NULL, 0, NULL),
  (1039, 402, 148, NULL, 0, NULL),
  (1040, 402, 149, NULL, 0, NULL),
  (1041, 402, 150, NULL, 1, NULL),
  (1042, 403, 35, NULL, 1, NULL),
  (1043, 403, 36, NULL, 0, NULL),
  (1044, 403, 37, NULL, 0, NULL),
  (1045, 404, 38, NULL, 1, NULL),
  (1046, 404, 39, NULL, 0, NULL),
  (1047, 404, 40, NULL, 0, NULL),
  (1048, 405, 41, NULL, 1, NULL),
  (1049, 405, 42, NULL, 0, NULL),
  (1050, 405, 43, NULL, 0, NULL),
  (1051, 406, 151, NULL, 1, NULL),
  (1052, 406, 152, NULL, 0, NULL),
  (1053, 406, 153, NULL, 0, NULL),
  (1054, 406, 154, NULL, 0, NULL),
  (1055, 406, 155, NULL, 0, NULL),
  (1056, 406, 156, NULL, 0, NULL),
  (1057, 406, 157, NULL, 0, NULL),
  (1058, 407, 158, NULL, 0, NULL),
  (1059, 407, 159, NULL, 0, NULL),
  (1060, 407, 160, NULL, 1, NULL),
  (1061, 408, 161, NULL, 1, NULL),
  (1062, 408, 162, NULL, 0, NULL),
  (1063, 408, 163, NULL, 0, NULL),
  (1064, 408, NULL, 32, 0, NULL),
  (1065, 409, NULL, 71, 0, NULL),
  (1066, 409, 46, NULL, 1, NULL),
  (1067, 410, 164, NULL, 0, NULL),
  (1068, 410, 165, NULL, 0, NULL),
  (1069, 410, 166, NULL, 1, NULL),
  (1070, 411, 167, NULL, 0, NULL),
  (1071, 411, 168, NULL, 0, NULL),
  (1072, 411, 169, NULL, 1, NULL),
  (1073, 412, 59, NULL, 0, NULL),
  (1074, 412, 60, NULL, 0, NULL),
  (1075, 412, 61, NULL, 1, NULL),
  (1076, 413, 170, NULL, 0, NULL),
  (1077, 413, 171, NULL, 0, NULL),
  (1078, 413, 172, NULL, 1, NULL),
  (1079, 414, NULL, 71, 0, NULL),
  (1080, 414, 46, NULL, 1, NULL),
  (1081, 415, NULL, 69, 0, NULL),
  (1082, 415, 99, NULL, 1, NULL),
  (1083, 416, 173, NULL, 0, NULL),
  (1084, 416, 174, NULL, 0, NULL),
  (1085, 416, 175, NULL, 1, NULL),
  (1086, 417, NULL, 69, 0, NULL),
  (1087, 417, 99, NULL, 1, NULL),
  (1088, 418, 176, NULL, 0, NULL),
  (1089, 418, 177, NULL, 1, NULL),
  (1090, 418, 178, NULL, 0, NULL),
  (1091, 419, 179, NULL, 0, NULL),
  (1092, 419, 180, NULL, 0, NULL),
  (1093, 419, 181, NULL, 1, NULL),
  (1094, 420, 182, NULL, 0, NULL),
  (1095, 420, 183, NULL, 0, NULL),
  (1096, 420, 184, NULL, 1, NULL),
  (1097, 422, NULL, 69, 0, NULL),
  (1098, 422, 49, NULL, 1, NULL),
  (1099, 423, 185, NULL, 0, NULL),
  (1100, 423, 186, NULL, 0, NULL),
  (1101, 423, 187, NULL, 1, NULL),
  (1102, 424, 188, NULL, 0, NULL),
  (1103, 424, 189, NULL, 0, NULL),
  (1104, 424, 190, NULL, 1, NULL),
  (1105, 425, NULL, 69, 0, NULL),
  (1106, 425, 99, NULL, 1, NULL),
  (1107, 426, 191, NULL, 0, NULL),
  (1108, 426, 192, NULL, 1, NULL),
  (1109, 426, 193, NULL, 0, NULL),
  (1110, 427, 194, NULL, 0, NULL),
  (1111, 427, 195, NULL, 1, NULL),
  (1112, 427, 196, NULL, 0, NULL),
  (1113, 428, 197, NULL, 1, NULL),
  (1114, 428, 198, NULL, 0, NULL),
  (1115, 428, 199, NULL, 0, NULL),
  (1116, 428, 200, NULL, 0, NULL),
  (1117, 428, 201, NULL, 0, NULL),
  (1118, 428, 202, NULL, 0, NULL),
  (1119, 428, 203, NULL, 0, NULL),
  (1120, 428, 204, NULL, 0, NULL),
  (1121, 428, 205, NULL, 0, NULL),
  (1122, 429, 206, NULL, 0, NULL),
  (1123, 429, 207, NULL, 1, NULL),
  (1124, 429, 208, NULL, 0, NULL),
  (1125, 430, 97, NULL, 0, NULL),
  (1126, 430, 98, NULL, 0, NULL),
  (1127, 430, 99, NULL, 1, NULL),
  (1128, 431, 209, NULL, 0, NULL),
  (1129, 431, 210, NULL, 1, NULL),
  (1130, 431, 211, NULL, 0, NULL),
  (1131, 432, 212, NULL, 0, NULL),
  (1132, 432, 213, NULL, 1, NULL),
  (1133, 432, 214, NULL, 0, NULL),
  (1134, 433, 215, NULL, 0, NULL),
  (1135, 433, 216, NULL, 0, NULL),
  (1136, 433, 217, NULL, 1, NULL),
  (1137, 433, NULL, 60, 0, NULL),
  (1138, 434, 218, NULL, 0, NULL),
  (1139, 434, 219, NULL, 1, NULL),
  (1140, 434, 220, NULL, 0, NULL),
  (1141, 436, NULL, 69, 0, NULL),
  (1142, 436, 49, NULL, 1, NULL),
  (1143, 437, 221, NULL, 1, NULL),
  (1144, 438, 13, NULL, 1, NULL),
  (1145, 438, 14, NULL, 0, NULL),
  (1146, 438, 15, NULL, 0, NULL),
  (1147, 439, NULL, NULL, 0, 1),
  (1148, 439, 18, NULL, 1, NULL),
  (1149, 440, 19, NULL, 1, NULL),
  (1150, 440, 20, NULL, 0, NULL),
  (1151, 440, 21, NULL, 0, NULL),
  (1152, 441, NULL, 67, 0, NULL),
  (1153, 441, 6, NULL, 1, NULL),
  (1154, 442, NULL, 66, 0, NULL),
  (1155, 442, 9, NULL, 1, NULL),
  (1156, 443, 10, NULL, 1, NULL),
  (1157, 443, 11, NULL, 0, NULL),
  (1158, 443, 12, NULL, 0, NULL),
  (1159, 444, 222, NULL, 0, NULL),
  (1160, 444, 223, NULL, 0, NULL),
  (1161, 444, 224, NULL, 1, NULL),
  (1162, 445, 225, NULL, 0, NULL),
  (1163, 445, 226, NULL, 0, NULL),
  (1164, 445, 227, NULL, 1, NULL),
  (1165, 446, 228, NULL, 0, NULL),
  (1166, 446, 229, NULL, 0, NULL),
  (1167, 446, 230, NULL, 1, NULL),
  (1168, 446, NULL, 58, 0, NULL),
  (1169, 447, 231, NULL, 0, NULL),
  (1170, 447, 232, NULL, 1, NULL),
  (1171, 447, 233, NULL, 0, NULL),
  (1172, 448, 234, NULL, 0, NULL),
  (1173, 448, 235, NULL, 1, NULL),
  (1174, 448, 236, NULL, 0, NULL),
  (1175, 449, 237, NULL, 0, NULL),
  (1176, 449, 238, NULL, 1, NULL),
  (1177, 449, 239, NULL, 0, NULL),
  (1178, 450, 13, NULL, 1, NULL),
  (1179, 450, 14, NULL, 0, NULL),
  (1180, 450, 15, NULL, 0, NULL),
  (1181, 451, NULL, NULL, 0, 1),
  (1182, 451, 18, NULL, 1, NULL),
  (1183, 452, 19, NULL, 1, NULL),
  (1184, 452, 20, NULL, 0, NULL),
  (1185, 452, 21, NULL, 0, NULL),
  (1186, 453, 240, NULL, 1, NULL),
  (1187, 453, 241, NULL, 0, NULL),
  (1188, 453, 242, NULL, 0, NULL),
  (1189, 453, 243, NULL, 0, NULL),
  (1190, 453, 244, NULL, 0, NULL),
  (1191, 453, 245, NULL, 0, NULL),
  (1192, 453, 246, NULL, 0, NULL),
  (1193, 454, 247, NULL, 0, NULL),
  (1194, 454, 248, NULL, 0, NULL),
  (1195, 454, 249, NULL, 0, NULL),
  (1196, 454, 250, NULL, 0, NULL),
  (1197, 454, 251, NULL, 0, NULL),
  (1198, 454, 252, NULL, 0, NULL),
  (1199, 454, 253, NULL, 0, NULL),
  (1200, 454, 254, NULL, 1, NULL),
  (1201, 454, 255, NULL, 0, NULL),
  (1202, 454, 256, NULL, 0, NULL),
  (1203, 455, 257, NULL, 0, NULL),
  (1204, 455, 258, NULL, 0, NULL),
  (1205, 455, 259, NULL, 1, NULL),
  (1206, 456, 260, NULL, 0, NULL),
  (1207, 456, 261, NULL, 0, NULL),
  (1208, 456, 262, NULL, 1, NULL),
  (1209, 457, 263, NULL, 0, NULL),
  (1210, 457, 264, NULL, 0, NULL),
  (1211, 457, 265, NULL, 1, NULL),
  (1212, 458, 266, NULL, 0, NULL),
  (1213, 458, 267, NULL, 0, NULL),
  (1214, 458, 268, NULL, 0, NULL),
  (1215, 458, 269, NULL, 0, NULL),
  (1216, 458, 270, NULL, 0, NULL),
  (1217, 458, 271, NULL, 0, NULL),
  (1218, 458, 272, NULL, 0, NULL),
  (1219, 458, 273, NULL, 1, NULL),
  (1220, 458, 274, NULL, 0, NULL),
  (1221, 458, 275, NULL, 0, NULL),
  (1222, 459, 276, NULL, 0, NULL),
  (1223, 459, 277, NULL, 0, NULL),
  (1224, 459, 278, NULL, 0, NULL),
  (1225, 459, 279, NULL, 0, NULL),
  (1226, 459, 280, NULL, 0, NULL),
  (1227, 459, 281, NULL, 0, NULL),
  (1228, 459, 282, NULL, 0, NULL),
  (1229, 459, 283, NULL, 1, NULL),
  (1230, 459, 284, NULL, 0, NULL),
  (1231, 459, 285, NULL, 0, NULL),
  (1232, 460, 13, NULL, 1, NULL),
  (1233, 460, 14, NULL, 0, NULL),
  (1234, 460, 15, NULL, 0, NULL),
  (1235, 461, NULL, NULL, 0, 1),
  (1236, 461, 18, NULL, 1, NULL),
  (1237, 462, 19, NULL, 1, NULL),
  (1238, 462, 20, NULL, 0, NULL),
  (1239, 462, 21, NULL, 0, NULL),
  (1240, 463, 13, NULL, 1, NULL),
  (1241, 463, 14, NULL, 0, NULL),
  (1242, 463, 15, NULL, 0, NULL),
  (1243, 464, NULL, NULL, 0, 1),
  (1244, 464, 18, NULL, 1, NULL),
  (1245, 465, 19, NULL, 1, NULL),
  (1246, 465, 20, NULL, 0, NULL),
  (1247, 465, 21, NULL, 0, NULL),
  (1248, 466, 13, NULL, 1, NULL),
  (1249, 466, 14, NULL, 0, NULL),
  (1250, 466, 15, NULL, 0, NULL),
  (1251, 467, NULL, NULL, 0, 1),
  (1252, 467, 18, NULL, 1, NULL),
  (1253, 468, 19, NULL, 1, NULL),
  (1254, 468, 20, NULL, 0, NULL),
  (1255, 468, 21, NULL, 0, NULL),
  (1256, 469, 13, NULL, 1, NULL),
  (1257, 469, 14, NULL, 0, NULL),
  (1258, 469, 15, NULL, 0, NULL),
  (1259, 470, NULL, NULL, 0, 1),
  (1260, 470, 18, NULL, 1, NULL),
  (1261, 471, 19, NULL, 1, NULL),
  (1262, 471, 20, NULL, 0, NULL),
  (1263, 471, 21, NULL, 0, NULL),
  (1264, 472, 13, NULL, 1, NULL),
  (1265, 472, 14, NULL, 0, NULL),
  (1266, 472, 15, NULL, 0, NULL),
  (1267, 473, NULL, NULL, 0, 1),
  (1268, 473, 18, NULL, 1, NULL),
  (1269, 474, 19, NULL, 1, NULL),
  (1270, 474, 20, NULL, 0, NULL),
  (1271, 474, 21, NULL, 0, NULL),
  (1272, 475, 13, NULL, 1, NULL),
  (1273, 475, 14, NULL, 0, NULL),
  (1274, 475, 15, NULL, 0, NULL),
  (1275, 476, NULL, NULL, 0, 1),
  (1276, 476, 18, NULL, 1, NULL),
  (1277, 477, 19, NULL, 1, NULL),
  (1278, 477, 20, NULL, 0, NULL),
  (1279, 477, 21, NULL, 0, NULL),
  (1280, 478, 13, NULL, 1, NULL),
  (1281, 478, 14, NULL, 0, NULL),
  (1282, 478, 15, NULL, 0, NULL),
  (1283, 479, NULL, NULL, 0, 1),
  (1284, 479, 18, NULL, 1, NULL),
  (1285, 480, 19, NULL, 1, NULL),
  (1286, 480, 20, NULL, 0, NULL),
  (1287, 480, 21, NULL, 0, NULL),
  (1288, 481, 13, NULL, 1, NULL),
  (1289, 481, 14, NULL, 0, NULL),
  (1290, 481, 15, NULL, 0, NULL),
  (1291, 482, NULL, NULL, 0, 1),
  (1292, 482, 18, NULL, 1, NULL),
  (1293, 483, 19, NULL, 1, NULL),
  (1294, 483, 20, NULL, 0, NULL),
  (1295, 483, 21, NULL, 0, NULL),
  (1296, 484, 13, NULL, 1, NULL),
  (1297, 484, 14, NULL, 0, NULL),
  (1298, 484, 15, NULL, 0, NULL),
  (1299, 485, NULL, NULL, 0, 1),
  (1300, 485, 18, NULL, 1, NULL),
  (1301, 486, 19, NULL, 1, NULL),
  (1302, 486, 20, NULL, 0, NULL),
  (1303, 486, 21, NULL, 0, NULL),
  (1304, 487, 13, NULL, 1, NULL),
  (1305, 487, 14, NULL, 0, NULL),
  (1306, 487, 15, NULL, 0, NULL),
  (1307, 488, NULL, NULL, 0, 1),
  (1308, 488, 18, NULL, 1, NULL),
  (1309, 489, 19, NULL, 1, NULL),
  (1310, 489, 20, NULL, 0, NULL),
  (1311, 489, 21, NULL, 0, NULL),
  (1312, 490, 13, NULL, 1, NULL),
  (1313, 490, 14, NULL, 0, NULL),
  (1314, 490, 15, NULL, 0, NULL),
  (1315, 491, NULL, NULL, 0, 1),
  (1316, 491, 18, NULL, 1, NULL),
  (1317, 492, 19, NULL, 1, NULL),
  (1318, 492, 20, NULL, 0, NULL),
  (1319, 492, 21, NULL, 0, NULL),
  (1320, 493, 13, NULL, 1, NULL),
  (1321, 493, 14, NULL, 0, NULL),
  (1322, 493, 15, NULL, 0, NULL),
  (1323, 494, NULL, NULL, 0, 1),
  (1324, 494, 18, NULL, 1, NULL),
  (1325, 495, 19, NULL, 1, NULL),
  (1326, 495, 20, NULL, 0, NULL),
  (1327, 495, 21, NULL, 0, NULL),
  (1328, 496, 13, NULL, 1, NULL),
  (1329, 496, 14, NULL, 0, NULL),
  (1330, 496, 15, NULL, 0, NULL),
  (1331, 497, NULL, NULL, 0, 1),
  (1332, 497, 18, NULL, 1, NULL),
  (1333, 498, 19, NULL, 1, NULL),
  (1334, 498, 20, NULL, 0, NULL),
  (1335, 498, 21, NULL, 0, NULL),
  (1336, 499, 13, NULL, 1, NULL),
  (1337, 499, 14, NULL, 0, NULL),
  (1338, 499, 15, NULL, 0, NULL),
  (1339, 500, NULL, NULL, 0, 1),
  (1340, 500, 18, NULL, 1, NULL),
  (1341, 501, 19, NULL, 1, NULL),
  (1342, 501, 20, NULL, 0, NULL),
  (1343, 501, 21, NULL, 0, NULL),
  (1344, 502, 13, NULL, 1, NULL),
  (1345, 502, 14, NULL, 0, NULL),
  (1346, 502, 15, NULL, 0, NULL),
  (1347, 503, NULL, NULL, 0, 1),
  (1348, 503, 18, NULL, 1, NULL),
  (1349, 504, 19, NULL, 1, NULL),
  (1350, 504, 20, NULL, 0, NULL),
  (1351, 504, 21, NULL, 0, NULL),
  (1352, 505, 13, NULL, 1, NULL),
  (1353, 505, 14, NULL, 0, NULL),
  (1354, 505, 15, NULL, 0, NULL),
  (1355, 506, NULL, NULL, 0, 1),
  (1356, 506, 18, NULL, 1, NULL),
  (1357, 507, 19, NULL, 1, NULL),
  (1358, 507, 20, NULL, 0, NULL),
  (1359, 507, 21, NULL, 0, NULL),
  (1360, 508, 13, NULL, 1, NULL),
  (1361, 508, 14, NULL, 0, NULL),
  (1362, 508, 15, NULL, 0, NULL),
  (1363, 509, NULL, NULL, 0, 1),
  (1364, 509, 18, NULL, 1, NULL),
  (1365, 510, 19, NULL, 1, NULL),
  (1366, 510, 20, NULL, 0, NULL),
  (1367, 510, 21, NULL, 0, NULL),
  (1368, 511, 13, NULL, 1, NULL),
  (1369, 511, 14, NULL, 0, NULL),
  (1370, 511, 15, NULL, 0, NULL),
  (1371, 512, NULL, NULL, 0, 1),
  (1372, 512, 18, NULL, 1, NULL),
  (1373, 513, 19, NULL, 1, NULL),
  (1374, 513, 20, NULL, 0, NULL),
  (1375, 513, 21, NULL, 0, NULL),
  (1376, 514, 13, NULL, 1, NULL),
  (1377, 514, 14, NULL, 0, NULL),
  (1378, 514, 15, NULL, 0, NULL),
  (1379, 515, NULL, NULL, 0, 1),
  (1380, 515, 18, NULL, 1, NULL),
  (1381, 516, 19, NULL, 1, NULL),
  (1382, 516, 20, NULL, 0, NULL),
  (1383, 516, 21, NULL, 0, NULL),
  (1384, 517, 13, NULL, 1, NULL),
  (1385, 517, 14, NULL, 0, NULL),
  (1386, 517, 15, NULL, 0, NULL),
  (1387, 518, NULL, NULL, 0, 1),
  (1388, 518, 18, NULL, 1, NULL),
  (1389, 519, 19, NULL, 1, NULL),
  (1390, 519, 20, NULL, 0, NULL),
  (1391, 519, 21, NULL, 0, NULL),
  (1392, 520, 13, NULL, 1, NULL),
  (1393, 520, 14, NULL, 0, NULL),
  (1394, 520, 15, NULL, 0, NULL),
  (1395, 521, NULL, NULL, 0, 1),
  (1396, 521, 18, NULL, 1, NULL),
  (1397, 522, 19, NULL, 1, NULL),
  (1398, 522, 20, NULL, 0, NULL),
  (1399, 522, 21, NULL, 0, NULL),
  (1400, 523, 13, NULL, 1, NULL),
  (1401, 523, 14, NULL, 0, NULL),
  (1402, 523, 15, NULL, 0, NULL),
  (1403, 524, NULL, NULL, 0, 1),
  (1404, 524, 18, NULL, 1, NULL),
  (1405, 525, 19, NULL, 1, NULL),
  (1406, 525, 20, NULL, 0, NULL),
  (1407, 525, 21, NULL, 0, NULL),
  (1408, 526, 13, NULL, 1, NULL),
  (1409, 526, 14, NULL, 0, NULL),
  (1410, 526, 15, NULL, 0, NULL),
  (1411, 527, NULL, NULL, 0, 1),
  (1412, 527, 18, NULL, 1, NULL),
  (1413, 528, 19, NULL, 1, NULL),
  (1414, 528, 20, NULL, 0, NULL),
  (1415, 528, 21, NULL, 0, NULL);

SET FOREIGN_KEY_CHECKS = 1;